-- // 0_0_1 Load Entidad TipoDato
-- Migration SQL that makes the change goes here.

-- Tipos de Dato - Simples
INSERT INTO tbl_tipo_dato_tpdt (tpdt_pk, tpdt_tipo_html, tpdt_tipo_elemento, tpdt_enti_pk, tpdt_codigo, tpdt_nombre) VALUES (41000, 'CB', 'BO', NULL , 'BOOLEANO_01', 'Booleano 01')
/
INSERT INTO tbl_tipo_dato_tpdt (tpdt_pk, tpdt_tipo_html, tpdt_tipo_elemento, tpdt_enti_pk, tpdt_codigo, tpdt_nombre) VALUES (41001, 'CB', 'BO', NULL , 'BOOLEANO_02', 'Booleano 02')
/
INSERT INTO tbl_tipo_dato_tpdt (tpdt_pk, tpdt_tipo_html, tpdt_tipo_elemento, tpdt_enti_pk, tpdt_codigo, tpdt_nombre) VALUES (41002, 'CB', 'BO', NULL , 'BOOLEANO_03', 'Booleano 03')
/
INSERT INTO tbl_tipo_dato_tpdt (tpdt_pk, tpdt_tipo_html, tpdt_tipo_elemento, tpdt_enti_pk, tpdt_codigo, tpdt_nombre) VALUES (41003, 'CB', 'BO', NULL , 'BOOLEANO_04', 'Booleano 04')
/
INSERT INTO tbl_tipo_dato_tpdt (tpdt_pk, tpdt_tipo_html, tpdt_tipo_elemento, tpdt_enti_pk, tpdt_codigo, tpdt_nombre) VALUES (41004, 'CB', 'BO', NULL , 'BOOLEANO_05', 'Booleano 05')
/
INSERT INTO tbl_tipo_dato_tpdt (tpdt_pk, tpdt_tipo_html, tpdt_tipo_elemento, tpdt_enti_pk, tpdt_codigo, tpdt_nombre) VALUES (41005, 'CB', 'BO', NULL , 'BOOLEANO_06', 'Booleano 06')
/
INSERT INTO tbl_tipo_dato_tpdt (tpdt_pk, tpdt_tipo_html, tpdt_tipo_elemento, tpdt_enti_pk, tpdt_codigo, tpdt_nombre) VALUES (41006, 'CB', 'BO', NULL , 'BOOLEANO_07', 'Booleano 07')
/
INSERT INTO tbl_tipo_dato_tpdt (tpdt_pk, tpdt_tipo_html, tpdt_tipo_elemento, tpdt_enti_pk, tpdt_codigo, tpdt_nombre) VALUES (41007, 'CB', 'BO', NULL , 'BOOLEANO_08', 'Booleano 08')
/
INSERT INTO tbl_tipo_dato_tpdt (tpdt_pk, tpdt_tipo_html, tpdt_tipo_elemento, tpdt_enti_pk, tpdt_codigo, tpdt_nombre) VALUES (41008, 'CB', 'BO', NULL , 'BOOLEANO_09', 'Booleano 09')
/
INSERT INTO tbl_tipo_dato_tpdt (tpdt_pk, tpdt_tipo_html, tpdt_tipo_elemento, tpdt_enti_pk, tpdt_codigo, tpdt_nombre) VALUES (41009, 'CB', 'BO', NULL , 'BOOLEANO_10', 'Booleano 10')
/
INSERT INTO tbl_tipo_dato_tpdt (tpdt_pk, tpdt_tipo_html, tpdt_tipo_elemento, tpdt_enti_pk, tpdt_codigo, tpdt_nombre) VALUES (41010, 'CB', 'BO', NULL , 'BOOLEANO_11', 'Booleano 11')
/
INSERT INTO tbl_tipo_dato_tpdt (tpdt_pk, tpdt_tipo_html, tpdt_tipo_elemento, tpdt_enti_pk, tpdt_codigo, tpdt_nombre) VALUES (41011, 'CB', 'BO', NULL , 'BOOLEANO_12', 'Booleano 12')
/
INSERT INTO tbl_tipo_dato_tpdt (tpdt_pk, tpdt_tipo_html, tpdt_tipo_elemento, tpdt_enti_pk, tpdt_codigo, tpdt_nombre) VALUES (41012, 'CB', 'BO', NULL , 'BOOLEANO_13', 'Booleano 13')
/
INSERT INTO tbl_tipo_dato_tpdt (tpdt_pk, tpdt_tipo_html, tpdt_tipo_elemento, tpdt_enti_pk, tpdt_codigo, tpdt_nombre) VALUES (41013, 'CB', 'BO', NULL , 'BOOLEANO_14', 'Booleano 14')
/
INSERT INTO tbl_tipo_dato_tpdt (tpdt_pk, tpdt_tipo_html, tpdt_tipo_elemento, tpdt_enti_pk, tpdt_codigo, tpdt_nombre) VALUES (41014, 'CB', 'BO', NULL , 'BOOLEANO_15', 'Booleano 15')
/
INSERT INTO tbl_tipo_dato_tpdt (tpdt_pk, tpdt_tipo_html, tpdt_tipo_elemento, tpdt_enti_pk, tpdt_codigo, tpdt_nombre) VALUES (41015, 'CB', 'BO', NULL , 'BOOLEANO_16', 'Booleano 16')
/
INSERT INTO tbl_tipo_dato_tpdt (tpdt_pk, tpdt_tipo_html, tpdt_tipo_elemento, tpdt_enti_pk, tpdt_codigo, tpdt_nombre) VALUES (41016, 'CB', 'BO', NULL , 'BOOLEANO_17', 'Booleano 17')
/
INSERT INTO tbl_tipo_dato_tpdt (tpdt_pk, tpdt_tipo_html, tpdt_tipo_elemento, tpdt_enti_pk, tpdt_codigo, tpdt_nombre) VALUES (41017, 'CB', 'BO', NULL , 'BOOLEANO_18', 'Booleano 18')
/
INSERT INTO tbl_tipo_dato_tpdt (tpdt_pk, tpdt_tipo_html, tpdt_tipo_elemento, tpdt_enti_pk, tpdt_codigo, tpdt_nombre) VALUES (41018, 'CB', 'BO', NULL , 'BOOLEANO_19', 'Booleano 19')
/
INSERT INTO tbl_tipo_dato_tpdt (tpdt_pk, tpdt_tipo_html, tpdt_tipo_elemento, tpdt_enti_pk, tpdt_codigo, tpdt_nombre) VALUES (41019, 'CB', 'BO', NULL , 'BOOLEANO_20', 'Booleano 20')
/

INSERT INTO tbl_tipo_dato_tpdt (tpdt_pk, tpdt_tipo_html, tpdt_tipo_elemento, tpdt_enti_pk, tpdt_codigo, tpdt_nombre) VALUES (41020,  'T', 'TX', NULL , 'CADENA_01', 'Cadena 01')
/
INSERT INTO tbl_tipo_dato_tpdt (tpdt_pk, tpdt_tipo_html, tpdt_tipo_elemento, tpdt_enti_pk, tpdt_codigo, tpdt_nombre) VALUES (41021,  'T', 'TX', NULL , 'CADENA_02', 'Cadena 02')
/
INSERT INTO tbl_tipo_dato_tpdt (tpdt_pk, tpdt_tipo_html, tpdt_tipo_elemento, tpdt_enti_pk, tpdt_codigo, tpdt_nombre) VALUES (41022,  'T', 'TX', NULL , 'CADENA_03', 'Cadena 03')
/
INSERT INTO tbl_tipo_dato_tpdt (tpdt_pk, tpdt_tipo_html, tpdt_tipo_elemento, tpdt_enti_pk, tpdt_codigo, tpdt_nombre) VALUES (41023,  'T', 'TX', NULL , 'CADENA_04', 'Cadena 04')
/
INSERT INTO tbl_tipo_dato_tpdt (tpdt_pk, tpdt_tipo_html, tpdt_tipo_elemento, tpdt_enti_pk, tpdt_codigo, tpdt_nombre) VALUES (41024,  'T', 'TX', NULL , 'CADENA_05', 'Cadena 05')
/
INSERT INTO tbl_tipo_dato_tpdt (tpdt_pk, tpdt_tipo_html, tpdt_tipo_elemento, tpdt_enti_pk, tpdt_codigo, tpdt_nombre) VALUES (41025,  'T', 'TX', NULL , 'CADENA_06', 'Cadena 06')
/
INSERT INTO tbl_tipo_dato_tpdt (tpdt_pk, tpdt_tipo_html, tpdt_tipo_elemento, tpdt_enti_pk, tpdt_codigo, tpdt_nombre) VALUES (41026,  'T', 'TX', NULL , 'CADENA_07', 'Cadena 07')
/
INSERT INTO tbl_tipo_dato_tpdt (tpdt_pk, tpdt_tipo_html, tpdt_tipo_elemento, tpdt_enti_pk, tpdt_codigo, tpdt_nombre) VALUES (41027,  'T', 'TX', NULL , 'CADENA_08', 'Cadena 08')
/
INSERT INTO tbl_tipo_dato_tpdt (tpdt_pk, tpdt_tipo_html, tpdt_tipo_elemento, tpdt_enti_pk, tpdt_codigo, tpdt_nombre) VALUES (41028,  'T', 'TX', NULL , 'CADENA_09', 'Cadena 09')
/
INSERT INTO tbl_tipo_dato_tpdt (tpdt_pk, tpdt_tipo_html, tpdt_tipo_elemento, tpdt_enti_pk, tpdt_codigo, tpdt_nombre) VALUES (41029,  'T', 'TX', NULL , 'CADENA_10', 'Cadena 10')
/
INSERT INTO tbl_tipo_dato_tpdt (tpdt_pk, tpdt_tipo_html, tpdt_tipo_elemento, tpdt_enti_pk, tpdt_codigo, tpdt_nombre) VALUES (41030,  'T', 'TX', NULL , 'CADENA_11', 'Cadena 11')
/
INSERT INTO tbl_tipo_dato_tpdt (tpdt_pk, tpdt_tipo_html, tpdt_tipo_elemento, tpdt_enti_pk, tpdt_codigo, tpdt_nombre) VALUES (41031,  'T', 'TX', NULL , 'CADENA_12', 'Cadena 12')
/
INSERT INTO tbl_tipo_dato_tpdt (tpdt_pk, tpdt_tipo_html, tpdt_tipo_elemento, tpdt_enti_pk, tpdt_codigo, tpdt_nombre) VALUES (41032,  'T', 'TX', NULL , 'CADENA_13', 'Cadena 13')
/
INSERT INTO tbl_tipo_dato_tpdt (tpdt_pk, tpdt_tipo_html, tpdt_tipo_elemento, tpdt_enti_pk, tpdt_codigo, tpdt_nombre) VALUES (41033,  'T', 'TX', NULL , 'CADENA_14', 'Cadena 14')
/
INSERT INTO tbl_tipo_dato_tpdt (tpdt_pk, tpdt_tipo_html, tpdt_tipo_elemento, tpdt_enti_pk, tpdt_codigo, tpdt_nombre) VALUES (41034,  'T', 'TX', NULL , 'CADENA_15', 'Cadena 15')
/

INSERT INTO tbl_tipo_dato_tpdt (tpdt_pk, tpdt_tipo_html, tpdt_tipo_elemento, tpdt_enti_pk, tpdt_codigo, tpdt_nombre) VALUES (41040,  'T', 'ND', NULL , 'DECIMAL_01', 'Decimal 01')
/
INSERT INTO tbl_tipo_dato_tpdt (tpdt_pk, tpdt_tipo_html, tpdt_tipo_elemento, tpdt_enti_pk, tpdt_codigo, tpdt_nombre) VALUES (41041,  'T', 'ND', NULL , 'DECIMAL_02', 'Decimal 02')
/
INSERT INTO tbl_tipo_dato_tpdt (tpdt_pk, tpdt_tipo_html, tpdt_tipo_elemento, tpdt_enti_pk, tpdt_codigo, tpdt_nombre) VALUES (41042,  'T', 'ND', NULL , 'DECIMAL_03', 'Decimal 03')
/
INSERT INTO tbl_tipo_dato_tpdt (tpdt_pk, tpdt_tipo_html, tpdt_tipo_elemento, tpdt_enti_pk, tpdt_codigo, tpdt_nombre) VALUES (41043,  'T', 'ND', NULL , 'DECIMAL_04', 'Decimal 04')
/
INSERT INTO tbl_tipo_dato_tpdt (tpdt_pk, tpdt_tipo_html, tpdt_tipo_elemento, tpdt_enti_pk, tpdt_codigo, tpdt_nombre) VALUES (41044,  'T', 'ND', NULL , 'DECIMAL_05', 'Decimal 05')
/
INSERT INTO tbl_tipo_dato_tpdt (tpdt_pk, tpdt_tipo_html, tpdt_tipo_elemento, tpdt_enti_pk, tpdt_codigo, tpdt_nombre) VALUES (41045,  'T', 'ND', NULL , 'DECIMAL_06', 'Decimal 06')
/
INSERT INTO tbl_tipo_dato_tpdt (tpdt_pk, tpdt_tipo_html, tpdt_tipo_elemento, tpdt_enti_pk, tpdt_codigo, tpdt_nombre) VALUES (41046,  'T', 'ND', NULL , 'DECIMAL_07', 'Decimal 07')
/
INSERT INTO tbl_tipo_dato_tpdt (tpdt_pk, tpdt_tipo_html, tpdt_tipo_elemento, tpdt_enti_pk, tpdt_codigo, tpdt_nombre) VALUES (41047,  'T', 'ND', NULL , 'DECIMAL_08', 'Decimal 08')
/
INSERT INTO tbl_tipo_dato_tpdt (tpdt_pk, tpdt_tipo_html, tpdt_tipo_elemento, tpdt_enti_pk, tpdt_codigo, tpdt_nombre) VALUES (41048,  'T', 'ND', NULL , 'DECIMAL_09', 'Decimal 09')
/
INSERT INTO tbl_tipo_dato_tpdt (tpdt_pk, tpdt_tipo_html, tpdt_tipo_elemento, tpdt_enti_pk, tpdt_codigo, tpdt_nombre) VALUES (41049,  'T', 'ND', NULL , 'DECIMAL_10', 'Decimal 10')
/
INSERT INTO tbl_tipo_dato_tpdt (tpdt_pk, tpdt_tipo_html, tpdt_tipo_elemento, tpdt_enti_pk, tpdt_codigo, tpdt_nombre) VALUES (41050,  'T', 'ND', NULL , 'DECIMAL_11', 'Decimal 11')
/
INSERT INTO tbl_tipo_dato_tpdt (tpdt_pk, tpdt_tipo_html, tpdt_tipo_elemento, tpdt_enti_pk, tpdt_codigo, tpdt_nombre) VALUES (41051,  'T', 'ND', NULL , 'DECIMAL_12', 'Decimal 12')
/
INSERT INTO tbl_tipo_dato_tpdt (tpdt_pk, tpdt_tipo_html, tpdt_tipo_elemento, tpdt_enti_pk, tpdt_codigo, tpdt_nombre) VALUES (41052,  'T', 'ND', NULL , 'DECIMAL_13', 'Decimal 13')
/
INSERT INTO tbl_tipo_dato_tpdt (tpdt_pk, tpdt_tipo_html, tpdt_tipo_elemento, tpdt_enti_pk, tpdt_codigo, tpdt_nombre) VALUES (41053,  'T', 'ND', NULL , 'DECIMAL_14', 'Decimal 14')
/
INSERT INTO tbl_tipo_dato_tpdt (tpdt_pk, tpdt_tipo_html, tpdt_tipo_elemento, tpdt_enti_pk, tpdt_codigo, tpdt_nombre) VALUES (41054,  'T', 'ND', NULL , 'DECIMAL_15', 'Decimal 15')
/
INSERT INTO tbl_tipo_dato_tpdt (tpdt_pk, tpdt_tipo_html, tpdt_tipo_elemento, tpdt_enti_pk, tpdt_codigo, tpdt_nombre) VALUES (41055,  'T', 'ND', NULL , 'DECIMAL_16', 'Decimal 16')
/
INSERT INTO tbl_tipo_dato_tpdt (tpdt_pk, tpdt_tipo_html, tpdt_tipo_elemento, tpdt_enti_pk, tpdt_codigo, tpdt_nombre) VALUES (41056,  'T', 'ND', NULL , 'DECIMAL_17', 'Decimal 17')
/
INSERT INTO tbl_tipo_dato_tpdt (tpdt_pk, tpdt_tipo_html, tpdt_tipo_elemento, tpdt_enti_pk, tpdt_codigo, tpdt_nombre) VALUES (41057,  'T', 'ND', NULL , 'DECIMAL_18', 'Decimal 18')
/
INSERT INTO tbl_tipo_dato_tpdt (tpdt_pk, tpdt_tipo_html, tpdt_tipo_elemento, tpdt_enti_pk, tpdt_codigo, tpdt_nombre) VALUES (41058,  'T', 'ND', NULL , 'DECIMAL_19', 'Decimal 19')
/
INSERT INTO tbl_tipo_dato_tpdt (tpdt_pk, tpdt_tipo_html, tpdt_tipo_elemento, tpdt_enti_pk, tpdt_codigo, tpdt_nombre) VALUES (41059,  'T', 'ND', NULL , 'DECIMAL_20', 'Decimal 20')
/

INSERT INTO tbl_tipo_dato_tpdt (tpdt_pk, tpdt_tipo_html, tpdt_tipo_elemento, tpdt_enti_pk, tpdt_codigo, tpdt_nombre) VALUES (41060,  'T', 'NE', NULL , 'ENTERO_01', 'Entero 01')
/
INSERT INTO tbl_tipo_dato_tpdt (tpdt_pk, tpdt_tipo_html, tpdt_tipo_elemento, tpdt_enti_pk, tpdt_codigo, tpdt_nombre) VALUES (41061,  'T', 'NE', NULL , 'ENTERO_02', 'Entero 02')
/
INSERT INTO tbl_tipo_dato_tpdt (tpdt_pk, tpdt_tipo_html, tpdt_tipo_elemento, tpdt_enti_pk, tpdt_codigo, tpdt_nombre) VALUES (41062,  'T', 'NE', NULL , 'ENTERO_03', 'Entero 03')
/
INSERT INTO tbl_tipo_dato_tpdt (tpdt_pk, tpdt_tipo_html, tpdt_tipo_elemento, tpdt_enti_pk, tpdt_codigo, tpdt_nombre) VALUES (41063,  'T', 'NE', NULL , 'ENTERO_04', 'Entero 04')
/
INSERT INTO tbl_tipo_dato_tpdt (tpdt_pk, tpdt_tipo_html, tpdt_tipo_elemento, tpdt_enti_pk, tpdt_codigo, tpdt_nombre) VALUES (41064,  'T', 'NE', NULL , 'ENTERO_05', 'Entero 05')
/
INSERT INTO tbl_tipo_dato_tpdt (tpdt_pk, tpdt_tipo_html, tpdt_tipo_elemento, tpdt_enti_pk, tpdt_codigo, tpdt_nombre) VALUES (41065,  'T', 'NE', NULL , 'ENTERO_06', 'Entero 06')
/
INSERT INTO tbl_tipo_dato_tpdt (tpdt_pk, tpdt_tipo_html, tpdt_tipo_elemento, tpdt_enti_pk, tpdt_codigo, tpdt_nombre) VALUES (41066,  'T', 'NE', NULL , 'ENTERO_07', 'Entero 07')
/
INSERT INTO tbl_tipo_dato_tpdt (tpdt_pk, tpdt_tipo_html, tpdt_tipo_elemento, tpdt_enti_pk, tpdt_codigo, tpdt_nombre) VALUES (41067,  'T', 'NE', NULL , 'ENTERO_08', 'Entero 08')
/
INSERT INTO tbl_tipo_dato_tpdt (tpdt_pk, tpdt_tipo_html, tpdt_tipo_elemento, tpdt_enti_pk, tpdt_codigo, tpdt_nombre) VALUES (41068,  'T', 'NE', NULL , 'ENTERO_09', 'Entero 09')
/
INSERT INTO tbl_tipo_dato_tpdt (tpdt_pk, tpdt_tipo_html, tpdt_tipo_elemento, tpdt_enti_pk, tpdt_codigo, tpdt_nombre) VALUES (41069,  'T', 'NE', NULL , 'ENTERO_10', 'Entero 10')
/
INSERT INTO tbl_tipo_dato_tpdt (tpdt_pk, tpdt_tipo_html, tpdt_tipo_elemento, tpdt_enti_pk, tpdt_codigo, tpdt_nombre) VALUES (41070,  'T', 'NE', NULL , 'ENTERO_11', 'Entero 11')
/
INSERT INTO tbl_tipo_dato_tpdt (tpdt_pk, tpdt_tipo_html, tpdt_tipo_elemento, tpdt_enti_pk, tpdt_codigo, tpdt_nombre) VALUES (41071,  'T', 'NE', NULL , 'ENTERO_12', 'Entero 12')
/
INSERT INTO tbl_tipo_dato_tpdt (tpdt_pk, tpdt_tipo_html, tpdt_tipo_elemento, tpdt_enti_pk, tpdt_codigo, tpdt_nombre) VALUES (41072,  'T', 'NE', NULL , 'ENTERO_13', 'Entero 13')
/
INSERT INTO tbl_tipo_dato_tpdt (tpdt_pk, tpdt_tipo_html, tpdt_tipo_elemento, tpdt_enti_pk, tpdt_codigo, tpdt_nombre) VALUES (41073,  'T', 'NE', NULL , 'ENTERO_14', 'Entero 14')
/
INSERT INTO tbl_tipo_dato_tpdt (tpdt_pk, tpdt_tipo_html, tpdt_tipo_elemento, tpdt_enti_pk, tpdt_codigo, tpdt_nombre) VALUES (41074,  'T', 'NE', NULL , 'ENTERO_15', 'Entero 15')
/
INSERT INTO tbl_tipo_dato_tpdt (tpdt_pk, tpdt_tipo_html, tpdt_tipo_elemento, tpdt_enti_pk, tpdt_codigo, tpdt_nombre) VALUES (41075,  'T', 'NE', NULL , 'ENTERO_16', 'Entero 16')
/
INSERT INTO tbl_tipo_dato_tpdt (tpdt_pk, tpdt_tipo_html, tpdt_tipo_elemento, tpdt_enti_pk, tpdt_codigo, tpdt_nombre) VALUES (41076,  'T', 'NE', NULL , 'ENTERO_17', 'Entero 17')
/
INSERT INTO tbl_tipo_dato_tpdt (tpdt_pk, tpdt_tipo_html, tpdt_tipo_elemento, tpdt_enti_pk, tpdt_codigo, tpdt_nombre) VALUES (41077,  'T', 'NE', NULL , 'ENTERO_18', 'Entero 18')
/
INSERT INTO tbl_tipo_dato_tpdt (tpdt_pk, tpdt_tipo_html, tpdt_tipo_elemento, tpdt_enti_pk, tpdt_codigo, tpdt_nombre) VALUES (41078,  'T', 'NE', NULL , 'ENTERO_19', 'Entero 19')
/
INSERT INTO tbl_tipo_dato_tpdt (tpdt_pk, tpdt_tipo_html, tpdt_tipo_elemento, tpdt_enti_pk, tpdt_codigo, tpdt_nombre) VALUES (41079,  'T', 'NE', NULL , 'ENTERO_20', 'Entero 20')
/

INSERT INTO tbl_tipo_dato_tpdt (tpdt_pk, tpdt_tipo_html, tpdt_tipo_elemento, tpdt_enti_pk, tpdt_codigo, tpdt_nombre) VALUES (41080, 'TA', 'TX', NULL , 'TEXTO_01', 'Texto 01')
/
INSERT INTO tbl_tipo_dato_tpdt (tpdt_pk, tpdt_tipo_html, tpdt_tipo_elemento, tpdt_enti_pk, tpdt_codigo, tpdt_nombre) VALUES (41081, 'TA', 'TX', NULL , 'TEXTO_02', 'Texto 02')
/
INSERT INTO tbl_tipo_dato_tpdt (tpdt_pk, tpdt_tipo_html, tpdt_tipo_elemento, tpdt_enti_pk, tpdt_codigo, tpdt_nombre) VALUES (41082, 'TA', 'TX', NULL , 'TEXTO_03', 'Texto 03')
/
INSERT INTO tbl_tipo_dato_tpdt (tpdt_pk, tpdt_tipo_html, tpdt_tipo_elemento, tpdt_enti_pk, tpdt_codigo, tpdt_nombre) VALUES (41083, 'TA', 'TX', NULL , 'TEXTO_04', 'Texto 04')
/
INSERT INTO tbl_tipo_dato_tpdt (tpdt_pk, tpdt_tipo_html, tpdt_tipo_elemento, tpdt_enti_pk, tpdt_codigo, tpdt_nombre) VALUES (41084, 'TA', 'TX', NULL , 'TEXTO_05', 'Texto 05')
/

INSERT INTO tbl_tipo_dato_tpdt (tpdt_pk, tpdt_tipo_html, tpdt_tipo_elemento, tpdt_enti_pk, tpdt_codigo, tpdt_nombre) VALUES (41100,  'D', 'FE', NULL , 'FECHA_01', 'Fecha 01')
/
INSERT INTO tbl_tipo_dato_tpdt (tpdt_pk, tpdt_tipo_html, tpdt_tipo_elemento, tpdt_enti_pk, tpdt_codigo, tpdt_nombre) VALUES (41101,  'D', 'FE', NULL , 'FECHA_02', 'Fecha 02')
/
INSERT INTO tbl_tipo_dato_tpdt (tpdt_pk, tpdt_tipo_html, tpdt_tipo_elemento, tpdt_enti_pk, tpdt_codigo, tpdt_nombre) VALUES (41102,  'D', 'FE', NULL , 'FECHA_03', 'Fecha 03')
/
INSERT INTO tbl_tipo_dato_tpdt (tpdt_pk, tpdt_tipo_html, tpdt_tipo_elemento, tpdt_enti_pk, tpdt_codigo, tpdt_nombre) VALUES (41103,  'D', 'FE', NULL , 'FECHA_04', 'Fecha 04')
/
INSERT INTO tbl_tipo_dato_tpdt (tpdt_pk, tpdt_tipo_html, tpdt_tipo_elemento, tpdt_enti_pk, tpdt_codigo, tpdt_nombre) VALUES (41104,  'D', 'FE', NULL , 'FECHA_05', 'Fecha 05')
/

INSERT INTO tbl_tipo_dato_tpdt (tpdt_pk, tpdt_tipo_html, tpdt_tipo_elemento, tpdt_enti_pk, tpdt_codigo, tpdt_nombre) VALUES (41120, 'DT', 'FH', NULL , 'FECHAHORA_01', 'Fecha-Hora 01')
/
INSERT INTO tbl_tipo_dato_tpdt (tpdt_pk, tpdt_tipo_html, tpdt_tipo_elemento, tpdt_enti_pk, tpdt_codigo, tpdt_nombre) VALUES (41121, 'DT', 'FH', NULL , 'FECHAHORA_02', 'Fecha-Hora 02')
/
INSERT INTO tbl_tipo_dato_tpdt (tpdt_pk, tpdt_tipo_html, tpdt_tipo_elemento, tpdt_enti_pk, tpdt_codigo, tpdt_nombre) VALUES (41122, 'DT', 'FH', NULL , 'FECHAHORA_03', 'Fecha-Hora 03')
/
INSERT INTO tbl_tipo_dato_tpdt (tpdt_pk, tpdt_tipo_html, tpdt_tipo_elemento, tpdt_enti_pk, tpdt_codigo, tpdt_nombre) VALUES (41123, 'DT', 'FH', NULL , 'FECHAHORA_04', 'Fecha-Hora 04')
/
INSERT INTO tbl_tipo_dato_tpdt (tpdt_pk, tpdt_tipo_html, tpdt_tipo_elemento, tpdt_enti_pk, tpdt_codigo, tpdt_nombre) VALUES (41124, 'DT', 'FH', NULL , 'FECHAHORA_05', 'Fecha-Hora 05')
/



-- Tipos de Dato - Codigos de Referencia
INSERT INTO tbl_tipo_dato_tpdt (tpdt_pk, tpdt_tipo_html, tpdt_tipo_elemento, tpdt_enti_pk, tpdt_codigo, tpdt_nombre) VALUES (43000, 'S', 'CR', NULL , 'COD_EXEN', 'Codigo de Exencion')
/
    INSERT INTO tbl_codigo_referencia_cdrf (cdrf_tpdt_pk, cdrf_valor, cdrf_orden) VALUES (43000, '0', 1)
/
    INSERT INTO tbl_codigo_referencia_cdrf (cdrf_tpdt_pk, cdrf_valor, cdrf_orden) VALUES (43000, '1', 2)
/
    INSERT INTO tbl_codigo_referencia_cdrf (cdrf_tpdt_pk, cdrf_valor, cdrf_orden) VALUES (43000, '2', 3)
/
    INSERT INTO tbl_codigo_referencia_cdrf (cdrf_tpdt_pk, cdrf_valor, cdrf_orden) VALUES (43000, '3', 4)
/
    INSERT INTO tbl_codigo_referencia_cdrf (cdrf_tpdt_pk, cdrf_valor, cdrf_orden) VALUES (43000, '4', 5)
/
INSERT INTO tbl_tipo_dato_tpdt (tpdt_pk, tpdt_tipo_html, tpdt_tipo_elemento, tpdt_enti_pk, tpdt_codigo, tpdt_nombre) VALUES (43005, 'S', 'CR', NULL , 'INDIC_VENTA', 'Indicador de Venta (Pesca)')
/
    INSERT INTO tbl_codigo_referencia_cdrf (cdrf_tpdt_pk, cdrf_valor, cdrf_orden) VALUES (43005, 'P', 1)
/
    INSERT INTO tbl_codigo_referencia_cdrf (cdrf_tpdt_pk, cdrf_valor, cdrf_orden) VALUES (43005, 'S', 2)
/
INSERT INTO tbl_tipo_dato_tpdt (tpdt_pk, tpdt_tipo_html, tpdt_tipo_elemento, tpdt_enti_pk, tpdt_codigo, tpdt_nombre) VALUES (43010, 'T', 'CR', NULL , 'TIPO_GARANTIA', 'Tipo de Garantia')
/
    INSERT INTO tbl_codigo_referencia_cdrf (cdrf_tpdt_pk, cdrf_valor, cdrf_orden) VALUES (43010, 'PRV', 1)
/
    INSERT INTO tbl_codigo_referencia_cdrf (cdrf_tpdt_pk, cdrf_valor, cdrf_orden) VALUES (43010, 'POB', 2)
/
    INSERT INTO tbl_codigo_referencia_cdrf (cdrf_tpdt_pk, cdrf_valor, cdrf_orden) VALUES (43010, 'PEX', 3)
/
    INSERT INTO tbl_codigo_referencia_cdrf (cdrf_tpdt_pk, cdrf_valor, cdrf_orden) VALUES (43010, 'DOB', 4)
/
    INSERT INTO tbl_codigo_referencia_cdrf (cdrf_tpdt_pk, cdrf_valor, cdrf_orden) VALUES (43010, 'DEX', 5)
/
    INSERT INTO tbl_codigo_referencia_cdrf (cdrf_tpdt_pk, cdrf_valor, cdrf_orden) VALUES (43010, 'OTR', 6)
/
    INSERT INTO tbl_codigo_referencia_cdrf (cdrf_tpdt_pk, cdrf_valor, cdrf_orden) VALUES (43010, 'SUS', 7)
/
INSERT INTO tbl_tipo_dato_tpdt (tpdt_pk, tpdt_tipo_html, tpdt_tipo_elemento, tpdt_enti_pk, tpdt_codigo, tpdt_nombre) VALUES (43015, 'T', 'CR', NULL , 'CLASE_GARANTIA', 'Clase de Garantia')
/
    INSERT INTO tbl_codigo_referencia_cdrf (cdrf_tpdt_pk, cdrf_valor, cdrf_orden) VALUES (43015, 'A', 1)
/
    INSERT INTO tbl_codigo_referencia_cdrf (cdrf_tpdt_pk, cdrf_valor, cdrf_orden) VALUES (43015, 'C', 2)
/
    INSERT INTO tbl_codigo_referencia_cdrf (cdrf_tpdt_pk, cdrf_valor, cdrf_orden) VALUES (43015, 'D', 3)
/
    INSERT INTO tbl_codigo_referencia_cdrf (cdrf_tpdt_pk, cdrf_valor, cdrf_orden) VALUES (43015, 'F', 4)
/
    INSERT INTO tbl_codigo_referencia_cdrf (cdrf_tpdt_pk, cdrf_valor, cdrf_orden) VALUES (43015, 'V', 5)
/
INSERT INTO tbl_tipo_dato_tpdt (tpdt_pk, tpdt_tipo_html, tpdt_tipo_elemento, tpdt_enti_pk, tpdt_codigo, tpdt_nombre) VALUES (43020, 'T', 'CR', NULL , 'ANEXO_MARPOL', 'Anexo Marpol')
/
    INSERT INTO tbl_codigo_referencia_cdrf (cdrf_tpdt_pk, cdrf_valor, cdrf_orden) VALUES (43020, 'I', 1)
/
    INSERT INTO tbl_codigo_referencia_cdrf (cdrf_tpdt_pk, cdrf_valor, cdrf_orden) VALUES (43020, 'II', 2)
/
    INSERT INTO tbl_codigo_referencia_cdrf (cdrf_tpdt_pk, cdrf_valor, cdrf_orden) VALUES (43020, 'III', 3)
/
    INSERT INTO tbl_codigo_referencia_cdrf (cdrf_tpdt_pk, cdrf_valor, cdrf_orden) VALUES (43020, 'IV', 4)
/
    INSERT INTO tbl_codigo_referencia_cdrf (cdrf_tpdt_pk, cdrf_valor, cdrf_orden) VALUES (43020, 'V', 5)
/
    INSERT INTO tbl_codigo_referencia_cdrf (cdrf_tpdt_pk, cdrf_valor, cdrf_orden) VALUES (43020, 'VI', 6)
/
INSERT INTO tbl_tipo_dato_tpdt (tpdt_pk, tpdt_tipo_html, tpdt_tipo_elemento, tpdt_enti_pk, tpdt_codigo, tpdt_nombre) VALUES (43025, 'T', 'CR', NULL , 'PRESENT_TIPO_RES', 'Presentacion de Tipo de Residuo')
/
    INSERT INTO tbl_codigo_referencia_cdrf (cdrf_tpdt_pk, cdrf_valor, cdrf_orden) VALUES (43025, 'S', 1)
/
    INSERT INTO tbl_codigo_referencia_cdrf (cdrf_tpdt_pk, cdrf_valor, cdrf_orden) VALUES (43025, 'L', 2)
/
INSERT INTO tbl_tipo_dato_tpdt (tpdt_pk, tpdt_tipo_html, tpdt_tipo_elemento, tpdt_enti_pk, tpdt_codigo, tpdt_nombre) VALUES (43030, 'S', 'CR', NULL , 'IDIOMA_APLICACION', 'Idioma de la Aplicacion')
/
    INSERT INTO tbl_codigo_referencia_cdrf (cdrf_tpdt_pk, cdrf_valor, cdrf_orden) VALUES (43030, 'es_ES', 1)
/
INSERT INTO tbl_tipo_dato_tpdt (tpdt_pk, tpdt_tipo_html, tpdt_tipo_elemento, tpdt_enti_pk, tpdt_codigo, tpdt_nombre) VALUES (43035, 'S', 'CR', NULL , 'TIPO_DOCUMENTO', 'Tipo de Documento')
/
    INSERT INTO tbl_codigo_referencia_cdrf (cdrf_tpdt_pk, cdrf_valor, cdrf_orden) VALUES (43035, 'CIF', 1)
/
    INSERT INTO tbl_codigo_referencia_cdrf (cdrf_tpdt_pk, cdrf_valor, cdrf_orden) VALUES (43035, 'NIF', 2)
/
    INSERT INTO tbl_codigo_referencia_cdrf (cdrf_tpdt_pk, cdrf_valor, cdrf_orden) VALUES (43035, 'PAS', 3)
/
    INSERT INTO tbl_codigo_referencia_cdrf (cdrf_tpdt_pk, cdrf_valor, cdrf_orden) VALUES (43035, 'NIE', 4)
/
    INSERT INTO tbl_codigo_referencia_cdrf (cdrf_tpdt_pk, cdrf_valor, cdrf_orden) VALUES (43035, 'OTR', 5)
/
INSERT INTO tbl_tipo_dato_tpdt (tpdt_pk, tpdt_tipo_html, tpdt_tipo_elemento, tpdt_enti_pk, tpdt_codigo, tpdt_nombre) VALUES (43040, 'S', 'CR', NULL , 'TIPO_BASE_ORGA', 'Tipo Base de Organizacion')
/
    INSERT INTO tbl_codigo_referencia_cdrf (cdrf_tpdt_pk, cdrf_valor, cdrf_orden) VALUES (43040, 'ADUANA',  1)
/
    INSERT INTO tbl_codigo_referencia_cdrf (cdrf_tpdt_pk, cdrf_valor, cdrf_orden) VALUES (43040, 'APORTU',  2)
/
    INSERT INTO tbl_codigo_referencia_cdrf (cdrf_tpdt_pk, cdrf_valor, cdrf_orden) VALUES (43040, 'ARMADO',  3)
/
    INSERT INTO tbl_codigo_referencia_cdrf (cdrf_tpdt_pk, cdrf_valor, cdrf_orden) VALUES (43040, 'CONCES',  4)
/
    INSERT INTO tbl_codigo_referencia_cdrf (cdrf_tpdt_pk, cdrf_valor, cdrf_orden) VALUES (43040, 'COFRAD',  5)
/
    INSERT INTO tbl_codigo_referencia_cdrf (cdrf_tpdt_pk, cdrf_valor, cdrf_orden) VALUES (43040, 'CONSIG',  6)
/
    INSERT INTO tbl_codigo_referencia_cdrf (cdrf_tpdt_pk, cdrf_valor, cdrf_orden) VALUES (43040, 'NINGUN',  7)
/
    INSERT INTO tbl_codigo_referencia_cdrf (cdrf_tpdt_pk, cdrf_valor, cdrf_orden) VALUES (43040, 'PATDEP',  8)
/
    INSERT INTO tbl_codigo_referencia_cdrf (cdrf_tpdt_pk, cdrf_valor, cdrf_orden) VALUES (43040, 'PATPES',  9)
/
    INSERT INTO tbl_codigo_referencia_cdrf (cdrf_tpdt_pk, cdrf_valor, cdrf_orden) VALUES (43040, 'TALLER', 10)
/
    INSERT INTO tbl_codigo_referencia_cdrf (cdrf_tpdt_pk, cdrf_valor, cdrf_orden) VALUES (43040, 'TRANSE', 11)
/
    INSERT INTO tbl_codigo_referencia_cdrf (cdrf_tpdt_pk, cdrf_valor, cdrf_orden) VALUES (43040, 'TRANSI', 12)
/
INSERT INTO tbl_tipo_dato_tpdt (tpdt_pk, tpdt_tipo_html, tpdt_tipo_elemento, tpdt_enti_pk, tpdt_codigo, tpdt_nombre) VALUES (43045, 'S', 'CR', NULL , 'TIPO_RED', 'Tipo de Red')
/
    INSERT INTO tbl_codigo_referencia_cdrf (cdrf_tpdt_pk, cdrf_valor, cdrf_orden) VALUES (43045, 'E',  1)
/
    INSERT INTO tbl_codigo_referencia_cdrf (cdrf_tpdt_pk, cdrf_valor, cdrf_orden) VALUES (43045, 'A',  2)
/
    INSERT INTO tbl_codigo_referencia_cdrf (cdrf_tpdt_pk, cdrf_valor, cdrf_orden) VALUES (43045, 'G',  3)
/
    INSERT INTO tbl_codigo_referencia_cdrf (cdrf_tpdt_pk, cdrf_valor, cdrf_orden) VALUES (43045, 'O',  4)
/
INSERT INTO tbl_tipo_dato_tpdt (tpdt_pk, tpdt_tipo_html, tpdt_tipo_elemento, tpdt_enti_pk, tpdt_codigo, tpdt_nombre) VALUES (43050, 'S', 'CR', NULL , 'SUBTIPO_RED', 'Subtipo de Red')
/
    INSERT INTO tbl_codigo_referencia_cdrf (cdrf_tpdt_pk, cdrf_valor, cdrf_orden) VALUES (43050, 'TB',  1)
/
    INSERT INTO tbl_codigo_referencia_cdrf (cdrf_tpdt_pk, cdrf_valor, cdrf_orden) VALUES (43050, 'TA',  2)
/
    INSERT INTO tbl_codigo_referencia_cdrf (cdrf_tpdt_pk, cdrf_valor, cdrf_orden) VALUES (43050, 'TM',  3)
/
    INSERT INTO tbl_codigo_referencia_cdrf (cdrf_tpdt_pk, cdrf_valor, cdrf_orden) VALUES (43050, 'AP',  4)
/
    INSERT INTO tbl_codigo_referencia_cdrf (cdrf_tpdt_pk, cdrf_valor, cdrf_orden) VALUES (43050, 'AR',  5)
/
INSERT INTO tbl_tipo_dato_tpdt (tpdt_pk, tpdt_tipo_html, tpdt_tipo_elemento, tpdt_enti_pk, tpdt_codigo, tpdt_nombre) VALUES (43055, 'S', 'CR', NULL , 'ESTADO_PRED', 'Estado de Punto de Red')
/
    INSERT INTO tbl_codigo_referencia_cdrf (cdrf_tpdt_pk, cdrf_valor, cdrf_orden) VALUES (43055, 'D',  1)
/
    INSERT INTO tbl_codigo_referencia_cdrf (cdrf_tpdt_pk, cdrf_valor, cdrf_orden) VALUES (43055, 'N',  2)
/
INSERT INTO tbl_tipo_dato_tpdt (tpdt_pk, tpdt_tipo_html, tpdt_tipo_elemento, tpdt_enti_pk, tpdt_codigo, tpdt_nombre) VALUES (43060, 'S', 'CR', NULL , 'UNID_MED_SBT', 'Unidad de Medida SBT Buque')
/
    INSERT INTO tbl_codigo_referencia_cdrf (cdrf_tpdt_pk, cdrf_valor, cdrf_orden) VALUES (43060, 'GT',  1)
/
    INSERT INTO tbl_codigo_referencia_cdrf (cdrf_tpdt_pk, cdrf_valor, cdrf_orden) VALUES (43060, 'M3',  2)
/
INSERT INTO tbl_tipo_dato_tpdt (tpdt_pk, tpdt_tipo_html, tpdt_tipo_elemento, tpdt_enti_pk, tpdt_codigo, tpdt_nombre) VALUES (43065, 'S', 'CR', NULL , 'ESTADO_MAN_PESC', 'Estado de Manifiesto de Pesca')
/
    INSERT INTO tbl_codigo_referencia_cdrf (cdrf_tpdt_pk, cdrf_valor, cdrf_orden) VALUES (43065, 'R',  1)
/
INSERT INTO tbl_tipo_dato_tpdt (tpdt_pk, tpdt_tipo_html, tpdt_tipo_elemento, tpdt_enti_pk, tpdt_codigo, tpdt_nombre) VALUES (43070, 'S', 'CR', NULL , 'ESTADO_MAN_MERC', 'Estado de Manifiesto de Mercancia')
/
    INSERT INTO tbl_codigo_referencia_cdrf (cdrf_tpdt_pk, cdrf_valor, cdrf_orden) VALUES (43070, 'A',  1)
/
    INSERT INTO tbl_codigo_referencia_cdrf (cdrf_tpdt_pk, cdrf_valor, cdrf_orden) VALUES (43070, 'B',  2)
/
    INSERT INTO tbl_codigo_referencia_cdrf (cdrf_tpdt_pk, cdrf_valor, cdrf_orden) VALUES (43070, 'C',  3)
/
    INSERT INTO tbl_codigo_referencia_cdrf (cdrf_tpdt_pk, cdrf_valor, cdrf_orden) VALUES (43070, 'I',  4)
/
    INSERT INTO tbl_codigo_referencia_cdrf (cdrf_tpdt_pk, cdrf_valor, cdrf_orden) VALUES (43070, 'S',  5)
/
INSERT INTO tbl_tipo_dato_tpdt (tpdt_pk, tpdt_tipo_html, tpdt_tipo_elemento, tpdt_enti_pk, tpdt_codigo, tpdt_nombre) VALUES (43075, 'S', 'CR', NULL , 'ESTADO_PART', 'Estado de Partida')
/
    INSERT INTO tbl_codigo_referencia_cdrf (cdrf_tpdt_pk, cdrf_valor, cdrf_orden) VALUES (43075, 'A',  1)
/
    INSERT INTO tbl_codigo_referencia_cdrf (cdrf_tpdt_pk, cdrf_valor, cdrf_orden) VALUES (43075, 'B',  2)
/
    INSERT INTO tbl_codigo_referencia_cdrf (cdrf_tpdt_pk, cdrf_valor, cdrf_orden) VALUES (43075, 'R',  3)
/
INSERT INTO tbl_tipo_dato_tpdt (tpdt_pk, tpdt_tipo_html, tpdt_tipo_elemento, tpdt_enti_pk, tpdt_codigo, tpdt_nombre) VALUES (43080, 'S', 'CR', NULL , 'ESTADO_EQUI', 'Estado de Equipamiento')
/
    INSERT INTO tbl_codigo_referencia_cdrf (cdrf_tpdt_pk, cdrf_valor, cdrf_orden) VALUES (43080, 'A',  1)
/
    INSERT INTO tbl_codigo_referencia_cdrf (cdrf_tpdt_pk, cdrf_valor, cdrf_orden) VALUES (43080, 'B',  2)
/
    INSERT INTO tbl_codigo_referencia_cdrf (cdrf_tpdt_pk, cdrf_valor, cdrf_orden) VALUES (43080, 'R',  3)
/
INSERT INTO tbl_tipo_dato_tpdt (tpdt_pk, tpdt_tipo_html, tpdt_tipo_elemento, tpdt_enti_pk, tpdt_codigo, tpdt_nombre) VALUES (43085, 'S', 'CR', NULL , 'ESTADO_BL', 'Estado de BL')
/
    INSERT INTO tbl_codigo_referencia_cdrf (cdrf_tpdt_pk, cdrf_valor, cdrf_orden) VALUES (43085, 'A',  1)
/
    INSERT INTO tbl_codigo_referencia_cdrf (cdrf_tpdt_pk, cdrf_valor, cdrf_orden) VALUES (43085, 'B',  2)
/
    INSERT INTO tbl_codigo_referencia_cdrf (cdrf_tpdt_pk, cdrf_valor, cdrf_orden) VALUES (43085, 'C',  3)
/
    INSERT INTO tbl_codigo_referencia_cdrf (cdrf_tpdt_pk, cdrf_valor, cdrf_orden) VALUES (43085, 'I',  4)
/
    INSERT INTO tbl_codigo_referencia_cdrf (cdrf_tpdt_pk, cdrf_valor, cdrf_orden) VALUES (43085, 'S',  5)
/
INSERT INTO tbl_tipo_dato_tpdt (tpdt_pk, tpdt_tipo_html, tpdt_tipo_elemento, tpdt_enti_pk, tpdt_codigo, tpdt_nombre) VALUES (43090, 'S', 'CR', NULL , 'DEST_PART_PESCA', 'Destino de Partida de Pesca')
/
    INSERT INTO tbl_codigo_referencia_cdrf (cdrf_tpdt_pk, cdrf_valor, cdrf_orden) VALUES (43090, 'H',  1)
/
    INSERT INTO tbl_codigo_referencia_cdrf (cdrf_tpdt_pk, cdrf_valor, cdrf_orden) VALUES (43090, 'I',  2)
/
INSERT INTO tbl_tipo_dato_tpdt (tpdt_pk, tpdt_tipo_html, tpdt_tipo_elemento, tpdt_enti_pk, tpdt_codigo, tpdt_nombre) VALUES (43100, 'S', 'CR', NULL , 'TIPO_MANIF', 'Tipo de Manifiesto')
/
    INSERT INTO tbl_codigo_referencia_cdrf (cdrf_tpdt_pk, cdrf_valor, cdrf_orden) VALUES (43100, 'M',  1)
/
    INSERT INTO tbl_codigo_referencia_cdrf (cdrf_tpdt_pk, cdrf_valor, cdrf_orden) VALUES (43100, 'P',  2)
/
INSERT INTO tbl_tipo_dato_tpdt (tpdt_pk, tpdt_tipo_html, tpdt_tipo_elemento, tpdt_enti_pk, tpdt_codigo, tpdt_nombre) VALUES (43105, 'S', 'CR', NULL , 'TIPO_MANIF_EDI', 'Tipo de Manifiesto EDI')
/
    INSERT INTO tbl_codigo_referencia_cdrf (cdrf_tpdt_pk, cdrf_valor, cdrf_orden) VALUES (43105, 'DE',  1)
/
    INSERT INTO tbl_codigo_referencia_cdrf (cdrf_tpdt_pk, cdrf_valor, cdrf_orden) VALUES (43105, 'SC',  2)
/
    INSERT INTO tbl_codigo_referencia_cdrf (cdrf_tpdt_pk, cdrf_valor, cdrf_orden) VALUES (43105, 'SD',  3)
/
    INSERT INTO tbl_codigo_referencia_cdrf (cdrf_tpdt_pk, cdrf_valor, cdrf_orden) VALUES (43105, 'CL',  4)
/
    INSERT INTO tbl_codigo_referencia_cdrf (cdrf_tpdt_pk, cdrf_valor, cdrf_orden) VALUES (43105, 'DL',  5)
/
    INSERT INTO tbl_codigo_referencia_cdrf (cdrf_tpdt_pk, cdrf_valor, cdrf_orden) VALUES (43105, 'CA',  6)
/
INSERT INTO tbl_tipo_dato_tpdt (tpdt_pk, tpdt_tipo_html, tpdt_tipo_elemento, tpdt_enti_pk, tpdt_codigo, tpdt_nombre) VALUES (43110, 'S', 'CR', NULL , 'TIPO_OPER_MANIF', 'Tipo de Operacion de Manifiesto')
/
    INSERT INTO tbl_codigo_referencia_cdrf (cdrf_tpdt_pk, cdrf_valor, cdrf_orden) VALUES (43110, 'C',  1)
/
    INSERT INTO tbl_codigo_referencia_cdrf (cdrf_tpdt_pk, cdrf_valor, cdrf_orden) VALUES (43110, 'D',  2)
/
    INSERT INTO tbl_codigo_referencia_cdrf (cdrf_tpdt_pk, cdrf_valor, cdrf_orden) VALUES (43110, 'T',  3)
/
INSERT INTO tbl_tipo_dato_tpdt (tpdt_pk, tpdt_tipo_html, tpdt_tipo_elemento, tpdt_enti_pk, tpdt_codigo, tpdt_nombre) VALUES (43115, 'S', 'CR', NULL , 'TIPO_ESTAN_ESC', 'Tipo de Estancia de Escala')
/
    INSERT INTO tbl_codigo_referencia_cdrf (cdrf_tpdt_pk, cdrf_valor, cdrf_orden) VALUES (43115, 'C',  1)
/
    INSERT INTO tbl_codigo_referencia_cdrf (cdrf_tpdt_pk, cdrf_valor, cdrf_orden) VALUES (43115, 'L',  2)
/
    INSERT INTO tbl_codigo_referencia_cdrf (cdrf_tpdt_pk, cdrf_valor, cdrf_orden) VALUES (43115, 'M',  3)
/
INSERT INTO tbl_tipo_dato_tpdt (tpdt_pk, tpdt_tipo_html, tpdt_tipo_elemento, tpdt_enti_pk, tpdt_codigo, tpdt_nombre) VALUES (43120, 'S', 'CR', NULL , 'TIPO_ESTAN_ATR', 'Tipo de Estancia de Atraque')
/
    INSERT INTO tbl_codigo_referencia_cdrf (cdrf_tpdt_pk, cdrf_valor, cdrf_orden) VALUES (43120, 'C',  1)
/
    INSERT INTO tbl_codigo_referencia_cdrf (cdrf_tpdt_pk, cdrf_valor, cdrf_orden) VALUES (43120, 'L',  2)
/
INSERT INTO tbl_tipo_dato_tpdt (tpdt_pk, tpdt_tipo_html, tpdt_tipo_elemento, tpdt_enti_pk, tpdt_codigo, tpdt_nombre) VALUES (43121, 'S', 'CR', NULL , 'TIPO_ESTAN_ATR_2', 'Tipo de Estancia de Atraque 2')
/
    INSERT INTO tbl_codigo_referencia_cdrf (cdrf_tpdt_pk, cdrf_valor, cdrf_orden) VALUES (43121, 'C',  1)
/
    INSERT INTO tbl_codigo_referencia_cdrf (cdrf_tpdt_pk, cdrf_valor, cdrf_orden) VALUES (43121, 'L',  2)
/
INSERT INTO tbl_tipo_dato_tpdt (tpdt_pk, tpdt_tipo_html, tpdt_tipo_elemento, tpdt_enti_pk, tpdt_codigo, tpdt_nombre) VALUES (43122, 'S', 'CR', NULL , 'TIPO_ESTAN_ATR_3', 'Tipo de Estancia de Atraque 3')
/
    INSERT INTO tbl_codigo_referencia_cdrf (cdrf_tpdt_pk, cdrf_valor, cdrf_orden) VALUES (43122, 'C',  1)
/
    INSERT INTO tbl_codigo_referencia_cdrf (cdrf_tpdt_pk, cdrf_valor, cdrf_orden) VALUES (43122, 'L',  2)
/
INSERT INTO tbl_tipo_dato_tpdt (tpdt_pk, tpdt_tipo_html, tpdt_tipo_elemento, tpdt_enti_pk, tpdt_codigo, tpdt_nombre) VALUES (43125, 'S', 'CR', NULL , 'TIPO_TRANSPORTE', 'Tipo de Transporte')
/
    INSERT INTO tbl_codigo_referencia_cdrf (cdrf_tpdt_pk, cdrf_valor, cdrf_orden) VALUES (43125, 'ZZ',  1)
/
    INSERT INTO tbl_codigo_referencia_cdrf (cdrf_tpdt_pk, cdrf_valor, cdrf_orden) VALUES (43125, 'AE',  2)
/
    INSERT INTO tbl_codigo_referencia_cdrf (cdrf_tpdt_pk, cdrf_valor, cdrf_orden) VALUES (43125, 'CA',  3)
/
    INSERT INTO tbl_codigo_referencia_cdrf (cdrf_tpdt_pk, cdrf_valor, cdrf_orden) VALUES (43125, 'FE',  4)
/
    INSERT INTO tbl_codigo_referencia_cdrf (cdrf_tpdt_pk, cdrf_valor, cdrf_orden) VALUES (43125, 'MA',  5)
/
    INSERT INTO tbl_codigo_referencia_cdrf (cdrf_tpdt_pk, cdrf_valor, cdrf_orden) VALUES (43125, 'OL',  6)
/
    INSERT INTO tbl_codigo_referencia_cdrf (cdrf_tpdt_pk, cdrf_valor, cdrf_orden) VALUES (43125, 'OT',  7)
/
    INSERT INTO tbl_codigo_referencia_cdrf (cdrf_tpdt_pk, cdrf_valor, cdrf_orden) VALUES (43125, 'ST',  8)
/
    INSERT INTO tbl_codigo_referencia_cdrf (cdrf_tpdt_pk, cdrf_valor, cdrf_orden) VALUES (43125, 'TU',  9)
/
INSERT INTO tbl_tipo_dato_tpdt (tpdt_pk, tpdt_tipo_html, tpdt_tipo_elemento, tpdt_enti_pk, tpdt_codigo, tpdt_nombre) VALUES (43130, 'S', 'CR', NULL , 'DIREC_MERC', 'Direccion de la Mercancia')
/
    INSERT INTO tbl_codigo_referencia_cdrf (cdrf_tpdt_pk, cdrf_valor, cdrf_orden) VALUES (43130, 'E',  1)
/
    INSERT INTO tbl_codigo_referencia_cdrf (cdrf_tpdt_pk, cdrf_valor, cdrf_orden) VALUES (43130, 'S',  2)
/
INSERT INTO tbl_tipo_dato_tpdt (tpdt_pk, tpdt_tipo_html, tpdt_tipo_elemento, tpdt_enti_pk, tpdt_codigo, tpdt_nombre) VALUES (43135, 'S', 'CR', NULL , 'TIPO_BL', 'Tipo de BL')
/
    INSERT INTO tbl_codigo_referencia_cdrf (cdrf_tpdt_pk, cdrf_valor, cdrf_orden) VALUES (43135, 'P',  1)
/
    INSERT INTO tbl_codigo_referencia_cdrf (cdrf_tpdt_pk, cdrf_valor, cdrf_orden) VALUES (43135, 'M',  2)
/
    INSERT INTO tbl_codigo_referencia_cdrf (cdrf_tpdt_pk, cdrf_valor, cdrf_orden) VALUES (43135, 'V',  3)
/
INSERT INTO tbl_tipo_dato_tpdt (tpdt_pk, tpdt_tipo_html, tpdt_tipo_elemento, tpdt_enti_pk, tpdt_codigo, tpdt_nombre) VALUES (43140, 'S', 'CR', NULL , 'ACC_PET_AMARRE', 'Accion de Peticion de Amarre')
/
    INSERT INTO tbl_codigo_referencia_cdrf (cdrf_tpdt_pk, cdrf_valor, cdrf_orden) VALUES (43140, 'AB',  1)
/
    INSERT INTO tbl_codigo_referencia_cdrf (cdrf_tpdt_pk, cdrf_valor, cdrf_orden) VALUES (43140, 'AS',  2)
/
    INSERT INTO tbl_codigo_referencia_cdrf (cdrf_tpdt_pk, cdrf_valor, cdrf_orden) VALUES (43140, 'BA',  3)
/
    INSERT INTO tbl_codigo_referencia_cdrf (cdrf_tpdt_pk, cdrf_valor, cdrf_orden) VALUES (43140, 'BN',  4)
/
    INSERT INTO tbl_codigo_referencia_cdrf (cdrf_tpdt_pk, cdrf_valor, cdrf_orden) VALUES (43140, 'CE',  5)
/
    INSERT INTO tbl_codigo_referencia_cdrf (cdrf_tpdt_pk, cdrf_valor, cdrf_orden) VALUES (43140, 'CT',  6)
/
    INSERT INTO tbl_codigo_referencia_cdrf (cdrf_tpdt_pk, cdrf_valor, cdrf_orden) VALUES (43140, 'DE',  7)
/
    INSERT INTO tbl_codigo_referencia_cdrf (cdrf_tpdt_pk, cdrf_valor, cdrf_orden) VALUES (43140, 'DN',  8)
/
    INSERT INTO tbl_codigo_referencia_cdrf (cdrf_tpdt_pk, cdrf_valor, cdrf_orden) VALUES (43140, 'FD',  9)
/
    INSERT INTO tbl_codigo_referencia_cdrf (cdrf_tpdt_pk, cdrf_valor, cdrf_orden) VALUES (43140, 'LC', 10)
/
    INSERT INTO tbl_codigo_referencia_cdrf (cdrf_tpdt_pk, cdrf_valor, cdrf_orden) VALUES (43140, 'LP', 11)
/
    INSERT INTO tbl_codigo_referencia_cdrf (cdrf_tpdt_pk, cdrf_valor, cdrf_orden) VALUES (43140, 'OT', 12)
/
    INSERT INTO tbl_codigo_referencia_cdrf (cdrf_tpdt_pk, cdrf_valor, cdrf_orden) VALUES (43140, 'RE', 13)
/
    INSERT INTO tbl_codigo_referencia_cdrf (cdrf_tpdt_pk, cdrf_valor, cdrf_orden) VALUES (43140, 'RN', 14)
/
    INSERT INTO tbl_codigo_referencia_cdrf (cdrf_tpdt_pk, cdrf_valor, cdrf_orden) VALUES (43140, 'VA', 15)
/
    INSERT INTO tbl_codigo_referencia_cdrf (cdrf_tpdt_pk, cdrf_valor, cdrf_orden) VALUES (43140, 'VI', 16)
/
INSERT INTO tbl_tipo_dato_tpdt (tpdt_pk, tpdt_tipo_html, tpdt_tipo_elemento, tpdt_enti_pk, tpdt_codigo, tpdt_nombre) VALUES (43145, 'S', 'CR', NULL , 'CERTIF_EDI', 'Certificados EDI')
/
    INSERT INTO tbl_codigo_referencia_cdrf (cdrf_tpdt_pk, cdrf_valor, cdrf_orden) VALUES (43145, 'ZGS',  1)
/
INSERT INTO tbl_tipo_dato_tpdt (tpdt_pk, tpdt_tipo_html, tpdt_tipo_elemento, tpdt_enti_pk, tpdt_codigo, tpdt_nombre) VALUES (43150, 'S', 'CR', NULL , 'COND_TANQUE', 'Condicion de Tanque')
/
    INSERT INTO tbl_codigo_referencia_cdrf (cdrf_tpdt_pk, cdrf_valor, cdrf_orden) VALUES (43150, 'I',  1)
/
    INSERT INTO tbl_codigo_referencia_cdrf (cdrf_tpdt_pk, cdrf_valor, cdrf_orden) VALUES (43150, 'L',  2)
/
    INSERT INTO tbl_codigo_referencia_cdrf (cdrf_tpdt_pk, cdrf_valor, cdrf_orden) VALUES (43150, 'V',  3)
/
INSERT INTO tbl_tipo_dato_tpdt (tpdt_pk, tpdt_tipo_html, tpdt_tipo_elemento, tpdt_enti_pk, tpdt_codigo, tpdt_nombre) VALUES (43155, 'S', 'CR', NULL , 'CONT_BUQUE', 'Contador de Buque')
/
    INSERT INTO tbl_codigo_referencia_cdrf (cdrf_tpdt_pk, cdrf_valor, cdrf_orden) VALUES (43155, 'ES',  1)
/
INSERT INTO tbl_tipo_dato_tpdt (tpdt_pk, tpdt_tipo_html, tpdt_tipo_elemento, tpdt_enti_pk, tpdt_codigo, tpdt_nombre) VALUES (43160, 'S', 'CR', NULL , 'CONT_ESCALA', 'Contador de Escala')
/
    INSERT INTO tbl_codigo_referencia_cdrf (cdrf_tpdt_pk, cdrf_valor, cdrf_orden) VALUES (43160, 'ES',  1)
/
INSERT INTO tbl_tipo_dato_tpdt (tpdt_pk, tpdt_tipo_html, tpdt_tipo_elemento, tpdt_enti_pk, tpdt_codigo, tpdt_nombre) VALUES (43165, 'S', 'CR', NULL , 'CONT_TRAFICO', 'Contador de Servicio de Trafico')
/
    INSERT INTO tbl_codigo_referencia_cdrf (cdrf_tpdt_pk, cdrf_valor, cdrf_orden) VALUES (43165, 'ES',  1)
/
INSERT INTO tbl_tipo_dato_tpdt (tpdt_pk, tpdt_tipo_html, tpdt_tipo_elemento, tpdt_enti_pk, tpdt_codigo, tpdt_nombre) VALUES (43170, 'S', 'CR', NULL , 'CONVENIO_EDI', 'Convenio EDI')
/
    INSERT INTO tbl_codigo_referencia_cdrf (cdrf_tpdt_pk, cdrf_valor, cdrf_orden) VALUES (43170, 'ZCC',  1)
/
    INSERT INTO tbl_codigo_referencia_cdrf (cdrf_tpdt_pk, cdrf_valor, cdrf_orden) VALUES (43170, 'ZGA',  2)
/
INSERT INTO tbl_tipo_dato_tpdt (tpdt_pk, tpdt_tipo_html, tpdt_tipo_elemento, tpdt_enti_pk, tpdt_codigo, tpdt_nombre) VALUES (43175, 'S', 'CR', NULL , 'CREACION', 'Creacion')
/
    INSERT INTO tbl_codigo_referencia_cdrf (cdrf_tpdt_pk, cdrf_valor, cdrf_orden) VALUES (43175, 'A',  1)
/
    INSERT INTO tbl_codigo_referencia_cdrf (cdrf_tpdt_pk, cdrf_valor, cdrf_orden) VALUES (43175, 'M',  2)
/
INSERT INTO tbl_tipo_dato_tpdt (tpdt_pk, tpdt_tipo_html, tpdt_tipo_elemento, tpdt_enti_pk, tpdt_codigo, tpdt_nombre) VALUES (43180, 'S', 'CR', NULL , 'ENT_AGREG', 'Entidad de Agregacion')
/
    INSERT INTO tbl_codigo_referencia_cdrf (cdrf_tpdt_pk, cdrf_valor, cdrf_orden) VALUES (43180, 'Buque',  1)
/
    INSERT INTO tbl_codigo_referencia_cdrf (cdrf_tpdt_pk, cdrf_valor, cdrf_orden) VALUES (43180, 'Escala',  2)
/
    INSERT INTO tbl_codigo_referencia_cdrf (cdrf_tpdt_pk, cdrf_valor, cdrf_orden) VALUES (43180, 'Mercancia',  3)
/
    INSERT INTO tbl_codigo_referencia_cdrf (cdrf_tpdt_pk, cdrf_valor, cdrf_orden) VALUES (43180, 'Pesca',  4)
/
    INSERT INTO tbl_codigo_referencia_cdrf (cdrf_tpdt_pk, cdrf_valor, cdrf_orden) VALUES (43180, 'Superficie',  5)
/
INSERT INTO tbl_tipo_dato_tpdt (tpdt_pk, tpdt_tipo_html, tpdt_tipo_elemento, tpdt_enti_pk, tpdt_codigo, tpdt_nombre) VALUES (43185, 'S', 'CR', NULL , 'EQUIP_LL_VC', 'Equipamiento Lleno-Vacio')
/
    INSERT INTO tbl_codigo_referencia_cdrf (cdrf_tpdt_pk, cdrf_valor, cdrf_orden) VALUES (43185, 'Z',  1)
/
    INSERT INTO tbl_codigo_referencia_cdrf (cdrf_tpdt_pk, cdrf_valor, cdrf_orden) VALUES (43185, '4',  2)
/
    INSERT INTO tbl_codigo_referencia_cdrf (cdrf_tpdt_pk, cdrf_valor, cdrf_orden) VALUES (43185, '7',  3)
/
    INSERT INTO tbl_codigo_referencia_cdrf (cdrf_tpdt_pk, cdrf_valor, cdrf_orden) VALUES (43185, '8',  4)
/
INSERT INTO tbl_tipo_dato_tpdt (tpdt_pk, tpdt_tipo_html, tpdt_tipo_elemento, tpdt_enti_pk, tpdt_codigo, tpdt_nombre) VALUES (43190, 'S', 'CR', NULL , 'ESTADO_EMB_DEP', 'Estado de Embarcacion Autonomica')
/
    INSERT INTO tbl_codigo_referencia_cdrf (cdrf_tpdt_pk, cdrf_valor, cdrf_orden) VALUES (43190, 'A',  1)
/
    INSERT INTO tbl_codigo_referencia_cdrf (cdrf_tpdt_pk, cdrf_valor, cdrf_orden) VALUES (43190, 'F',  2)
/
    INSERT INTO tbl_codigo_referencia_cdrf (cdrf_tpdt_pk, cdrf_valor, cdrf_orden) VALUES (43190, 'V',  3)
/
INSERT INTO tbl_tipo_dato_tpdt (tpdt_pk, tpdt_tipo_html, tpdt_tipo_elemento, tpdt_enti_pk, tpdt_codigo, tpdt_nombre) VALUES (43195, 'S', 'CR', NULL , 'ESTADO_AMA_DEP', 'Estado de Amarre Deportivo')
/
    INSERT INTO tbl_codigo_referencia_cdrf (cdrf_tpdt_pk, cdrf_valor, cdrf_orden) VALUES (43195, 'B',  1)
/
    INSERT INTO tbl_codigo_referencia_cdrf (cdrf_tpdt_pk, cdrf_valor, cdrf_orden) VALUES (43195, 'D',  2)
/
    INSERT INTO tbl_codigo_referencia_cdrf (cdrf_tpdt_pk, cdrf_valor, cdrf_orden) VALUES (43195, 'L',  3)
/
    INSERT INTO tbl_codigo_referencia_cdrf (cdrf_tpdt_pk, cdrf_valor, cdrf_orden) VALUES (43195, 'O',  4)
/
    INSERT INTO tbl_codigo_referencia_cdrf (cdrf_tpdt_pk, cdrf_valor, cdrf_orden) VALUES (43195, 'R',  5)
/
    INSERT INTO tbl_codigo_referencia_cdrf (cdrf_tpdt_pk, cdrf_valor, cdrf_orden) VALUES (43195, 'T',  6)
/
INSERT INTO tbl_tipo_dato_tpdt (tpdt_pk, tpdt_tipo_html, tpdt_tipo_elemento, tpdt_enti_pk, tpdt_codigo, tpdt_nombre) VALUES (43200, 'S', 'CR', NULL , 'ESTADO_ASIG_AMA', 'Estado de Asignacion Amarre')
/
    INSERT INTO tbl_codigo_referencia_cdrf (cdrf_tpdt_pk, cdrf_valor, cdrf_orden) VALUES (43200, 'A',  1)
/
    INSERT INTO tbl_codigo_referencia_cdrf (cdrf_tpdt_pk, cdrf_valor, cdrf_orden) VALUES (43200, 'B',  2)
/
    INSERT INTO tbl_codigo_referencia_cdrf (cdrf_tpdt_pk, cdrf_valor, cdrf_orden) VALUES (43200, 'F',  3)
/
    INSERT INTO tbl_codigo_referencia_cdrf (cdrf_tpdt_pk, cdrf_valor, cdrf_orden) VALUES (43200, 'P',  4)
/
    INSERT INTO tbl_codigo_referencia_cdrf (cdrf_tpdt_pk, cdrf_valor, cdrf_orden) VALUES (43200, 'R',  5)
/
INSERT INTO tbl_tipo_dato_tpdt (tpdt_pk, tpdt_tipo_html, tpdt_tipo_elemento, tpdt_enti_pk, tpdt_codigo, tpdt_nombre) VALUES (43205, 'S', 'CR', NULL , 'ESTADO_BIEN_HIST', 'Estado de Bien Historico')
/
    INSERT INTO tbl_codigo_referencia_cdrf (cdrf_tpdt_pk, cdrf_valor, cdrf_orden) VALUES (43205, 'AE',  1)
/
    INSERT INTO tbl_codigo_referencia_cdrf (cdrf_tpdt_pk, cdrf_valor, cdrf_orden) VALUES (43205, 'AS',  2)
/
    INSERT INTO tbl_codigo_referencia_cdrf (cdrf_tpdt_pk, cdrf_valor, cdrf_orden) VALUES (43205, 'FU',  3)
/
    INSERT INTO tbl_codigo_referencia_cdrf (cdrf_tpdt_pk, cdrf_valor, cdrf_orden) VALUES (43205, 'LI',  4)
/
    INSERT INTO tbl_codigo_referencia_cdrf (cdrf_tpdt_pk, cdrf_valor, cdrf_orden) VALUES (43205, 'OB',  5)
/
INSERT INTO tbl_tipo_dato_tpdt (tpdt_pk, tpdt_tipo_html, tpdt_tipo_elemento, tpdt_enti_pk, tpdt_codigo, tpdt_nombre) VALUES (43210, 'S', 'CR', NULL , 'ESTADO_EXP_CONS', 'Estado de Expediente Consejo')
/
    INSERT INTO tbl_codigo_referencia_cdrf (cdrf_tpdt_pk, cdrf_valor, cdrf_orden) VALUES (43210, 'D',  1)
/
    INSERT INTO tbl_codigo_referencia_cdrf (cdrf_tpdt_pk, cdrf_valor, cdrf_orden) VALUES (43210, 'P',  2)
/
    INSERT INTO tbl_codigo_referencia_cdrf (cdrf_tpdt_pk, cdrf_valor, cdrf_orden) VALUES (43210, 'R',  3)
/
INSERT INTO tbl_tipo_dato_tpdt (tpdt_pk, tpdt_tipo_html, tpdt_tipo_elemento, tpdt_enti_pk, tpdt_codigo, tpdt_nombre) VALUES (43215, 'S', 'CR', NULL , 'ESTADO_FACT', 'Estado de Factura')
/
    INSERT INTO tbl_codigo_referencia_cdrf (cdrf_tpdt_pk, cdrf_valor, cdrf_orden) VALUES (43215, 'NO',  1)
/
    INSERT INTO tbl_codigo_referencia_cdrf (cdrf_tpdt_pk, cdrf_valor, cdrf_orden) VALUES (43215, 'AN',  2)
/
    INSERT INTO tbl_codigo_referencia_cdrf (cdrf_tpdt_pk, cdrf_valor, cdrf_orden) VALUES (43215, 'RN',  3)
/
    INSERT INTO tbl_codigo_referencia_cdrf (cdrf_tpdt_pk, cdrf_valor, cdrf_orden) VALUES (43215, 'RP',  4)
/
INSERT INTO tbl_tipo_dato_tpdt (tpdt_pk, tpdt_tipo_html, tpdt_tipo_elemento, tpdt_enti_pk, tpdt_codigo, tpdt_nombre) VALUES (43220, 'S', 'CR', NULL , 'ESTADO_PET_AMA', 'Estado de Peticion de Amarre')
/
    INSERT INTO tbl_codigo_referencia_cdrf (cdrf_tpdt_pk, cdrf_valor, cdrf_orden) VALUES (43220, 'A',  1)
/
    INSERT INTO tbl_codigo_referencia_cdrf (cdrf_tpdt_pk, cdrf_valor, cdrf_orden) VALUES (43220, 'B',  2)
/
    INSERT INTO tbl_codigo_referencia_cdrf (cdrf_tpdt_pk, cdrf_valor, cdrf_orden) VALUES (43220, 'D',  3)
/
    INSERT INTO tbl_codigo_referencia_cdrf (cdrf_tpdt_pk, cdrf_valor, cdrf_orden) VALUES (43220, 'R',  4)
/
    INSERT INTO tbl_codigo_referencia_cdrf (cdrf_tpdt_pk, cdrf_valor, cdrf_orden) VALUES (43220, 'S',  5)
/
    INSERT INTO tbl_codigo_referencia_cdrf (cdrf_tpdt_pk, cdrf_valor, cdrf_orden) VALUES (43220, 'V',  6)
/
INSERT INTO tbl_tipo_dato_tpdt (tpdt_pk, tpdt_tipo_html, tpdt_tipo_elemento, tpdt_enti_pk, tpdt_codigo, tpdt_nombre) VALUES (43225, 'S', 'CR', NULL , 'ESTADO_PROC_FACT', 'Estado de Proceso de Facturacion')
/
    INSERT INTO tbl_codigo_referencia_cdrf (cdrf_tpdt_pk, cdrf_valor, cdrf_orden) VALUES (43225, 'C',  1)
/
    INSERT INTO tbl_codigo_referencia_cdrf (cdrf_tpdt_pk, cdrf_valor, cdrf_orden) VALUES (43225, 'E',  2)
/
    INSERT INTO tbl_codigo_referencia_cdrf (cdrf_tpdt_pk, cdrf_valor, cdrf_orden) VALUES (43225, 'F',  3)
/
    INSERT INTO tbl_codigo_referencia_cdrf (cdrf_tpdt_pk, cdrf_valor, cdrf_orden) VALUES (43225, 'I',  4)
/
INSERT INTO tbl_tipo_dato_tpdt (tpdt_pk, tpdt_tipo_html, tpdt_tipo_elemento, tpdt_enti_pk, tpdt_codigo, tpdt_nombre) VALUES (43230, 'S', 'CR', NULL , 'ESTADO_AMA', 'Estado de Amarre')
/
    INSERT INTO tbl_codigo_referencia_cdrf (cdrf_tpdt_pk, cdrf_valor, cdrf_orden) VALUES (43230, 'F',  1)
/
    INSERT INTO tbl_codigo_referencia_cdrf (cdrf_tpdt_pk, cdrf_valor, cdrf_orden) VALUES (43230, 'S',  2)
/
INSERT INTO tbl_tipo_dato_tpdt (tpdt_pk, tpdt_tipo_html, tpdt_tipo_elemento, tpdt_enti_pk, tpdt_codigo, tpdt_nombre) VALUES (43235, 'S', 'CR', NULL , 'ESTADO_ATR', 'Estado de Atraque')
/
    INSERT INTO tbl_codigo_referencia_cdrf (cdrf_tpdt_pk, cdrf_valor, cdrf_orden) VALUES (43235, 'A',  1)
/
    INSERT INTO tbl_codigo_referencia_cdrf (cdrf_tpdt_pk, cdrf_valor, cdrf_orden) VALUES (43235, 'C',  2)
/
    INSERT INTO tbl_codigo_referencia_cdrf (cdrf_tpdt_pk, cdrf_valor, cdrf_orden) VALUES (43235, 'D',  3)
/
    INSERT INTO tbl_codigo_referencia_cdrf (cdrf_tpdt_pk, cdrf_valor, cdrf_orden) VALUES (43235, 'F',  4)
/
    INSERT INTO tbl_codigo_referencia_cdrf (cdrf_tpdt_pk, cdrf_valor, cdrf_orden) VALUES (43235, 'I',  5)
/
    INSERT INTO tbl_codigo_referencia_cdrf (cdrf_tpdt_pk, cdrf_valor, cdrf_orden) VALUES (43235, 'S',  6)
/
INSERT INTO tbl_tipo_dato_tpdt (tpdt_pk, tpdt_tipo_html, tpdt_tipo_elemento, tpdt_enti_pk, tpdt_codigo, tpdt_nombre) VALUES (43240, 'S', 'CR', NULL , 'ESTADO_BAS_EXP', 'Estado Basico de Expediente')
/
    INSERT INTO tbl_codigo_referencia_cdrf (cdrf_tpdt_pk, cdrf_valor, cdrf_orden) VALUES (43240, 'EX',  1)
/
    INSERT INTO tbl_codigo_referencia_cdrf (cdrf_tpdt_pk, cdrf_valor, cdrf_orden) VALUES (43240, 'FE',  2)
/
    INSERT INTO tbl_codigo_referencia_cdrf (cdrf_tpdt_pk, cdrf_valor, cdrf_orden) VALUES (43240, 'FT',  3)
/
    INSERT INTO tbl_codigo_referencia_cdrf (cdrf_tpdt_pk, cdrf_valor, cdrf_orden) VALUES (43240, 'OB',  4)
/
    INSERT INTO tbl_codigo_referencia_cdrf (cdrf_tpdt_pk, cdrf_valor, cdrf_orden) VALUES (43240, 'OT',  5)
/
    INSERT INTO tbl_codigo_referencia_cdrf (cdrf_tpdt_pk, cdrf_valor, cdrf_orden) VALUES (43240, 'TR',  6)
/
INSERT INTO tbl_tipo_dato_tpdt (tpdt_pk, tpdt_tipo_html, tpdt_tipo_elemento, tpdt_enti_pk, tpdt_codigo, tpdt_nombre) VALUES (43245, 'S', 'CR', NULL , 'ESTADO_CM', 'Estado de Capitania Maritima Escala')
/
    INSERT INTO tbl_codigo_referencia_cdrf (cdrf_tpdt_pk, cdrf_valor, cdrf_orden) VALUES (43245, 'A',  1)
/
    INSERT INTO tbl_codigo_referencia_cdrf (cdrf_tpdt_pk, cdrf_valor, cdrf_orden) VALUES (43245, 'D',  1)
/
    INSERT INTO tbl_codigo_referencia_cdrf (cdrf_tpdt_pk, cdrf_valor, cdrf_orden) VALUES (43245, 'S',  1)
/
INSERT INTO tbl_tipo_dato_tpdt (tpdt_pk, tpdt_tipo_html, tpdt_tipo_elemento, tpdt_enti_pk, tpdt_codigo, tpdt_nombre) VALUES (43250, 'S', 'CR', NULL , 'ESTADO_CONT_SUM', 'Estado de Contador de Suministro')
/
    INSERT INTO tbl_codigo_referencia_cdrf (cdrf_tpdt_pk, cdrf_valor, cdrf_orden) VALUES (43250, 'A',  1)
/
    INSERT INTO tbl_codigo_referencia_cdrf (cdrf_tpdt_pk, cdrf_valor, cdrf_orden) VALUES (43250, 'D',  2)
/
INSERT INTO tbl_tipo_dato_tpdt (tpdt_pk, tpdt_tipo_html, tpdt_tipo_elemento, tpdt_enti_pk, tpdt_codigo, tpdt_nombre) VALUES (43255, 'S', 'CR', NULL , 'ESTADO_SER_DIV', 'Estado de Servicio Diverso')
/
    INSERT INTO tbl_codigo_referencia_cdrf (cdrf_tpdt_pk, cdrf_valor, cdrf_orden) VALUES (43255, 'C',  1)
/
    INSERT INTO tbl_codigo_referencia_cdrf (cdrf_tpdt_pk, cdrf_valor, cdrf_orden) VALUES (43255, 'F',  2)
/
    INSERT INTO tbl_codigo_referencia_cdrf (cdrf_tpdt_pk, cdrf_valor, cdrf_orden) VALUES (43255, 'I',  3)
/
    INSERT INTO tbl_codigo_referencia_cdrf (cdrf_tpdt_pk, cdrf_valor, cdrf_orden) VALUES (43255, 'S',  4)
/
INSERT INTO tbl_tipo_dato_tpdt (tpdt_pk, tpdt_tipo_html, tpdt_tipo_elemento, tpdt_enti_pk, tpdt_codigo, tpdt_nombre) VALUES (43260, 'S', 'CR', NULL , 'ESTADO_SER_EMBAUT', 'Estado de Servicio de Embarcacion Autonomica')
/
    INSERT INTO tbl_codigo_referencia_cdrf (cdrf_tpdt_pk, cdrf_valor, cdrf_orden) VALUES (43260, 'A',  1)
/
INSERT INTO tbl_tipo_dato_tpdt (tpdt_pk, tpdt_tipo_html, tpdt_tipo_elemento, tpdt_enti_pk, tpdt_codigo, tpdt_nombre) VALUES (43265, 'S', 'CR', NULL , 'ESTADO_ESCALA', 'Estado de Escala')
/
    INSERT INTO tbl_codigo_referencia_cdrf (cdrf_tpdt_pk, cdrf_valor, cdrf_orden) VALUES (43265, 'A',  1)
/
    INSERT INTO tbl_codigo_referencia_cdrf (cdrf_tpdt_pk, cdrf_valor, cdrf_orden) VALUES (43265, 'C',  2)
/
    INSERT INTO tbl_codigo_referencia_cdrf (cdrf_tpdt_pk, cdrf_valor, cdrf_orden) VALUES (43265, 'D',  3)
/
    INSERT INTO tbl_codigo_referencia_cdrf (cdrf_tpdt_pk, cdrf_valor, cdrf_orden) VALUES (43265, 'F',  4)
/
    INSERT INTO tbl_codigo_referencia_cdrf (cdrf_tpdt_pk, cdrf_valor, cdrf_orden) VALUES (43265, 'I',  5)
/
    INSERT INTO tbl_codigo_referencia_cdrf (cdrf_tpdt_pk, cdrf_valor, cdrf_orden) VALUES (43265, 'S',  6)
/
INSERT INTO tbl_tipo_dato_tpdt (tpdt_pk, tpdt_tipo_html, tpdt_tipo_elemento, tpdt_enti_pk, tpdt_codigo, tpdt_nombre) VALUES (43270, 'S', 'CR', NULL , 'ESTADO_INCID', 'Estado de Incidencia')
/
    INSERT INTO tbl_codigo_referencia_cdrf (cdrf_tpdt_pk, cdrf_valor, cdrf_orden) VALUES (43270, 'AB',  1)
/
    INSERT INTO tbl_codigo_referencia_cdrf (cdrf_tpdt_pk, cdrf_valor, cdrf_orden) VALUES (43270, 'CE',  2)
/
INSERT INTO tbl_tipo_dato_tpdt (tpdt_pk, tpdt_tipo_html, tpdt_tipo_elemento, tpdt_enti_pk, tpdt_codigo, tpdt_nombre) VALUES (43275, 'S', 'CR', NULL , 'ESTADO_PRAC', 'Estado de Practicaje')
/
    INSERT INTO tbl_codigo_referencia_cdrf (cdrf_tpdt_pk, cdrf_valor, cdrf_orden) VALUES (43275, 'F',  1)
/
    INSERT INTO tbl_codigo_referencia_cdrf (cdrf_tpdt_pk, cdrf_valor, cdrf_orden) VALUES (43275, 'S',  2)
/
INSERT INTO tbl_tipo_dato_tpdt (tpdt_pk, tpdt_tipo_html, tpdt_tipo_elemento, tpdt_enti_pk, tpdt_codigo, tpdt_nombre) VALUES (43280, 'S', 'CR', NULL , 'ESTADO_REM', 'Estado de Remolque')
/
    INSERT INTO tbl_codigo_referencia_cdrf (cdrf_tpdt_pk, cdrf_valor, cdrf_orden) VALUES (43280, 'F',  1)
/
    INSERT INTO tbl_codigo_referencia_cdrf (cdrf_tpdt_pk, cdrf_valor, cdrf_orden) VALUES (43280, 'S',  2)
/
INSERT INTO tbl_tipo_dato_tpdt (tpdt_pk, tpdt_tipo_html, tpdt_tipo_elemento, tpdt_enti_pk, tpdt_codigo, tpdt_nombre) VALUES (43285, 'S', 'CR', NULL , 'ESTADO_SER_MUL', 'Estado de Servicio Multiple')
/
    INSERT INTO tbl_codigo_referencia_cdrf (cdrf_tpdt_pk, cdrf_valor, cdrf_orden) VALUES (43285, 'A_ESC',  1)
/
    INSERT INTO tbl_codigo_referencia_cdrf (cdrf_tpdt_pk, cdrf_valor, cdrf_orden) VALUES (43285, 'A_MAN',  2)
/
    INSERT INTO tbl_codigo_referencia_cdrf (cdrf_tpdt_pk, cdrf_valor, cdrf_orden) VALUES (43285, 'A_SUB',  3)
/
    INSERT INTO tbl_codigo_referencia_cdrf (cdrf_tpdt_pk, cdrf_valor, cdrf_orden) VALUES (43285, 'A_SUP',  4)
/
    INSERT INTO tbl_codigo_referencia_cdrf (cdrf_tpdt_pk, cdrf_valor, cdrf_orden) VALUES (43285, 'B_MAN',  5)
/
    INSERT INTO tbl_codigo_referencia_cdrf (cdrf_tpdt_pk, cdrf_valor, cdrf_orden) VALUES (43285, 'C_DIV',  6)
/
    INSERT INTO tbl_codigo_referencia_cdrf (cdrf_tpdt_pk, cdrf_valor, cdrf_orden) VALUES (43285, 'C_ESC',  7)
/
    INSERT INTO tbl_codigo_referencia_cdrf (cdrf_tpdt_pk, cdrf_valor, cdrf_orden) VALUES (43285, 'C_MAN',  8)
/
    INSERT INTO tbl_codigo_referencia_cdrf (cdrf_tpdt_pk, cdrf_valor, cdrf_orden) VALUES (43285, 'C_SUB',  9)
/
    INSERT INTO tbl_codigo_referencia_cdrf (cdrf_tpdt_pk, cdrf_valor, cdrf_orden) VALUES (43285, 'C_SUP',  10)
/
    INSERT INTO tbl_codigo_referencia_cdrf (cdrf_tpdt_pk, cdrf_valor, cdrf_orden) VALUES (43285, 'D_ESC',  11)
/
    INSERT INTO tbl_codigo_referencia_cdrf (cdrf_tpdt_pk, cdrf_valor, cdrf_orden) VALUES (43285, 'D_SUB',  12)
/
    INSERT INTO tbl_codigo_referencia_cdrf (cdrf_tpdt_pk, cdrf_valor, cdrf_orden) VALUES (43285, 'D_SUP',  13)
/
-- FIXME FALTAN
INSERT INTO tbl_tipo_dato_tpdt (tpdt_pk, tpdt_tipo_html, tpdt_tipo_elemento, tpdt_enti_pk, tpdt_codigo, tpdt_nombre) VALUES (43290, 'S', 'CR', NULL , 'ESTADO_SUP', 'Estado de Superficie')
/
    INSERT INTO tbl_codigo_referencia_cdrf (cdrf_tpdt_pk, cdrf_valor, cdrf_orden) VALUES (43290, 'A',  1)
/
    INSERT INTO tbl_codigo_referencia_cdrf (cdrf_tpdt_pk, cdrf_valor, cdrf_orden) VALUES (43290, 'C',  2)
/
    INSERT INTO tbl_codigo_referencia_cdrf (cdrf_tpdt_pk, cdrf_valor, cdrf_orden) VALUES (43290, 'D',  3)
/
    INSERT INTO tbl_codigo_referencia_cdrf (cdrf_tpdt_pk, cdrf_valor, cdrf_orden) VALUES (43290, 'F',  4)
/
    INSERT INTO tbl_codigo_referencia_cdrf (cdrf_tpdt_pk, cdrf_valor, cdrf_orden) VALUES (43290, 'I',  5)
/
    INSERT INTO tbl_codigo_referencia_cdrf (cdrf_tpdt_pk, cdrf_valor, cdrf_orden) VALUES (43290, 'S',  6)
/
INSERT INTO tbl_tipo_dato_tpdt (tpdt_pk, tpdt_tipo_html, tpdt_tipo_elemento, tpdt_enti_pk, tpdt_codigo, tpdt_nombre) VALUES (43295, 'S', 'CR', NULL , 'ESTADO_SUM', 'Estado de Suministro')
/
    INSERT INTO tbl_codigo_referencia_cdrf (cdrf_tpdt_pk, cdrf_valor, cdrf_orden) VALUES (43295, 'A',  1)
/
    INSERT INTO tbl_codigo_referencia_cdrf (cdrf_tpdt_pk, cdrf_valor, cdrf_orden) VALUES (43295, 'C',  2)
/
    INSERT INTO tbl_codigo_referencia_cdrf (cdrf_tpdt_pk, cdrf_valor, cdrf_orden) VALUES (43295, 'D',  3)
/
    INSERT INTO tbl_codigo_referencia_cdrf (cdrf_tpdt_pk, cdrf_valor, cdrf_orden) VALUES (43295, 'F',  4)
/
    INSERT INTO tbl_codigo_referencia_cdrf (cdrf_tpdt_pk, cdrf_valor, cdrf_orden) VALUES (43295, 'I',  5)
/
    INSERT INTO tbl_codigo_referencia_cdrf (cdrf_tpdt_pk, cdrf_valor, cdrf_orden) VALUES (43295, 'S',  6)
/
INSERT INTO tbl_tipo_dato_tpdt (tpdt_pk, tpdt_tipo_html, tpdt_tipo_elemento, tpdt_enti_pk, tpdt_codigo, tpdt_nombre) VALUES (43300, 'S', 'CR', NULL , 'ESTADO_TASA_SERV', 'Estado de Tasa de Servicio')
/
    INSERT INTO tbl_codigo_referencia_cdrf (cdrf_tpdt_pk, cdrf_valor, cdrf_orden) VALUES (43300, 'E',  1)
/
    INSERT INTO tbl_codigo_referencia_cdrf (cdrf_tpdt_pk, cdrf_valor, cdrf_orden) VALUES (43300, 'L',  2)
/
    INSERT INTO tbl_codigo_referencia_cdrf (cdrf_tpdt_pk, cdrf_valor, cdrf_orden) VALUES (43300, 'N',  3)
/
    INSERT INTO tbl_codigo_referencia_cdrf (cdrf_tpdt_pk, cdrf_valor, cdrf_orden) VALUES (43300, 'P',  4)
/
    INSERT INTO tbl_codigo_referencia_cdrf (cdrf_tpdt_pk, cdrf_valor, cdrf_orden) VALUES (43300, 'T',  5)
/
    INSERT INTO tbl_codigo_referencia_cdrf (cdrf_tpdt_pk, cdrf_valor, cdrf_orden) VALUES (43300, 'V',  6)
/
    INSERT INTO tbl_codigo_referencia_cdrf (cdrf_tpdt_pk, cdrf_valor, cdrf_orden) VALUES (43300, 'X',  7)
/
INSERT INTO tbl_tipo_dato_tpdt (tpdt_pk, tpdt_tipo_html, tpdt_tipo_elemento, tpdt_enti_pk, tpdt_codigo, tpdt_nombre) VALUES (43305, 'S', 'CR', NULL , 'ESTADO_VALOR', 'Estado de Valoracion')
/
    INSERT INTO tbl_codigo_referencia_cdrf (cdrf_tpdt_pk, cdrf_valor, cdrf_orden) VALUES (43305, 'A',  1)
/
    INSERT INTO tbl_codigo_referencia_cdrf (cdrf_tpdt_pk, cdrf_valor, cdrf_orden) VALUES (43305, 'B',  2)
/
INSERT INTO tbl_tipo_dato_tpdt (tpdt_pk, tpdt_tipo_html, tpdt_tipo_elemento, tpdt_enti_pk, tpdt_codigo, tpdt_nombre) VALUES (43310, 'S', 'CR', NULL , 'ZONA', 'Zona')
/
    INSERT INTO tbl_codigo_referencia_cdrf (cdrf_tpdt_pk, cdrf_valor, cdrf_orden) VALUES (43310, 'I',  1)
/
    INSERT INTO tbl_codigo_referencia_cdrf (cdrf_tpdt_pk, cdrf_valor, cdrf_orden) VALUES (43310, 'II',  2)
/
INSERT INTO tbl_tipo_dato_tpdt (tpdt_pk, tpdt_tipo_html, tpdt_tipo_elemento, tpdt_enti_pk, tpdt_codigo, tpdt_nombre) VALUES (43315, 'S', 'CR', NULL , 'UNID_MED_BERMAN', 'Unidad de Medida Berman')
/
    INSERT INTO tbl_codigo_referencia_cdrf (cdrf_tpdt_pk, cdrf_valor, cdrf_orden) VALUES (43315, 'KGM',  1)
/
    INSERT INTO tbl_codigo_referencia_cdrf (cdrf_tpdt_pk, cdrf_valor, cdrf_orden) VALUES (43315, 'MTQ',  2)
/
    INSERT INTO tbl_codigo_referencia_cdrf (cdrf_tpdt_pk, cdrf_valor, cdrf_orden) VALUES (43315, 'MTR',  3)
/
    INSERT INTO tbl_codigo_referencia_cdrf (cdrf_tpdt_pk, cdrf_valor, cdrf_orden) VALUES (43315, 'NPT',  4)
/
    INSERT INTO tbl_codigo_referencia_cdrf (cdrf_tpdt_pk, cdrf_valor, cdrf_orden) VALUES (43315, 'TNE',  5)
/
INSERT INTO tbl_tipo_dato_tpdt (tpdt_pk, tpdt_tipo_html, tpdt_tipo_elemento, tpdt_enti_pk, tpdt_codigo, tpdt_nombre) VALUES (43320, 'S', 'CR', NULL , 'UNID_PLAZO_EXP', 'Unidad de Plazo de Expediente')
/
    INSERT INTO tbl_codigo_referencia_cdrf (cdrf_tpdt_pk, cdrf_valor, cdrf_orden) VALUES (43320, 'D',  1)
/
    INSERT INTO tbl_codigo_referencia_cdrf (cdrf_tpdt_pk, cdrf_valor, cdrf_orden) VALUES (43320, 'M',  2)
/
    INSERT INTO tbl_codigo_referencia_cdrf (cdrf_tpdt_pk, cdrf_valor, cdrf_orden) VALUES (43320, 'A',  3)
/
INSERT INTO tbl_tipo_dato_tpdt (tpdt_pk, tpdt_tipo_html, tpdt_tipo_elemento, tpdt_enti_pk, tpdt_codigo, tpdt_nombre) VALUES (43325, 'S', 'CR', NULL , 'UNID_MED_SUP', 'Unidad de Medida de Superficie')
/
    INSERT INTO tbl_codigo_referencia_cdrf (cdrf_tpdt_pk, cdrf_valor, cdrf_orden) VALUES (43325, 'm1',  1)
/
    INSERT INTO tbl_codigo_referencia_cdrf (cdrf_tpdt_pk, cdrf_valor, cdrf_orden) VALUES (43325, 'm2',  2)
/
INSERT INTO tbl_tipo_dato_tpdt (tpdt_pk, tpdt_tipo_html, tpdt_tipo_elemento, tpdt_enti_pk, tpdt_codigo, tpdt_nombre) VALUES (43330, 'S', 'CR', NULL , 'TRANS_SIMPL', 'Transito Simplificado')
/
    INSERT INTO tbl_codigo_referencia_cdrf (cdrf_tpdt_pk, cdrf_valor, cdrf_orden) VALUES (43330, 'ZS1',  1)
/
    INSERT INTO tbl_codigo_referencia_cdrf (cdrf_tpdt_pk, cdrf_valor, cdrf_orden) VALUES (43330, 'ZS2',  2)
/
    INSERT INTO tbl_codigo_referencia_cdrf (cdrf_tpdt_pk, cdrf_valor, cdrf_orden) VALUES (43330, 'ZS4',  3)
/
INSERT INTO tbl_tipo_dato_tpdt (tpdt_pk, tpdt_tipo_html, tpdt_tipo_elemento, tpdt_enti_pk, tpdt_codigo, tpdt_nombre) VALUES (43335, 'S', 'CR', NULL , 'TIPO_VEHIC', 'Tipo de Vehiculo')
/
    INSERT INTO tbl_codigo_referencia_cdrf (cdrf_tpdt_pk, cdrf_valor, cdrf_orden) VALUES (43335, 'AU',  1)
/
    INSERT INTO tbl_codigo_referencia_cdrf (cdrf_tpdt_pk, cdrf_valor, cdrf_orden) VALUES (43335, 'CA',  2)
/
    INSERT INTO tbl_codigo_referencia_cdrf (cdrf_tpdt_pk, cdrf_valor, cdrf_orden) VALUES (43335, 'FU',  3)
/
    INSERT INTO tbl_codigo_referencia_cdrf (cdrf_tpdt_pk, cdrf_valor, cdrf_orden) VALUES (43335, 'MN',  4)
/
    INSERT INTO tbl_codigo_referencia_cdrf (cdrf_tpdt_pk, cdrf_valor, cdrf_orden) VALUES (43335, 'MO',  5)
/
    INSERT INTO tbl_codigo_referencia_cdrf (cdrf_tpdt_pk, cdrf_valor, cdrf_orden) VALUES (43335, 'RE',  6)
/
    INSERT INTO tbl_codigo_referencia_cdrf (cdrf_tpdt_pk, cdrf_valor, cdrf_orden) VALUES (43335, 'SM',  7)
/
    INSERT INTO tbl_codigo_referencia_cdrf (cdrf_tpdt_pk, cdrf_valor, cdrf_orden) VALUES (43335, 'TT',  8)
/
INSERT INTO tbl_tipo_dato_tpdt (tpdt_pk, tpdt_tipo_html, tpdt_tipo_elemento, tpdt_enti_pk, tpdt_codigo, tpdt_nombre) VALUES (43340, 'S', 'CR', NULL , 'TIPO_VAL_SUP', 'Tipo de Valoracion de Superficie')
/
    INSERT INTO tbl_codigo_referencia_cdrf (cdrf_tpdt_pk, cdrf_valor, cdrf_orden) VALUES (43340, 'C',  1)
/
    INSERT INTO tbl_codigo_referencia_cdrf (cdrf_tpdt_pk, cdrf_valor, cdrf_orden) VALUES (43340, 'R',  2)
/
INSERT INTO tbl_tipo_dato_tpdt (tpdt_pk, tpdt_tipo_html, tpdt_tipo_elemento, tpdt_enti_pk, tpdt_codigo, tpdt_nombre) VALUES (43345, 'S', 'CR', NULL , 'TIPO_UNIDAD', 'Tipo de Unidad')
/
    INSERT INTO tbl_codigo_referencia_cdrf (cdrf_tpdt_pk, cdrf_valor, cdrf_orden) VALUES (43345, 'EM2',  1)
/
    INSERT INTO tbl_codigo_referencia_cdrf (cdrf_tpdt_pk, cdrf_valor, cdrf_orden) VALUES (43345, 'EUR',  2)
/
    INSERT INTO tbl_codigo_referencia_cdrf (cdrf_tpdt_pk, cdrf_valor, cdrf_orden) VALUES (43345, 'GTS',  3)
/
    INSERT INTO tbl_codigo_referencia_cdrf (cdrf_tpdt_pk, cdrf_valor, cdrf_orden) VALUES (43345, 'LTR',  4)
/
    INSERT INTO tbl_codigo_referencia_cdrf (cdrf_tpdt_pk, cdrf_valor, cdrf_orden) VALUES (43345, 'MAN',  5)
/
    INSERT INTO tbl_codigo_referencia_cdrf (cdrf_tpdt_pk, cdrf_valor, cdrf_orden) VALUES (43345, 'MIN',  6)
/
    INSERT INTO tbl_codigo_referencia_cdrf (cdrf_tpdt_pk, cdrf_valor, cdrf_orden) VALUES (43345, 'MPH',  7)
/
    INSERT INTO tbl_codigo_referencia_cdrf (cdrf_tpdt_pk, cdrf_valor, cdrf_orden) VALUES (43345, 'PAX',  8)
/
    INSERT INTO tbl_codigo_referencia_cdrf (cdrf_tpdt_pk, cdrf_valor, cdrf_orden) VALUES (43345, 'PCE',  9)
/
    INSERT INTO tbl_codigo_referencia_cdrf (cdrf_tpdt_pk, cdrf_valor, cdrf_orden) VALUES (43345, 'REC',  10)
/
    INSERT INTO tbl_codigo_referencia_cdrf (cdrf_tpdt_pk, cdrf_valor, cdrf_orden) VALUES (43345, 'SRV',  11)
/
    INSERT INTO tbl_codigo_referencia_cdrf (cdrf_tpdt_pk, cdrf_valor, cdrf_orden) VALUES (43345, 'TBJ',  12)
/
    INSERT INTO tbl_codigo_referencia_cdrf (cdrf_tpdt_pk, cdrf_valor, cdrf_orden) VALUES (43345, 'TEU',  13)
/
    INSERT INTO tbl_codigo_referencia_cdrf (cdrf_tpdt_pk, cdrf_valor, cdrf_orden) VALUES (43345, 'TNE',  14)
/
    INSERT INTO tbl_codigo_referencia_cdrf (cdrf_tpdt_pk, cdrf_valor, cdrf_orden) VALUES (43345, 'TNR',  15)
/
    INSERT INTO tbl_codigo_referencia_cdrf (cdrf_tpdt_pk, cdrf_valor, cdrf_orden) VALUES (43345, 'TPH',  16)
/
    INSERT INTO tbl_codigo_referencia_cdrf (cdrf_tpdt_pk, cdrf_valor, cdrf_orden) VALUES (43345, 'VPN',  17)
/
INSERT INTO tbl_tipo_dato_tpdt (tpdt_pk, tpdt_tipo_html, tpdt_tipo_elemento, tpdt_enti_pk, tpdt_codigo, tpdt_nombre) VALUES (43350, 'S', 'CR', NULL , 'TIPO_TASATARIFA', 'Tipo de Tasa-Tarifa')
/
    INSERT INTO tbl_codigo_referencia_cdrf (cdrf_tpdt_pk, cdrf_valor, cdrf_orden) VALUES (43350, 'T',  1)
/
    INSERT INTO tbl_codigo_referencia_cdrf (cdrf_tpdt_pk, cdrf_valor, cdrf_orden) VALUES (43350, 'B',  2)
/
INSERT INTO tbl_tipo_dato_tpdt (tpdt_pk, tpdt_tipo_html, tpdt_tipo_elemento, tpdt_enti_pk, tpdt_codigo, tpdt_nombre) VALUES (43355, 'S', 'CR', NULL , 'TIPO_SERV_DOC', 'Tipo de Servicio de Documento')
/
    INSERT INTO tbl_codigo_referencia_cdrf (cdrf_tpdt_pk, cdrf_valor, cdrf_orden) VALUES (43355, 'ESC',  1)
/
    INSERT INTO tbl_codigo_referencia_cdrf (cdrf_tpdt_pk, cdrf_valor, cdrf_orden) VALUES (43355, 'INC',  2)
/
    INSERT INTO tbl_codigo_referencia_cdrf (cdrf_tpdt_pk, cdrf_valor, cdrf_orden) VALUES (43355, 'MAN',  3)
/
    INSERT INTO tbl_codigo_referencia_cdrf (cdrf_tpdt_pk, cdrf_valor, cdrf_orden) VALUES (43355, 'N-A',  4)
/
INSERT INTO tbl_tipo_dato_tpdt (tpdt_pk, tpdt_tipo_html, tpdt_tipo_elemento, tpdt_enti_pk, tpdt_codigo, tpdt_nombre) VALUES (43360, 'S', 'CR', NULL , 'TIPO_SERV', 'Tipo de Servicio')
/
    INSERT INTO tbl_codigo_referencia_cdrf (cdrf_tpdt_pk, cdrf_valor, cdrf_orden) VALUES (43360, 'AMA',  1)
/
    INSERT INTO tbl_codigo_referencia_cdrf (cdrf_tpdt_pk, cdrf_valor, cdrf_orden) VALUES (43360, 'CEN',  2)
/
    INSERT INTO tbl_codigo_referencia_cdrf (cdrf_tpdt_pk, cdrf_valor, cdrf_orden) VALUES (43360, 'DOC',  3)
/
    INSERT INTO tbl_codigo_referencia_cdrf (cdrf_tpdt_pk, cdrf_valor, cdrf_orden) VALUES (43360, 'DOM',  4)
/
    INSERT INTO tbl_codigo_referencia_cdrf (cdrf_tpdt_pk, cdrf_valor, cdrf_orden) VALUES (43360, 'EAU',  5)
/
    INSERT INTO tbl_codigo_referencia_cdrf (cdrf_tpdt_pk, cdrf_valor, cdrf_orden) VALUES (43360, 'EMA',  6)
/
    INSERT INTO tbl_codigo_referencia_cdrf (cdrf_tpdt_pk, cdrf_valor, cdrf_orden) VALUES (43360, 'EMB',  7)
/
    INSERT INTO tbl_codigo_referencia_cdrf (cdrf_tpdt_pk, cdrf_valor, cdrf_orden) VALUES (43360, 'ESC',  8)
/
    INSERT INTO tbl_codigo_referencia_cdrf (cdrf_tpdt_pk, cdrf_valor, cdrf_orden) VALUES (43360, 'EST',  9)
/
    INSERT INTO tbl_codigo_referencia_cdrf (cdrf_tpdt_pk, cdrf_valor, cdrf_orden) VALUES (43360, 'FAC',  10)
/
    INSERT INTO tbl_codigo_referencia_cdrf (cdrf_tpdt_pk, cdrf_valor, cdrf_orden) VALUES (43360, 'FAP',  11)
/
    INSERT INTO tbl_codigo_referencia_cdrf (cdrf_tpdt_pk, cdrf_valor, cdrf_orden) VALUES (43360, 'GEN',  12)
/
    INSERT INTO tbl_codigo_referencia_cdrf (cdrf_tpdt_pk, cdrf_valor, cdrf_orden) VALUES (43360, 'INC',  13)
/
    INSERT INTO tbl_codigo_referencia_cdrf (cdrf_tpdt_pk, cdrf_valor, cdrf_orden) VALUES (43360, 'MAN',  14)
/
    INSERT INTO tbl_codigo_referencia_cdrf (cdrf_tpdt_pk, cdrf_valor, cdrf_orden) VALUES (43360, 'MAS',  15)
/
    INSERT INTO tbl_codigo_referencia_cdrf (cdrf_tpdt_pk, cdrf_valor, cdrf_orden) VALUES (43360, 'PES',  16)
/
    INSERT INTO tbl_codigo_referencia_cdrf (cdrf_tpdt_pk, cdrf_valor, cdrf_orden) VALUES (43360, 'PRA',  17)
/
    INSERT INTO tbl_codigo_referencia_cdrf (cdrf_tpdt_pk, cdrf_valor, cdrf_orden) VALUES (43360, 'REM',  18)
/
    INSERT INTO tbl_codigo_referencia_cdrf (cdrf_tpdt_pk, cdrf_valor, cdrf_orden) VALUES (43360, 'SEG',  19)
/
    INSERT INTO tbl_codigo_referencia_cdrf (cdrf_tpdt_pk, cdrf_valor, cdrf_orden) VALUES (43360, 'SER',  20)
/
    INSERT INTO tbl_codigo_referencia_cdrf (cdrf_tpdt_pk, cdrf_valor, cdrf_orden) VALUES (43360, 'SIM',  21)
/
    INSERT INTO tbl_codigo_referencia_cdrf (cdrf_tpdt_pk, cdrf_valor, cdrf_orden) VALUES (43360, 'SUB',  22)
/
    INSERT INTO tbl_codigo_referencia_cdrf (cdrf_tpdt_pk, cdrf_valor, cdrf_orden) VALUES (43360, 'SUM',  23)
/
    INSERT INTO tbl_codigo_referencia_cdrf (cdrf_tpdt_pk, cdrf_valor, cdrf_orden) VALUES (43360, 'SUP',  24)
/
INSERT INTO tbl_tipo_dato_tpdt (tpdt_pk, tpdt_tipo_html, tpdt_tipo_elemento, tpdt_enti_pk, tpdt_codigo, tpdt_nombre) VALUES (43365, 'S', 'CR', NULL , 'TIPO_RED_SUM', 'Tipo de Red de Suministro')
/
    INSERT INTO tbl_codigo_referencia_cdrf (cdrf_tpdt_pk, cdrf_valor, cdrf_orden) VALUES (43365, 'A',  1)
/
    INSERT INTO tbl_codigo_referencia_cdrf (cdrf_tpdt_pk, cdrf_valor, cdrf_orden) VALUES (43365, 'E',  2)
/
    INSERT INTO tbl_codigo_referencia_cdrf (cdrf_tpdt_pk, cdrf_valor, cdrf_orden) VALUES (43365, 'G',  3)
/
    INSERT INTO tbl_codigo_referencia_cdrf (cdrf_tpdt_pk, cdrf_valor, cdrf_orden) VALUES (43365, 'O',  4)
/
INSERT INTO tbl_tipo_dato_tpdt (tpdt_pk, tpdt_tipo_html, tpdt_tipo_elemento, tpdt_enti_pk, tpdt_codigo, tpdt_nombre) VALUES (43370, 'S', 'CR', NULL , 'TIPO_PROP', 'Tipo de Propulsion')
/
    INSERT INTO tbl_codigo_referencia_cdrf (cdrf_tpdt_pk, cdrf_valor, cdrf_orden) VALUES (43370, '001',  1)
/
    INSERT INTO tbl_codigo_referencia_cdrf (cdrf_tpdt_pk, cdrf_valor, cdrf_orden) VALUES (43370, '002',  2)
/
    INSERT INTO tbl_codigo_referencia_cdrf (cdrf_tpdt_pk, cdrf_valor, cdrf_orden) VALUES (43370, '003',  3)
/
    INSERT INTO tbl_codigo_referencia_cdrf (cdrf_tpdt_pk, cdrf_valor, cdrf_orden) VALUES (43370, '004',  4)
/
    INSERT INTO tbl_codigo_referencia_cdrf (cdrf_tpdt_pk, cdrf_valor, cdrf_orden) VALUES (43370, '005',  5)
/
    INSERT INTO tbl_codigo_referencia_cdrf (cdrf_tpdt_pk, cdrf_valor, cdrf_orden) VALUES (43370, '006',  6)
/
    INSERT INTO tbl_codigo_referencia_cdrf (cdrf_tpdt_pk, cdrf_valor, cdrf_orden) VALUES (43370, '007',  7)
/
    INSERT INTO tbl_codigo_referencia_cdrf (cdrf_tpdt_pk, cdrf_valor, cdrf_orden) VALUES (43370, '008',  8)
/
    INSERT INTO tbl_codigo_referencia_cdrf (cdrf_tpdt_pk, cdrf_valor, cdrf_orden) VALUES (43370, '009',  9)
/
    INSERT INTO tbl_codigo_referencia_cdrf (cdrf_tpdt_pk, cdrf_valor, cdrf_orden) VALUES (43370, '010',  10)
/
INSERT INTO tbl_tipo_dato_tpdt (tpdt_pk, tpdt_tipo_html, tpdt_tipo_elemento, tpdt_enti_pk, tpdt_codigo, tpdt_nombre) VALUES (43375, 'S', 'CR', NULL , 'TIPO_PREST', 'Tipo de Prestador')
/
    INSERT INTO tbl_codigo_referencia_cdrf (cdrf_tpdt_pk, cdrf_valor, cdrf_orden) VALUES (43375, 'AMARRA',  1)
/
    INSERT INTO tbl_codigo_referencia_cdrf (cdrf_tpdt_pk, cdrf_valor, cdrf_orden) VALUES (43375, 'NINGUN',  2)
/
    INSERT INTO tbl_codigo_referencia_cdrf (cdrf_tpdt_pk, cdrf_valor, cdrf_orden) VALUES (43375, 'PRACTI',  3)
/
    INSERT INTO tbl_codigo_referencia_cdrf (cdrf_tpdt_pk, cdrf_valor, cdrf_orden) VALUES (43375, 'REMOLC',  4)
/
INSERT INTO tbl_tipo_dato_tpdt (tpdt_pk, tpdt_tipo_html, tpdt_tipo_elemento, tpdt_enti_pk, tpdt_codigo, tpdt_nombre) VALUES (43380, 'S', 'CR', NULL , 'TIPO_ORGA', 'Tipo de Organizacion')
/
    INSERT INTO tbl_codigo_referencia_cdrf (cdrf_tpdt_pk, cdrf_valor, cdrf_orden) VALUES (43380, 'ADUANA',  1)
/
    INSERT INTO tbl_codigo_referencia_cdrf (cdrf_tpdt_pk, cdrf_valor, cdrf_orden) VALUES (43380, 'APORTU',  2)
/
    INSERT INTO tbl_codigo_referencia_cdrf (cdrf_tpdt_pk, cdrf_valor, cdrf_orden) VALUES (43380, 'ARMADO',  3)
/
    INSERT INTO tbl_codigo_referencia_cdrf (cdrf_tpdt_pk, cdrf_valor, cdrf_orden) VALUES (43380, 'COFRAD',  4)
/
    INSERT INTO tbl_codigo_referencia_cdrf (cdrf_tpdt_pk, cdrf_valor, cdrf_orden) VALUES (43380, 'CONCES',  5)
/
    INSERT INTO tbl_codigo_referencia_cdrf (cdrf_tpdt_pk, cdrf_valor, cdrf_orden) VALUES (43380, 'CONSIG',  6)
/
    INSERT INTO tbl_codigo_referencia_cdrf (cdrf_tpdt_pk, cdrf_valor, cdrf_orden) VALUES (43380, 'ESTIBA',  7)
/
    INSERT INTO tbl_codigo_referencia_cdrf (cdrf_tpdt_pk, cdrf_valor, cdrf_orden) VALUES (43380, 'NINGUN',  8)
/
    INSERT INTO tbl_codigo_referencia_cdrf (cdrf_tpdt_pk, cdrf_valor, cdrf_orden) VALUES (43380, 'PATDEP',  9)
/
    INSERT INTO tbl_codigo_referencia_cdrf (cdrf_tpdt_pk, cdrf_valor, cdrf_orden) VALUES (43380, 'PATPES',  10)
/
    INSERT INTO tbl_codigo_referencia_cdrf (cdrf_tpdt_pk, cdrf_valor, cdrf_orden) VALUES (43380, 'TALLER',  11)
/
    INSERT INTO tbl_codigo_referencia_cdrf (cdrf_tpdt_pk, cdrf_valor, cdrf_orden) VALUES (43380, 'TRANSE',  12)
/
    INSERT INTO tbl_codigo_referencia_cdrf (cdrf_tpdt_pk, cdrf_valor, cdrf_orden) VALUES (43380, 'TRANSI',  13)
/
INSERT INTO tbl_tipo_dato_tpdt (tpdt_pk, tpdt_tipo_html, tpdt_tipo_elemento, tpdt_enti_pk, tpdt_codigo, tpdt_nombre) VALUES (43385, 'S', 'CR', NULL , 'TIPO_LIST', 'Tipo de Listado')
/
    INSERT INTO tbl_codigo_referencia_cdrf (cdrf_tpdt_pk, cdrf_valor, cdrf_orden) VALUES (43385, 'G',  1)
/
    INSERT INTO tbl_codigo_referencia_cdrf (cdrf_tpdt_pk, cdrf_valor, cdrf_orden) VALUES (43385, 'D',  2)
/
INSERT INTO tbl_tipo_dato_tpdt (tpdt_pk, tpdt_tipo_html, tpdt_tipo_elemento, tpdt_enti_pk, tpdt_codigo, tpdt_nombre) VALUES (43390, 'S', 'CR', NULL , 'TIPO_DEST', 'Tipo de Destino')
/
    INSERT INTO tbl_codigo_referencia_cdrf (cdrf_tpdt_pk, cdrf_valor, cdrf_orden) VALUES (43390, 'ZAH',  1)
/
    INSERT INTO tbl_codigo_referencia_cdrf (cdrf_tpdt_pk, cdrf_valor, cdrf_orden) VALUES (43390, 'ZEM',  2)
/
    INSERT INTO tbl_codigo_referencia_cdrf (cdrf_tpdt_pk, cdrf_valor, cdrf_orden) VALUES (43390, 'ZPE',  3)
/
INSERT INTO tbl_tipo_dato_tpdt (tpdt_pk, tpdt_tipo_html, tpdt_tipo_elemento, tpdt_enti_pk, tpdt_codigo, tpdt_nombre) VALUES (43395, 'S', 'CR', NULL , 'TIPO_DATO', 'Tipo de Dato')
/
    INSERT INTO tbl_codigo_referencia_cdrf (cdrf_tpdt_pk, cdrf_valor, cdrf_orden) VALUES (43395, 'CAD',  1)
/
    INSERT INTO tbl_codigo_referencia_cdrf (cdrf_tpdt_pk, cdrf_valor, cdrf_orden) VALUES (43395, 'FEC',  2)
/
    INSERT INTO tbl_codigo_referencia_cdrf (cdrf_tpdt_pk, cdrf_valor, cdrf_orden) VALUES (43395, 'NUM',  3)
/
INSERT INTO tbl_tipo_dato_tpdt (tpdt_pk, tpdt_tipo_html, tpdt_tipo_elemento, tpdt_enti_pk, tpdt_codigo, tpdt_nombre) VALUES (43400, 'S', 'CR', NULL , 'TIPO_DATO_SER_DIV', 'Tipo de Dato de Servicio Diverso')
/
    INSERT INTO tbl_codigo_referencia_cdrf (cdrf_tpdt_pk, cdrf_valor, cdrf_orden) VALUES (43400, 'B',  1)
/
    INSERT INTO tbl_codigo_referencia_cdrf (cdrf_tpdt_pk, cdrf_valor, cdrf_orden) VALUES (43400, 'C',  2)
/
    INSERT INTO tbl_codigo_referencia_cdrf (cdrf_tpdt_pk, cdrf_valor, cdrf_orden) VALUES (43400, 'F',  3)
/
    INSERT INTO tbl_codigo_referencia_cdrf (cdrf_tpdt_pk, cdrf_valor, cdrf_orden) VALUES (43400, 'M',  4)
/
    INSERT INTO tbl_codigo_referencia_cdrf (cdrf_tpdt_pk, cdrf_valor, cdrf_orden) VALUES (43400, 'N',  5)
/
    INSERT INTO tbl_codigo_referencia_cdrf (cdrf_tpdt_pk, cdrf_valor, cdrf_orden) VALUES (43400, 'U',  6)
/
INSERT INTO tbl_tipo_dato_tpdt (tpdt_pk, tpdt_tipo_html, tpdt_tipo_elemento, tpdt_enti_pk, tpdt_codigo, tpdt_nombre) VALUES (43405, 'S', 'CR', NULL , 'TIPO_ASOC_DOC', 'Tipo de Asociacion de Documento')
/
    INSERT INTO tbl_codigo_referencia_cdrf (cdrf_tpdt_pk, cdrf_valor, cdrf_orden) VALUES (43405, 'I',  1)
/
    INSERT INTO tbl_codigo_referencia_cdrf (cdrf_tpdt_pk, cdrf_valor, cdrf_orden) VALUES (43405, 'S',  1)
/
INSERT INTO tbl_tipo_dato_tpdt (tpdt_pk, tpdt_tipo_html, tpdt_tipo_elemento, tpdt_enti_pk, tpdt_codigo, tpdt_nombre) VALUES (43410, 'S', 'CR', NULL , 'TIPO_ANTIINC', 'Tipo de Antiincendios')
/
    INSERT INTO tbl_codigo_referencia_cdrf (cdrf_tpdt_pk, cdrf_valor, cdrf_orden) VALUES (43410, '001',  1)
/
    INSERT INTO tbl_codigo_referencia_cdrf (cdrf_tpdt_pk, cdrf_valor, cdrf_orden) VALUES (43410, '002',  2)
/
    INSERT INTO tbl_codigo_referencia_cdrf (cdrf_tpdt_pk, cdrf_valor, cdrf_orden) VALUES (43410, '003',  3)
/
    INSERT INTO tbl_codigo_referencia_cdrf (cdrf_tpdt_pk, cdrf_valor, cdrf_orden) VALUES (43410, '004',  4)
/
    INSERT INTO tbl_codigo_referencia_cdrf (cdrf_tpdt_pk, cdrf_valor, cdrf_orden) VALUES (43410, '005',  5)
/
    INSERT INTO tbl_codigo_referencia_cdrf (cdrf_tpdt_pk, cdrf_valor, cdrf_orden) VALUES (43410, '006',  6)
/
INSERT INTO tbl_tipo_dato_tpdt (tpdt_pk, tpdt_tipo_html, tpdt_tipo_elemento, tpdt_enti_pk, tpdt_codigo, tpdt_nombre) VALUES (43415, 'S', 'CR', NULL , 'TIPO_PROP_BIENHIST', 'Tipo de Propietario de Bien Historico')
/
    INSERT INTO tbl_codigo_referencia_cdrf (cdrf_tpdt_pk, cdrf_valor, cdrf_orden) VALUES (43415, 'CC',  1)
/
    INSERT INTO tbl_codigo_referencia_cdrf (cdrf_tpdt_pk, cdrf_valor, cdrf_orden) VALUES (43415, 'PA',  2)
/
    INSERT INTO tbl_codigo_referencia_cdrf (cdrf_tpdt_pk, cdrf_valor, cdrf_orden) VALUES (43415, 'PU',  3)
/
INSERT INTO tbl_tipo_dato_tpdt (tpdt_pk, tpdt_tipo_html, tpdt_tipo_elemento, tpdt_enti_pk, tpdt_codigo, tpdt_nombre) VALUES (43420, 'S', 'CR', NULL , 'TIPO_PROC_EDI', 'Tipo de Proceso EDI')
/
    INSERT INTO tbl_codigo_referencia_cdrf (cdrf_tpdt_pk, cdrf_valor, cdrf_orden) VALUES (43420, 'E',  1)
/
    INSERT INTO tbl_codigo_referencia_cdrf (cdrf_tpdt_pk, cdrf_valor, cdrf_orden) VALUES (43420, 'R',  2)
/
INSERT INTO tbl_tipo_dato_tpdt (tpdt_pk, tpdt_tipo_html, tpdt_tipo_elemento, tpdt_enti_pk, tpdt_codigo, tpdt_nombre) VALUES (43425, 'S', 'CR', NULL , 'TIPO_PROCESO', 'Tipo de Proceso')
/
    INSERT INTO tbl_codigo_referencia_cdrf (cdrf_tpdt_pk, cdrf_valor, cdrf_orden) VALUES (43425, 'A',  1)
/
    INSERT INTO tbl_codigo_referencia_cdrf (cdrf_tpdt_pk, cdrf_valor, cdrf_orden) VALUES (43425, 'B',  2)
/
    INSERT INTO tbl_codigo_referencia_cdrf (cdrf_tpdt_pk, cdrf_valor, cdrf_orden) VALUES (43425, 'F',  3)
/
    INSERT INTO tbl_codigo_referencia_cdrf (cdrf_tpdt_pk, cdrf_valor, cdrf_orden) VALUES (43425, 'P',  4)
/
    INSERT INTO tbl_codigo_referencia_cdrf (cdrf_tpdt_pk, cdrf_valor, cdrf_orden) VALUES (43425, 'R',  5)
/
    INSERT INTO tbl_codigo_referencia_cdrf (cdrf_tpdt_pk, cdrf_valor, cdrf_orden) VALUES (43425, 'V',  6)
/
INSERT INTO tbl_tipo_dato_tpdt (tpdt_pk, tpdt_tipo_html, tpdt_tipo_elemento, tpdt_enti_pk, tpdt_codigo, tpdt_nombre) VALUES (43430, 'S', 'CR', NULL , 'TIPO_PROCED', 'Tipo de Procedimiento')
/
    INSERT INTO tbl_codigo_referencia_cdrf (cdrf_tpdt_pk, cdrf_valor, cdrf_orden) VALUES (43430, 'T',  1)
/
    INSERT INTO tbl_codigo_referencia_cdrf (cdrf_tpdt_pk, cdrf_valor, cdrf_orden) VALUES (43430, 'C',  1)
/
    INSERT INTO tbl_codigo_referencia_cdrf (cdrf_tpdt_pk, cdrf_valor, cdrf_orden) VALUES (43430, 'D',  1)
/
INSERT INTO tbl_tipo_dato_tpdt (tpdt_pk, tpdt_tipo_html, tpdt_tipo_elemento, tpdt_enti_pk, tpdt_codigo, tpdt_nombre) VALUES (43435, 'S', 'CR', NULL , 'TIPO_PET_AMA', 'Tipo de Peticion de Amarre')
/
    INSERT INTO tbl_codigo_referencia_cdrf (cdrf_tpdt_pk, cdrf_valor, cdrf_orden) VALUES (43435, 'CA',  1)
/
    INSERT INTO tbl_codigo_referencia_cdrf (cdrf_tpdt_pk, cdrf_valor, cdrf_orden) VALUES (43435, 'CE',  2)
/
    INSERT INTO tbl_codigo_referencia_cdrf (cdrf_tpdt_pk, cdrf_valor, cdrf_orden) VALUES (43435, 'CT',  3)
/
    INSERT INTO tbl_codigo_referencia_cdrf (cdrf_tpdt_pk, cdrf_valor, cdrf_orden) VALUES (43435, 'NA',  4)
/
INSERT INTO tbl_tipo_dato_tpdt (tpdt_pk, tpdt_tipo_html, tpdt_tipo_elemento, tpdt_enti_pk, tpdt_codigo, tpdt_nombre) VALUES (43440, 'S', 'CR', NULL , 'TIPO_GEN_EXP', 'Tipo General de Expediente')
/
    INSERT INTO tbl_codigo_referencia_cdrf (cdrf_tpdt_pk, cdrf_valor, cdrf_orden) VALUES (43440, 'AUT',  1)
/
    INSERT INTO tbl_codigo_referencia_cdrf (cdrf_tpdt_pk, cdrf_valor, cdrf_orden) VALUES (43440, 'CON',  2)
/
    INSERT INTO tbl_codigo_referencia_cdrf (cdrf_tpdt_pk, cdrf_valor, cdrf_orden) VALUES (43440, 'OTR',  3)
/
INSERT INTO tbl_tipo_dato_tpdt (tpdt_pk, tpdt_tipo_html, tpdt_tipo_elemento, tpdt_enti_pk, tpdt_codigo, tpdt_nombre) VALUES (43445, 'S', 'CR', NULL , 'TIPO_FIC_MENS_EDI', 'Tipo de Fichero de Mensaje EDI')
/
    INSERT INTO tbl_codigo_referencia_cdrf (cdrf_tpdt_pk, cdrf_valor, cdrf_orden) VALUES (43445, 'A',  1)
/
    INSERT INTO tbl_codigo_referencia_cdrf (cdrf_tpdt_pk, cdrf_valor, cdrf_orden) VALUES (43445, 'B',  2)
/
    INSERT INTO tbl_codigo_referencia_cdrf (cdrf_tpdt_pk, cdrf_valor, cdrf_orden) VALUES (43445, 'C',  3)
/
    INSERT INTO tbl_codigo_referencia_cdrf (cdrf_tpdt_pk, cdrf_valor, cdrf_orden) VALUES (43445, 'D',  4)
/
    INSERT INTO tbl_codigo_referencia_cdrf (cdrf_tpdt_pk, cdrf_valor, cdrf_orden) VALUES (43445, 'E',  5)
/
    INSERT INTO tbl_codigo_referencia_cdrf (cdrf_tpdt_pk, cdrf_valor, cdrf_orden) VALUES (43445, 'I',  6)
/
    INSERT INTO tbl_codigo_referencia_cdrf (cdrf_tpdt_pk, cdrf_valor, cdrf_orden) VALUES (43445, 'P',  7)
/
    INSERT INTO tbl_codigo_referencia_cdrf (cdrf_tpdt_pk, cdrf_valor, cdrf_orden) VALUES (43445, 'R',  8)
/
    INSERT INTO tbl_codigo_referencia_cdrf (cdrf_tpdt_pk, cdrf_valor, cdrf_orden) VALUES (43445, 'S',  9)
/
    INSERT INTO tbl_codigo_referencia_cdrf (cdrf_tpdt_pk, cdrf_valor, cdrf_orden) VALUES (43445, 'V',  10)
/
    INSERT INTO tbl_codigo_referencia_cdrf (cdrf_tpdt_pk, cdrf_valor, cdrf_orden) VALUES (43445, 'ALT_EST',  11)
/
    INSERT INTO tbl_codigo_referencia_cdrf (cdrf_tpdt_pk, cdrf_valor, cdrf_orden) VALUES (43445, 'GEN_EST',  12)
/
    INSERT INTO tbl_codigo_referencia_cdrf (cdrf_tpdt_pk, cdrf_valor, cdrf_orden) VALUES (43445, 'GEN_EEE',  13)
/
INSERT INTO tbl_tipo_dato_tpdt (tpdt_pk, tpdt_tipo_html, tpdt_tipo_elemento, tpdt_enti_pk, tpdt_codigo, tpdt_nombre) VALUES (43450, 'S', 'CR', NULL , 'TIPO_ERR_EDI', 'Tipo de Error EDI')
/
    INSERT INTO tbl_codigo_referencia_cdrf (cdrf_tpdt_pk, cdrf_valor, cdrf_orden) VALUES (43450, 'E0',  1)
/
    INSERT INTO tbl_codigo_referencia_cdrf (cdrf_tpdt_pk, cdrf_valor, cdrf_orden) VALUES (43450, 'W1',  2)
/
    INSERT INTO tbl_codigo_referencia_cdrf (cdrf_tpdt_pk, cdrf_valor, cdrf_orden) VALUES (43450, 'W2',  3)
/
INSERT INTO tbl_tipo_dato_tpdt (tpdt_pk, tpdt_tipo_html, tpdt_tipo_elemento, tpdt_enti_pk, tpdt_codigo, tpdt_nombre) VALUES (43455, 'S', 'CR', NULL , 'TIPO_DATO_EXPL', 'Tipo de Dato de Explotacion')
/
    INSERT INTO tbl_codigo_referencia_cdrf (cdrf_tpdt_pk, cdrf_valor, cdrf_orden) VALUES (43455, 'DT',  1)
/
    INSERT INTO tbl_codigo_referencia_cdrf (cdrf_tpdt_pk, cdrf_valor, cdrf_orden) VALUES (43455, 'RC',  2)
/
    INSERT INTO tbl_codigo_referencia_cdrf (cdrf_tpdt_pk, cdrf_valor, cdrf_orden) VALUES (43455, 'RE',  3)
/
    INSERT INTO tbl_codigo_referencia_cdrf (cdrf_tpdt_pk, cdrf_valor, cdrf_orden) VALUES (43455, 'TR',  4)
/
    INSERT INTO tbl_codigo_referencia_cdrf (cdrf_tpdt_pk, cdrf_valor, cdrf_orden) VALUES (43455, 'VN',  5)
/
INSERT INTO tbl_tipo_dato_tpdt (tpdt_pk, tpdt_tipo_html, tpdt_tipo_elemento, tpdt_enti_pk, tpdt_codigo, tpdt_nombre) VALUES (43460, 'S', 'CR', NULL , 'TIPO_ACTUAL_IPC', 'Tipo de Actualizacion de IPC')
/
    INSERT INTO tbl_codigo_referencia_cdrf (cdrf_tpdt_pk, cdrf_valor, cdrf_orden) VALUES (43460, 'BA',  1)
/
    INSERT INTO tbl_codigo_referencia_cdrf (cdrf_tpdt_pk, cdrf_valor, cdrf_orden) VALUES (43460, 'CA',  2)
/
    INSERT INTO tbl_codigo_referencia_cdrf (cdrf_tpdt_pk, cdrf_valor, cdrf_orden) VALUES (43460, 'MA',  3)
/
    INSERT INTO tbl_codigo_referencia_cdrf (cdrf_tpdt_pk, cdrf_valor, cdrf_orden) VALUES (43460, 'ZP',  4)
/
INSERT INTO tbl_tipo_dato_tpdt (tpdt_pk, tpdt_tipo_html, tpdt_tipo_elemento, tpdt_enti_pk, tpdt_codigo, tpdt_nombre) VALUES (43465, 'S', 'CR', NULL , 'TIPO_ACT_EST', 'Tipo de Actividad Est.')
/
    INSERT INTO tbl_codigo_referencia_cdrf (cdrf_tpdt_pk, cdrf_valor, cdrf_orden) VALUES (43465, 'CO',  1)
/
    INSERT INTO tbl_codigo_referencia_cdrf (cdrf_tpdt_pk, cdrf_valor, cdrf_orden) VALUES (43465, 'DE',  2)
/
    INSERT INTO tbl_codigo_referencia_cdrf (cdrf_tpdt_pk, cdrf_valor, cdrf_orden) VALUES (43465, 'SI',  3)
/
INSERT INTO tbl_tipo_dato_tpdt (tpdt_pk, tpdt_tipo_html, tpdt_tipo_elemento, tpdt_enti_pk, tpdt_codigo, tpdt_nombre) VALUES (43470, 'S', 'CR', NULL , 'TASATARIFA_NORM', 'Tasa-Tarifa Normalizada')
/
    INSERT INTO tbl_codigo_referencia_cdrf (cdrf_tpdt_pk, cdrf_valor, cdrf_orden) VALUES (43470, 'T0',  1)
/
    INSERT INTO tbl_codigo_referencia_cdrf (cdrf_tpdt_pk, cdrf_valor, cdrf_orden) VALUES (43470, 'T1',  2)
/
    INSERT INTO tbl_codigo_referencia_cdrf (cdrf_tpdt_pk, cdrf_valor, cdrf_orden) VALUES (43470, 'T2',  3)
/
    INSERT INTO tbl_codigo_referencia_cdrf (cdrf_tpdt_pk, cdrf_valor, cdrf_orden) VALUES (43470, 'T3',  4)
/
    INSERT INTO tbl_codigo_referencia_cdrf (cdrf_tpdt_pk, cdrf_valor, cdrf_orden) VALUES (43470, 'T4',  5)
/
    INSERT INTO tbl_codigo_referencia_cdrf (cdrf_tpdt_pk, cdrf_valor, cdrf_orden) VALUES (43470, 'T5',  6)
/
    INSERT INTO tbl_codigo_referencia_cdrf (cdrf_tpdt_pk, cdrf_valor, cdrf_orden) VALUES (43470, 'T6',  7)
/
    INSERT INTO tbl_codigo_referencia_cdrf (cdrf_tpdt_pk, cdrf_valor, cdrf_orden) VALUES (43470, 'T7',  8)
/
    INSERT INTO tbl_codigo_referencia_cdrf (cdrf_tpdt_pk, cdrf_valor, cdrf_orden) VALUES (43470, 'T8',  9)
/
    INSERT INTO tbl_codigo_referencia_cdrf (cdrf_tpdt_pk, cdrf_valor, cdrf_orden) VALUES (43470, 'T9',  10)
/
    INSERT INTO tbl_codigo_referencia_cdrf (cdrf_tpdt_pk, cdrf_valor, cdrf_orden) VALUES (43470, 'TA',  11)
/
    INSERT INTO tbl_codigo_referencia_cdrf (cdrf_tpdt_pk, cdrf_valor, cdrf_orden) VALUES (43470, 'TO',  12)
/
    INSERT INTO tbl_codigo_referencia_cdrf (cdrf_tpdt_pk, cdrf_valor, cdrf_orden) VALUES (43470, 'TR',  13)
/
    INSERT INTO tbl_codigo_referencia_cdrf (cdrf_tpdt_pk, cdrf_valor, cdrf_orden) VALUES (43470, 'OT',  14)
/
INSERT INTO tbl_tipo_dato_tpdt (tpdt_pk, tpdt_tipo_html, tpdt_tipo_elemento, tpdt_enti_pk, tpdt_codigo, tpdt_nombre) VALUES (43475, 'S', 'CR', NULL , 'SIT_EMB', 'Situacion de Embarque')
/
    INSERT INTO tbl_codigo_referencia_cdrf (cdrf_tpdt_pk, cdrf_valor, cdrf_orden) VALUES (43475, 'P',  1)
/
    INSERT INTO tbl_codigo_referencia_cdrf (cdrf_tpdt_pk, cdrf_valor, cdrf_orden) VALUES (43475, 'R',  2)
/
    INSERT INTO tbl_codigo_referencia_cdrf (cdrf_tpdt_pk, cdrf_valor, cdrf_orden) VALUES (43475, 'T',  3)
/
INSERT INTO tbl_tipo_dato_tpdt (tpdt_pk, tpdt_tipo_html, tpdt_tipo_elemento, tpdt_enti_pk, tpdt_codigo, tpdt_nombre) VALUES (43480, 'S', 'CR', NULL , 'SIT_ADU', 'Situacion Aduanera')
/
    INSERT INTO tbl_codigo_referencia_cdrf (cdrf_tpdt_pk, cdrf_valor, cdrf_orden) VALUES (43480, 'ZC',  1)
/
    INSERT INTO tbl_codigo_referencia_cdrf (cdrf_tpdt_pk, cdrf_valor, cdrf_orden) VALUES (43480, 'ZE',  2)
/
    INSERT INTO tbl_codigo_referencia_cdrf (cdrf_tpdt_pk, cdrf_valor, cdrf_orden) VALUES (43480, 'ZF',  3)
/
    INSERT INTO tbl_codigo_referencia_cdrf (cdrf_tpdt_pk, cdrf_valor, cdrf_orden) VALUES (43480, 'ZLF',  4)
/
    INSERT INTO tbl_codigo_referencia_cdrf (cdrf_tpdt_pk, cdrf_valor, cdrf_orden) VALUES (43480, 'ZN',  5)
/
    INSERT INTO tbl_codigo_referencia_cdrf (cdrf_tpdt_pk, cdrf_valor, cdrf_orden) VALUES (43480, 'ZTD',  6)
/
    INSERT INTO tbl_codigo_referencia_cdrf (cdrf_tpdt_pk, cdrf_valor, cdrf_orden) VALUES (43480, 'ZTF',  7)
/
    INSERT INTO tbl_codigo_referencia_cdrf (cdrf_tpdt_pk, cdrf_valor, cdrf_orden) VALUES (43480, 'ZTL',  8)
/
    INSERT INTO tbl_codigo_referencia_cdrf (cdrf_tpdt_pk, cdrf_valor, cdrf_orden) VALUES (43480, 'ZT1',  9)
/
    INSERT INTO tbl_codigo_referencia_cdrf (cdrf_tpdt_pk, cdrf_valor, cdrf_orden) VALUES (43480, 'ZT2',  10)
/
    INSERT INTO tbl_codigo_referencia_cdrf (cdrf_tpdt_pk, cdrf_valor, cdrf_orden) VALUES (43480, 'ZX',  11)
/
    INSERT INTO tbl_codigo_referencia_cdrf (cdrf_tpdt_pk, cdrf_valor, cdrf_orden) VALUES (43480, 'ZZ1',  12)
/
    INSERT INTO tbl_codigo_referencia_cdrf (cdrf_tpdt_pk, cdrf_valor, cdrf_orden) VALUES (43480, 'Z1',  13)
/
INSERT INTO tbl_tipo_dato_tpdt (tpdt_pk, tpdt_tipo_html, tpdt_tipo_elemento, tpdt_enti_pk, tpdt_codigo, tpdt_nombre) VALUES (43485, 'S', 'CR', NULL , 'SENT_RES_TRAMITE', 'Sentido de Resolucion de Tramite')
/
    INSERT INTO tbl_codigo_referencia_cdrf (cdrf_tpdt_pk, cdrf_valor, cdrf_orden) VALUES (43485, 'N',  1)
/
    INSERT INTO tbl_codigo_referencia_cdrf (cdrf_tpdt_pk, cdrf_valor, cdrf_orden) VALUES (43485, 'P',  2)
/
    INSERT INTO tbl_codigo_referencia_cdrf (cdrf_tpdt_pk, cdrf_valor, cdrf_orden) VALUES (43485, 'S',  3)
/
INSERT INTO tbl_tipo_dato_tpdt (tpdt_pk, tpdt_tipo_html, tpdt_tipo_elemento, tpdt_enti_pk, tpdt_codigo, tpdt_nombre) VALUES (43490, 'S', 'CR', NULL , 'RES_PROC_EDI', 'Resultado de Proceso EDI')
/
    INSERT INTO tbl_codigo_referencia_cdrf (cdrf_tpdt_pk, cdrf_valor, cdrf_orden) VALUES (43490, 'A',  1)
/
    INSERT INTO tbl_codigo_referencia_cdrf (cdrf_tpdt_pk, cdrf_valor, cdrf_orden) VALUES (43490, 'G',  2)
/
    INSERT INTO tbl_codigo_referencia_cdrf (cdrf_tpdt_pk, cdrf_valor, cdrf_orden) VALUES (43490, 'R',  3)
/
    INSERT INTO tbl_codigo_referencia_cdrf (cdrf_tpdt_pk, cdrf_valor, cdrf_orden) VALUES (43490, 'T',  4)
/
INSERT INTO tbl_tipo_dato_tpdt (tpdt_pk, tpdt_tipo_html, tpdt_tipo_elemento, tpdt_enti_pk, tpdt_codigo, tpdt_nombre) VALUES (43495, 'S', 'CR', NULL , 'FUNC_MENS_EDI', 'Funcion de Mensaje EDI')
/
    INSERT INTO tbl_codigo_referencia_cdrf (cdrf_tpdt_pk, cdrf_valor, cdrf_orden) VALUES (43495, 'ALPES',  1)
/
    INSERT INTO tbl_codigo_referencia_cdrf (cdrf_tpdt_pk, cdrf_valor, cdrf_orden) VALUES (43495, 'ALPTR',  2)
/
    INSERT INTO tbl_codigo_referencia_cdrf (cdrf_tpdt_pk, cdrf_valor, cdrf_orden) VALUES (43495, 'ALSUP',  3)
/
    INSERT INTO tbl_codigo_referencia_cdrf (cdrf_tpdt_pk, cdrf_valor, cdrf_orden) VALUES (43495, 'ALT_ATR_13',  4)
/
    INSERT INTO tbl_codigo_referencia_cdrf (cdrf_tpdt_pk, cdrf_valor, cdrf_orden) VALUES (43495, 'ALT_BAS',  5)
/
    INSERT INTO tbl_codigo_referencia_cdrf (cdrf_tpdt_pk, cdrf_valor, cdrf_orden) VALUES (43495, 'ALT_ESC_47',  6)
/
    INSERT INTO tbl_codigo_referencia_cdrf (cdrf_tpdt_pk, cdrf_valor, cdrf_orden) VALUES (43495, 'ALT_MAN_47',  7)
/
    INSERT INTO tbl_codigo_referencia_cdrf (cdrf_tpdt_pk, cdrf_valor, cdrf_orden) VALUES (43495, 'ALT_PAR_2',  8)
/
    INSERT INTO tbl_codigo_referencia_cdrf (cdrf_tpdt_pk, cdrf_valor, cdrf_orden) VALUES (43495, 'AUT_ATR_51',  9)
/
    INSERT INTO tbl_codigo_referencia_cdrf (cdrf_tpdt_pk, cdrf_valor, cdrf_orden) VALUES (43495, 'AUT_ESC_51',  10)
/
    INSERT INTO tbl_codigo_referencia_cdrf (cdrf_tpdt_pk, cdrf_valor, cdrf_orden) VALUES (43495, 'BER_ATA',  11)
/
    INSERT INTO tbl_codigo_referencia_cdrf (cdrf_tpdt_pk, cdrf_valor, cdrf_orden) VALUES (43495, 'BER_ATD',  12)
/
    INSERT INTO tbl_codigo_referencia_cdrf (cdrf_tpdt_pk, cdrf_valor, cdrf_orden) VALUES (43495, 'BOR_BL_40',  13)
/
    INSERT INTO tbl_codigo_referencia_cdrf (cdrf_tpdt_pk, cdrf_valor, cdrf_orden) VALUES (43495, 'BOR_MAN_13',  14)
/
    INSERT INTO tbl_codigo_referencia_cdrf (cdrf_tpdt_pk, cdrf_valor, cdrf_orden) VALUES (43495, 'BOR_PAR_3',  15)
/
    INSERT INTO tbl_codigo_referencia_cdrf (cdrf_tpdt_pk, cdrf_valor, cdrf_orden) VALUES (43495, 'CAN_ATR_40',  16)
/
    INSERT INTO tbl_codigo_referencia_cdrf (cdrf_tpdt_pk, cdrf_valor, cdrf_orden) VALUES (43495, 'CAN_ESC_1',  17)
/
    INSERT INTO tbl_codigo_referencia_cdrf (cdrf_tpdt_pk, cdrf_valor, cdrf_orden) VALUES (43495, 'CAN_MAN_1',  18)
/
    INSERT INTO tbl_codigo_referencia_cdrf (cdrf_tpdt_pk, cdrf_valor, cdrf_orden) VALUES (43495, 'DEN_ATR_27',  19)
/
    INSERT INTO tbl_codigo_referencia_cdrf (cdrf_tpdt_pk, cdrf_valor, cdrf_orden) VALUES (43495, 'DEN_ESC_27',  20)
/
    INSERT INTO tbl_codigo_referencia_cdrf (cdrf_tpdt_pk, cdrf_valor, cdrf_orden) VALUES (43495, 'MOD_ATR_21',  21)
/
    INSERT INTO tbl_codigo_referencia_cdrf (cdrf_tpdt_pk, cdrf_valor, cdrf_orden) VALUES (43495, 'MOD_BL_4',  22)
/
    INSERT INTO tbl_codigo_referencia_cdrf (cdrf_tpdt_pk, cdrf_valor, cdrf_orden) VALUES (43495, 'MOD_ESC_33',  23)
/
    INSERT INTO tbl_codigo_referencia_cdrf (cdrf_tpdt_pk, cdrf_valor, cdrf_orden) VALUES (43495, 'MOD_MAN_33',  24)
/
    INSERT INTO tbl_codigo_referencia_cdrf (cdrf_tpdt_pk, cdrf_valor, cdrf_orden) VALUES (43495, 'MOD_ETA_54',  25)
/
    INSERT INTO tbl_codigo_referencia_cdrf (cdrf_tpdt_pk, cdrf_valor, cdrf_orden) VALUES (43495, 'MOD_PAR_36',  26)
/
    INSERT INTO tbl_codigo_referencia_cdrf (cdrf_tpdt_pk, cdrf_valor, cdrf_orden) VALUES (43495, 'NOT_PRA_99',  27)
/
    INSERT INTO tbl_codigo_referencia_cdrf (cdrf_tpdt_pk, cdrf_valor, cdrf_orden) VALUES (43495, 'NUM_ESC_30',  28)
/
    INSERT INTO tbl_codigo_referencia_cdrf (cdrf_tpdt_pk, cdrf_valor, cdrf_orden) VALUES (43495, 'UNKNOWN',  29)
/
INSERT INTO tbl_tipo_dato_tpdt (tpdt_pk, tpdt_tipo_html, tpdt_tipo_elemento, tpdt_enti_pk, tpdt_codigo, tpdt_nombre) VALUES (43515, 'S', 'CR', NULL , 'COND_TANQUE_LASTRE', 'Condicin Tanque Lastre')
/
    INSERT INTO tbl_codigo_referencia_cdrf (cdrf_tpdt_pk, cdrf_valor, cdrf_orden) VALUES (43515, 'L',  1)
/
    INSERT INTO tbl_codigo_referencia_cdrf (cdrf_tpdt_pk, cdrf_valor, cdrf_orden) VALUES (43515, 'V',  2)
/
    INSERT INTO tbl_codigo_referencia_cdrf (cdrf_tpdt_pk, cdrf_valor, cdrf_orden) VALUES (43515, 'I',  3)
/
INSERT INTO tbl_tipo_dato_tpdt (tpdt_pk, tpdt_tipo_html, tpdt_tipo_elemento, tpdt_enti_pk, tpdt_codigo, tpdt_nombre) VALUES (43520, 'S', 'CR', NULL , 'COND_TANQUE_CARGA', 'Condicin Tanque Carga')
/
    INSERT INTO tbl_codigo_referencia_cdrf (cdrf_tpdt_pk, cdrf_valor, cdrf_orden) VALUES (43520, 'L',  1)
/
    INSERT INTO tbl_codigo_referencia_cdrf (cdrf_tpdt_pk, cdrf_valor, cdrf_orden) VALUES (43520, 'V',  2)
/
    INSERT INTO tbl_codigo_referencia_cdrf (cdrf_tpdt_pk, cdrf_valor, cdrf_orden) VALUES (43520, 'I',  3)
/
INSERT INTO tbl_tipo_dato_tpdt (tpdt_pk, tpdt_tipo_html, tpdt_tipo_elemento, tpdt_enti_pk, tpdt_codigo, tpdt_nombre) VALUES (43525, 'S', 'CR', NULL , 'TIPO_ACT_EDI', 'Tipo de Actividad EDI')
/
    INSERT INTO tbl_codigo_referencia_cdrf (cdrf_tpdt_pk, cdrf_valor, cdrf_orden) VALUES (43525, 'ZOP',  1)
/
    INSERT INTO tbl_codigo_referencia_cdrf (cdrf_tpdt_pk, cdrf_valor, cdrf_orden) VALUES (43525, 'ZAB',  2)
/
    INSERT INTO tbl_codigo_referencia_cdrf (cdrf_tpdt_pk, cdrf_valor, cdrf_orden) VALUES (43525, 'ZAO',  3)
/
    INSERT INTO tbl_codigo_referencia_cdrf (cdrf_tpdt_pk, cdrf_valor, cdrf_orden) VALUES (43525, 'ZAR',  4)
/
    INSERT INTO tbl_codigo_referencia_cdrf (cdrf_tpdt_pk, cdrf_valor, cdrf_orden) VALUES (43525, 'ZCT',  5)
/
    INSERT INTO tbl_codigo_referencia_cdrf (cdrf_tpdt_pk, cdrf_valor, cdrf_orden) VALUES (43525, 'ZTI',  6)
/
    INSERT INTO tbl_codigo_referencia_cdrf (cdrf_tpdt_pk, cdrf_valor, cdrf_orden) VALUES (43525, 'ZVO',  7)
/
    INSERT INTO tbl_codigo_referencia_cdrf (cdrf_tpdt_pk, cdrf_valor, cdrf_orden) VALUES (43525, 'ZAF',  8)
/
    INSERT INTO tbl_codigo_referencia_cdrf (cdrf_tpdt_pk, cdrf_valor, cdrf_orden) VALUES (43525, 'ZIN',  9)
/
    INSERT INTO tbl_codigo_referencia_cdrf (cdrf_tpdt_pk, cdrf_valor, cdrf_orden) VALUES (43525, 'ZIP',  10)
/
    INSERT INTO tbl_codigo_referencia_cdrf (cdrf_tpdt_pk, cdrf_valor, cdrf_orden) VALUES (43525, 'ZBO',  11)
/
    INSERT INTO tbl_codigo_referencia_cdrf (cdrf_tpdt_pk, cdrf_valor, cdrf_orden) VALUES (43525, 'ZCO',  12)
/
    INSERT INTO tbl_codigo_referencia_cdrf (cdrf_tpdt_pk, cdrf_valor, cdrf_orden) VALUES (43525, 'ZCA',  13)
/
    INSERT INTO tbl_codigo_referencia_cdrf (cdrf_tpdt_pk, cdrf_valor, cdrf_orden) VALUES (43525, 'ZRA',  14)
/
    INSERT INTO tbl_codigo_referencia_cdrf (cdrf_tpdt_pk, cdrf_valor, cdrf_orden) VALUES (43525, 'ZRF',  15)
/
    INSERT INTO tbl_codigo_referencia_cdrf (cdrf_tpdt_pk, cdrf_valor, cdrf_orden) VALUES (43525, 'ZRT',  16)
/
    INSERT INTO tbl_codigo_referencia_cdrf (cdrf_tpdt_pk, cdrf_valor, cdrf_orden) VALUES (43525, 'ZDE',  17)
/
    INSERT INTO tbl_codigo_referencia_cdrf (cdrf_tpdt_pk, cdrf_valor, cdrf_orden) VALUES (43525, 'ZDA',  18)
/
    INSERT INTO tbl_codigo_referencia_cdrf (cdrf_tpdt_pk, cdrf_valor, cdrf_orden) VALUES (43525, 'ZTA',  19)
/
    INSERT INTO tbl_codigo_referencia_cdrf (cdrf_tpdt_pk, cdrf_valor, cdrf_orden) VALUES (43525, 'ZTF',  20)
/
    INSERT INTO tbl_codigo_referencia_cdrf (cdrf_tpdt_pk, cdrf_valor, cdrf_orden) VALUES (43525, 'ZAP',  21)
/
    INSERT INTO tbl_codigo_referencia_cdrf (cdrf_tpdt_pk, cdrf_valor, cdrf_orden) VALUES (43525, 'ZDR',  22)
/
    INSERT INTO tbl_codigo_referencia_cdrf (cdrf_tpdt_pk, cdrf_valor, cdrf_orden) VALUES (43525, 'ZPB',  23)
/
    INSERT INTO tbl_codigo_referencia_cdrf (cdrf_tpdt_pk, cdrf_valor, cdrf_orden) VALUES (43525, 'ZCL',  24)
/
    INSERT INTO tbl_codigo_referencia_cdrf (cdrf_tpdt_pk, cdrf_valor, cdrf_orden) VALUES (43525, 'ZDJ',  25)
/
    INSERT INTO tbl_codigo_referencia_cdrf (cdrf_tpdt_pk, cdrf_valor, cdrf_orden) VALUES (43525, 'ZMR',  26)
/
    INSERT INTO tbl_codigo_referencia_cdrf (cdrf_tpdt_pk, cdrf_valor, cdrf_orden) VALUES (43525, 'ZPR',  27)
/
    INSERT INTO tbl_codigo_referencia_cdrf (cdrf_tpdt_pk, cdrf_valor, cdrf_orden) VALUES (43525, 'ZRE',  28)
/
    INSERT INTO tbl_codigo_referencia_cdrf (cdrf_tpdt_pk, cdrf_valor, cdrf_orden) VALUES (43525, 'ZVA',  29)
/
    INSERT INTO tbl_codigo_referencia_cdrf (cdrf_tpdt_pk, cdrf_valor, cdrf_orden) VALUES (43525, 'ZDS',  30)
/
    INSERT INTO tbl_codigo_referencia_cdrf (cdrf_tpdt_pk, cdrf_valor, cdrf_orden) VALUES (43525, 'ZPV',  31)
/
    INSERT INTO tbl_codigo_referencia_cdrf (cdrf_tpdt_pk, cdrf_valor, cdrf_orden) VALUES (43525, 'ZOT',  32)
/
    INSERT INTO tbl_codigo_referencia_cdrf (cdrf_tpdt_pk, cdrf_valor, cdrf_orden) VALUES (43525, 'ZSV',  33)
/
INSERT INTO tbl_tipo_dato_tpdt (tpdt_pk, tpdt_tipo_html, tpdt_tipo_elemento, tpdt_enti_pk, tpdt_codigo, tpdt_nombre) VALUES (43526, 'S', 'CR', NULL , 'TIPO_ACT_EDI_2', 'Tipo de Actividad EDI 2')
/
    INSERT INTO tbl_codigo_referencia_cdrf (cdrf_tpdt_pk, cdrf_valor, cdrf_orden) VALUES (43526, 'ZOP',  1)
/
    INSERT INTO tbl_codigo_referencia_cdrf (cdrf_tpdt_pk, cdrf_valor, cdrf_orden) VALUES (43526, 'ZAB',  2)
/
    INSERT INTO tbl_codigo_referencia_cdrf (cdrf_tpdt_pk, cdrf_valor, cdrf_orden) VALUES (43526, 'ZAO',  3)
/
    INSERT INTO tbl_codigo_referencia_cdrf (cdrf_tpdt_pk, cdrf_valor, cdrf_orden) VALUES (43526, 'ZAR',  4)
/
    INSERT INTO tbl_codigo_referencia_cdrf (cdrf_tpdt_pk, cdrf_valor, cdrf_orden) VALUES (43526, 'ZCT',  5)
/
    INSERT INTO tbl_codigo_referencia_cdrf (cdrf_tpdt_pk, cdrf_valor, cdrf_orden) VALUES (43526, 'ZTI',  6)
/
    INSERT INTO tbl_codigo_referencia_cdrf (cdrf_tpdt_pk, cdrf_valor, cdrf_orden) VALUES (43526, 'ZVO',  7)
/
    INSERT INTO tbl_codigo_referencia_cdrf (cdrf_tpdt_pk, cdrf_valor, cdrf_orden) VALUES (43526, 'ZAF',  8)
/
    INSERT INTO tbl_codigo_referencia_cdrf (cdrf_tpdt_pk, cdrf_valor, cdrf_orden) VALUES (43526, 'ZIN',  9)
/
    INSERT INTO tbl_codigo_referencia_cdrf (cdrf_tpdt_pk, cdrf_valor, cdrf_orden) VALUES (43526, 'ZIP',  10)
/
    INSERT INTO tbl_codigo_referencia_cdrf (cdrf_tpdt_pk, cdrf_valor, cdrf_orden) VALUES (43526, 'ZBO',  11)
/
    INSERT INTO tbl_codigo_referencia_cdrf (cdrf_tpdt_pk, cdrf_valor, cdrf_orden) VALUES (43526, 'ZCO',  12)
/
    INSERT INTO tbl_codigo_referencia_cdrf (cdrf_tpdt_pk, cdrf_valor, cdrf_orden) VALUES (43526, 'ZCA',  13)
/
    INSERT INTO tbl_codigo_referencia_cdrf (cdrf_tpdt_pk, cdrf_valor, cdrf_orden) VALUES (43526, 'ZRA',  14)
/
    INSERT INTO tbl_codigo_referencia_cdrf (cdrf_tpdt_pk, cdrf_valor, cdrf_orden) VALUES (43526, 'ZRF',  15)
/
    INSERT INTO tbl_codigo_referencia_cdrf (cdrf_tpdt_pk, cdrf_valor, cdrf_orden) VALUES (43526, 'ZRT',  16)
/
    INSERT INTO tbl_codigo_referencia_cdrf (cdrf_tpdt_pk, cdrf_valor, cdrf_orden) VALUES (43526, 'ZDE',  17)
/
    INSERT INTO tbl_codigo_referencia_cdrf (cdrf_tpdt_pk, cdrf_valor, cdrf_orden) VALUES (43526, 'ZDA',  18)
/
    INSERT INTO tbl_codigo_referencia_cdrf (cdrf_tpdt_pk, cdrf_valor, cdrf_orden) VALUES (43526, 'ZTA',  19)
/
    INSERT INTO tbl_codigo_referencia_cdrf (cdrf_tpdt_pk, cdrf_valor, cdrf_orden) VALUES (43526, 'ZTF',  20)
/
    INSERT INTO tbl_codigo_referencia_cdrf (cdrf_tpdt_pk, cdrf_valor, cdrf_orden) VALUES (43526, 'ZAP',  21)
/
    INSERT INTO tbl_codigo_referencia_cdrf (cdrf_tpdt_pk, cdrf_valor, cdrf_orden) VALUES (43526, 'ZDR',  22)
/
    INSERT INTO tbl_codigo_referencia_cdrf (cdrf_tpdt_pk, cdrf_valor, cdrf_orden) VALUES (43526, 'ZPB',  23)
/
    INSERT INTO tbl_codigo_referencia_cdrf (cdrf_tpdt_pk, cdrf_valor, cdrf_orden) VALUES (43526, 'ZCL',  24)
/
    INSERT INTO tbl_codigo_referencia_cdrf (cdrf_tpdt_pk, cdrf_valor, cdrf_orden) VALUES (43526, 'ZDJ',  25)
/
    INSERT INTO tbl_codigo_referencia_cdrf (cdrf_tpdt_pk, cdrf_valor, cdrf_orden) VALUES (43526, 'ZMR',  26)
/
    INSERT INTO tbl_codigo_referencia_cdrf (cdrf_tpdt_pk, cdrf_valor, cdrf_orden) VALUES (43526, 'ZPR',  27)
/
    INSERT INTO tbl_codigo_referencia_cdrf (cdrf_tpdt_pk, cdrf_valor, cdrf_orden) VALUES (43526, 'ZRE',  28)
/
    INSERT INTO tbl_codigo_referencia_cdrf (cdrf_tpdt_pk, cdrf_valor, cdrf_orden) VALUES (43526, 'ZVA',  29)
/
    INSERT INTO tbl_codigo_referencia_cdrf (cdrf_tpdt_pk, cdrf_valor, cdrf_orden) VALUES (43526, 'ZDS',  30)
/
    INSERT INTO tbl_codigo_referencia_cdrf (cdrf_tpdt_pk, cdrf_valor, cdrf_orden) VALUES (43526, 'ZPV',  31)
/
    INSERT INTO tbl_codigo_referencia_cdrf (cdrf_tpdt_pk, cdrf_valor, cdrf_orden) VALUES (43526, 'ZOT',  32)
/
    INSERT INTO tbl_codigo_referencia_cdrf (cdrf_tpdt_pk, cdrf_valor, cdrf_orden) VALUES (43526, 'ZSV',  33)
/
INSERT INTO tbl_tipo_dato_tpdt (tpdt_pk, tpdt_tipo_html, tpdt_tipo_elemento, tpdt_enti_pk, tpdt_codigo, tpdt_nombre) VALUES (43527, 'S', 'CR', NULL , 'TIPO_ACT_EDI_3', 'Tipo de Actividad EDI 3')
/
    INSERT INTO tbl_codigo_referencia_cdrf (cdrf_tpdt_pk, cdrf_valor, cdrf_orden) VALUES (43527, 'ZOP',  1)
/
    INSERT INTO tbl_codigo_referencia_cdrf (cdrf_tpdt_pk, cdrf_valor, cdrf_orden) VALUES (43527, 'ZAB',  2)
/
    INSERT INTO tbl_codigo_referencia_cdrf (cdrf_tpdt_pk, cdrf_valor, cdrf_orden) VALUES (43527, 'ZAO',  3)
/
    INSERT INTO tbl_codigo_referencia_cdrf (cdrf_tpdt_pk, cdrf_valor, cdrf_orden) VALUES (43527, 'ZAR',  4)
/
    INSERT INTO tbl_codigo_referencia_cdrf (cdrf_tpdt_pk, cdrf_valor, cdrf_orden) VALUES (43527, 'ZCT',  5)
/
    INSERT INTO tbl_codigo_referencia_cdrf (cdrf_tpdt_pk, cdrf_valor, cdrf_orden) VALUES (43527, 'ZTI',  6)
/
    INSERT INTO tbl_codigo_referencia_cdrf (cdrf_tpdt_pk, cdrf_valor, cdrf_orden) VALUES (43527, 'ZVO',  7)
/
    INSERT INTO tbl_codigo_referencia_cdrf (cdrf_tpdt_pk, cdrf_valor, cdrf_orden) VALUES (43527, 'ZAF',  8)
/
    INSERT INTO tbl_codigo_referencia_cdrf (cdrf_tpdt_pk, cdrf_valor, cdrf_orden) VALUES (43527, 'ZIN',  9)
/
    INSERT INTO tbl_codigo_referencia_cdrf (cdrf_tpdt_pk, cdrf_valor, cdrf_orden) VALUES (43527, 'ZIP',  10)
/
    INSERT INTO tbl_codigo_referencia_cdrf (cdrf_tpdt_pk, cdrf_valor, cdrf_orden) VALUES (43527, 'ZBO',  11)
/
    INSERT INTO tbl_codigo_referencia_cdrf (cdrf_tpdt_pk, cdrf_valor, cdrf_orden) VALUES (43527, 'ZCO',  12)
/
    INSERT INTO tbl_codigo_referencia_cdrf (cdrf_tpdt_pk, cdrf_valor, cdrf_orden) VALUES (43527, 'ZCA',  13)
/
    INSERT INTO tbl_codigo_referencia_cdrf (cdrf_tpdt_pk, cdrf_valor, cdrf_orden) VALUES (43527, 'ZRA',  14)
/
    INSERT INTO tbl_codigo_referencia_cdrf (cdrf_tpdt_pk, cdrf_valor, cdrf_orden) VALUES (43527, 'ZRF',  15)
/
    INSERT INTO tbl_codigo_referencia_cdrf (cdrf_tpdt_pk, cdrf_valor, cdrf_orden) VALUES (43527, 'ZRT',  16)
/
    INSERT INTO tbl_codigo_referencia_cdrf (cdrf_tpdt_pk, cdrf_valor, cdrf_orden) VALUES (43527, 'ZDE',  17)
/
    INSERT INTO tbl_codigo_referencia_cdrf (cdrf_tpdt_pk, cdrf_valor, cdrf_orden) VALUES (43527, 'ZDA',  18)
/
    INSERT INTO tbl_codigo_referencia_cdrf (cdrf_tpdt_pk, cdrf_valor, cdrf_orden) VALUES (43527, 'ZTA',  19)
/
    INSERT INTO tbl_codigo_referencia_cdrf (cdrf_tpdt_pk, cdrf_valor, cdrf_orden) VALUES (43527, 'ZTF',  20)
/
    INSERT INTO tbl_codigo_referencia_cdrf (cdrf_tpdt_pk, cdrf_valor, cdrf_orden) VALUES (43527, 'ZAP',  21)
/
    INSERT INTO tbl_codigo_referencia_cdrf (cdrf_tpdt_pk, cdrf_valor, cdrf_orden) VALUES (43527, 'ZDR',  22)
/
    INSERT INTO tbl_codigo_referencia_cdrf (cdrf_tpdt_pk, cdrf_valor, cdrf_orden) VALUES (43527, 'ZPB',  23)
/
    INSERT INTO tbl_codigo_referencia_cdrf (cdrf_tpdt_pk, cdrf_valor, cdrf_orden) VALUES (43527, 'ZCL',  24)
/
    INSERT INTO tbl_codigo_referencia_cdrf (cdrf_tpdt_pk, cdrf_valor, cdrf_orden) VALUES (43527, 'ZDJ',  25)
/
    INSERT INTO tbl_codigo_referencia_cdrf (cdrf_tpdt_pk, cdrf_valor, cdrf_orden) VALUES (43527, 'ZMR',  26)
/
    INSERT INTO tbl_codigo_referencia_cdrf (cdrf_tpdt_pk, cdrf_valor, cdrf_orden) VALUES (43527, 'ZPR',  27)
/
    INSERT INTO tbl_codigo_referencia_cdrf (cdrf_tpdt_pk, cdrf_valor, cdrf_orden) VALUES (43527, 'ZRE',  28)
/
    INSERT INTO tbl_codigo_referencia_cdrf (cdrf_tpdt_pk, cdrf_valor, cdrf_orden) VALUES (43527, 'ZVA',  29)
/
    INSERT INTO tbl_codigo_referencia_cdrf (cdrf_tpdt_pk, cdrf_valor, cdrf_orden) VALUES (43527, 'ZDS',  30)
/
    INSERT INTO tbl_codigo_referencia_cdrf (cdrf_tpdt_pk, cdrf_valor, cdrf_orden) VALUES (43527, 'ZPV',  31)
/
    INSERT INTO tbl_codigo_referencia_cdrf (cdrf_tpdt_pk, cdrf_valor, cdrf_orden) VALUES (43527, 'ZOT',  32)
/
    INSERT INTO tbl_codigo_referencia_cdrf (cdrf_tpdt_pk, cdrf_valor, cdrf_orden) VALUES (43527, 'ZSV',  33)
/
INSERT INTO tbl_tipo_dato_tpdt (tpdt_pk, tpdt_tipo_html, tpdt_tipo_elemento, tpdt_enti_pk, tpdt_codigo, tpdt_nombre) VALUES (43540, 'S', 'CR', NULL , 'TIPO_HORA', 'Tipo de Hora')
/
    INSERT INTO tbl_codigo_referencia_cdrf (cdrf_tpdt_pk, cdrf_valor, cdrf_orden) VALUES (43540, 'E',  1)
/
    INSERT INTO tbl_codigo_referencia_cdrf (cdrf_tpdt_pk, cdrf_valor, cdrf_orden) VALUES (43540, 'F',  2)
/
    INSERT INTO tbl_codigo_referencia_cdrf (cdrf_tpdt_pk, cdrf_valor, cdrf_orden) VALUES (43540, 'N',  3)
/
INSERT INTO tbl_tipo_dato_tpdt (tpdt_pk, tpdt_tipo_html, tpdt_tipo_elemento, tpdt_enti_pk, tpdt_codigo, tpdt_nombre) VALUES (43545, 'S', 'CR', NULL , 'ESTADO_CONT', 'Estado Contador')
/
    INSERT INTO tbl_codigo_referencia_cdrf (cdrf_tpdt_pk, cdrf_valor, cdrf_orden) VALUES (43545, 'A',  1)
/
    INSERT INTO tbl_codigo_referencia_cdrf (cdrf_tpdt_pk, cdrf_valor, cdrf_orden) VALUES (43545, 'D',  2)
/




-- Entidades - Tipos de parametro
INSERT INTO tbl_entidad_enti(enti_pk, enti_tipo, enti_cmd_alta, enti_cmd_baja, enti_cmd_edicion, enti_cmd_duplicado, enti_codigo, enti_nombre) VALUES (20001, 'P', 1, 1, 1, 1, 'TIPO_ACTIVIDAD', 'Tipo de Actividad')
/
INSERT INTO tbl_tipo_parametro_tppr(tppr_pk, tppr_es_i18n, tppr_es_tmp_exp) VALUES (20001, 1, 0)
/
INSERT INTO tbl_entidad_enti(enti_pk, enti_tipo, enti_cmd_alta, enti_cmd_baja, enti_cmd_edicion, enti_cmd_duplicado, enti_codigo, enti_nombre) VALUES (20002, 'P', 1, 1, 1, 1, 'TIPO_ACTIVIDAD_EDI', 'Tipo de Actividad EDI')
/
INSERT INTO tbl_tipo_parametro_tppr(tppr_pk, tppr_es_i18n, tppr_es_tmp_exp) VALUES (20002, 1, 0)
/
INSERT INTO tbl_entidad_enti(enti_pk, enti_tipo, enti_cmd_alta, enti_cmd_baja, enti_cmd_edicion, enti_cmd_duplicado, enti_codigo, enti_nombre) VALUES (20003, 'P', 1, 1, 1, 1, 'ACUERDO', 'Acuerdo')
/
INSERT INTO tbl_tipo_parametro_tppr(tppr_pk, tppr_es_i18n, tppr_es_tmp_exp) VALUES (20003, 1, 1)
/
INSERT INTO tbl_entidad_enti(enti_pk, enti_tipo, enti_cmd_alta, enti_cmd_baja, enti_cmd_edicion, enti_cmd_duplicado, enti_codigo, enti_nombre) VALUES (20004, 'P', 1, 1, 1, 1, 'PAIS', 'Pais')
/
INSERT INTO tbl_tipo_parametro_tppr(tppr_pk, tppr_es_i18n, tppr_es_tmp_exp) VALUES (20004, 1, 0)
/
INSERT INTO tbl_entidad_enti(enti_pk, enti_tipo, enti_cmd_alta, enti_cmd_baja, enti_cmd_edicion, enti_cmd_duplicado, enti_codigo, enti_nombre) VALUES (20005, 'P', 1, 1, 1, 1, 'BUQUE', 'Buque')
/
INSERT INTO tbl_tipo_parametro_tppr(tppr_pk, tppr_es_i18n, tppr_es_tmp_exp, tppr_tpdt_pk) VALUES (20005, 0, 0, 41020)
/
INSERT INTO tbl_entidad_enti(enti_pk, enti_tipo, enti_cmd_alta, enti_cmd_baja, enti_cmd_edicion, enti_cmd_duplicado, enti_codigo, enti_nombre) VALUES (20006, 'P', 1, 1, 1, 1, 'AREA_MUNDIAL', 'Area Mundial')
/
INSERT INTO tbl_tipo_parametro_tppr(tppr_pk, tppr_es_i18n, tppr_es_tmp_exp) VALUES (20006, 1, 0)
/
INSERT INTO tbl_entidad_enti(enti_pk, enti_tipo, enti_cmd_alta, enti_cmd_baja, enti_cmd_edicion, enti_cmd_duplicado, enti_codigo, enti_nombre) VALUES (20007, 'P', 1, 1, 1, 1, 'TIPO_BUQUE_EEE', 'Tipo de Buque EEE')
/
INSERT INTO tbl_tipo_parametro_tppr(tppr_pk, tppr_es_i18n, tppr_es_tmp_exp) VALUES (20007, 1, 0)
/
INSERT INTO tbl_entidad_enti(enti_pk, enti_tipo, enti_cmd_alta, enti_cmd_baja, enti_cmd_edicion, enti_cmd_duplicado, enti_codigo, enti_nombre) VALUES (20008, 'P', 1, 1, 1, 1, 'TIPO_BUQUE_EST', 'Tipo de Buque Est')
/
INSERT INTO tbl_tipo_parametro_tppr(tppr_pk, tppr_es_i18n, tppr_es_tmp_exp) VALUES (20008, 1, 0)
/
INSERT INTO tbl_entidad_enti(enti_pk, enti_tipo, enti_cmd_alta, enti_cmd_baja, enti_cmd_edicion, enti_cmd_duplicado, enti_codigo, enti_nombre) VALUES (20009, 'P', 1, 1, 1, 1, 'TIPO_BUQUE', 'Tipo de Buque')
/
INSERT INTO tbl_tipo_parametro_tppr(tppr_pk, tppr_es_i18n, tppr_es_tmp_exp) VALUES (20009, 1, 0)
/
INSERT INTO tbl_entidad_enti(enti_pk, enti_tipo, enti_cmd_alta, enti_cmd_baja, enti_cmd_edicion, enti_cmd_duplicado, enti_codigo, enti_nombre) VALUES (20010, 'P', 1, 1, 1, 1, 'ORGANIZACION', 'Organizacion')
/
INSERT INTO tbl_tipo_parametro_tppr(tppr_pk, tppr_es_i18n, tppr_es_tmp_exp, tppr_tpdt_pk) VALUES (20010, 0, 0, 41020)
/
INSERT INTO tbl_entidad_enti(enti_pk, enti_tipo, enti_cmd_alta, enti_cmd_baja, enti_cmd_edicion, enti_cmd_duplicado, enti_codigo, enti_nombre) VALUES (20011, 'P', 1, 1, 1, 1, 'TIPO_IVA', 'Tipo de IVA')
/
INSERT INTO tbl_tipo_parametro_tppr(tppr_pk, tppr_es_i18n, tppr_es_tmp_exp) VALUES (20011, 1, 1)
/
INSERT INTO tbl_entidad_enti(enti_pk, enti_tipo, enti_cmd_alta, enti_cmd_baja, enti_cmd_edicion, enti_cmd_duplicado, enti_codigo, enti_nombre) VALUES (20012, 'P', 1, 1, 1, 1, 'AREA_GEOGRAFICA', 'Area Geografica')
/
INSERT INTO tbl_tipo_parametro_tppr(tppr_pk, tppr_es_i18n, tppr_es_tmp_exp) VALUES (20012, 1, 0)
/
INSERT INTO tbl_entidad_enti(enti_pk, enti_tipo, enti_cmd_alta, enti_cmd_baja, enti_cmd_edicion, enti_cmd_duplicado, enti_codigo, enti_nombre) VALUES (20013, 'P', 1, 1, 1, 1, 'ZONA_COSTERA_EEE', 'Zona Costera EEE')
/
INSERT INTO tbl_tipo_parametro_tppr(tppr_pk, tppr_es_i18n, tppr_es_tmp_exp) VALUES (20013, 1, 0)
/
INSERT INTO tbl_entidad_enti(enti_pk, enti_tipo, enti_cmd_alta, enti_cmd_baja, enti_cmd_edicion, enti_cmd_duplicado, enti_codigo, enti_nombre) VALUES (20014, 'P', 1, 1, 1, 1, 'UNLOCODE', 'Unlocode')
/
INSERT INTO tbl_tipo_parametro_tppr(tppr_pk, tppr_es_i18n, tppr_es_tmp_exp) VALUES (20014, 1, 0)
/
INSERT INTO tbl_entidad_enti(enti_pk, enti_tipo, enti_cmd_alta, enti_cmd_baja, enti_cmd_edicion, enti_cmd_duplicado, enti_codigo, enti_nombre) VALUES (20015, 'P', 1, 1, 1, 1, 'TIPO_ALINEACION', 'Tipo de Alineacion')
/
INSERT INTO tbl_tipo_parametro_tppr(tppr_pk, tppr_es_i18n, tppr_es_tmp_exp) VALUES (20015, 1, 0)
/
INSERT INTO tbl_entidad_enti(enti_pk, enti_tipo, enti_cmd_alta, enti_cmd_baja, enti_cmd_edicion, enti_cmd_duplicado, enti_codigo, enti_nombre) VALUES (20016, 'P', 1, 1, 1, 1, 'TIPO_MEDIO_AMARRE', 'Tipo de Medio de Amarre')
/
INSERT INTO tbl_tipo_parametro_tppr(tppr_pk, tppr_es_i18n, tppr_es_tmp_exp) VALUES (20016, 1, 0)
/
INSERT INTO tbl_entidad_enti(enti_pk, enti_tipo, enti_cmd_alta, enti_cmd_baja, enti_cmd_edicion, enti_cmd_duplicado, enti_codigo, enti_nombre) VALUES (20017, 'P', 1, 1, 1, 1, 'TIPO_MOVIMIENTO_AMARRE', 'Tipo de Movimiento de Amarre')
/
INSERT INTO tbl_tipo_parametro_tppr(tppr_pk, tppr_es_i18n, tppr_es_tmp_exp) VALUES (20017, 1, 0)
/
INSERT INTO tbl_entidad_enti(enti_pk, enti_tipo, enti_cmd_alta, enti_cmd_baja, enti_cmd_edicion, enti_cmd_duplicado, enti_codigo, enti_nombre) VALUES (20018, 'P', 1, 1, 1, 1, 'TIPO_VIA', 'Tipo de Via')
/
INSERT INTO tbl_tipo_parametro_tppr(tppr_pk, tppr_es_i18n, tppr_es_tmp_exp) VALUES (20018, 1, 0)
/
INSERT INTO tbl_entidad_enti(enti_pk, enti_tipo, enti_cmd_alta, enti_cmd_baja, enti_cmd_edicion, enti_cmd_duplicado, enti_codigo, enti_nombre) VALUES (20019, 'P', 1, 1, 1, 1, 'TIPO_USUARIO', 'Tipo de Usuario')
/
INSERT INTO tbl_tipo_parametro_tppr(tppr_pk, tppr_es_i18n, tppr_es_tmp_exp) VALUES (20019, 1, 0)
/
INSERT INTO tbl_entidad_enti(enti_pk, enti_tipo, enti_cmd_alta, enti_cmd_baja, enti_cmd_edicion, enti_cmd_duplicado, enti_codigo, enti_nombre) VALUES (20020, 'P', 1, 1, 1, 1, 'TIPO_SUPERFICIE', 'Tipo de Superficie')
/
INSERT INTO tbl_tipo_parametro_tppr(tppr_pk, tppr_es_i18n, tppr_es_tmp_exp) VALUES (20020, 1, 0)
/
INSERT INTO tbl_entidad_enti(enti_pk, enti_tipo, enti_cmd_alta, enti_cmd_baja, enti_cmd_edicion, enti_cmd_duplicado, enti_codigo, enti_nombre) VALUES (20021, 'P', 1, 1, 1, 1, 'GRUPO_ZONA', 'Grupo Zona')
/
INSERT INTO tbl_tipo_parametro_tppr(tppr_pk, tppr_es_i18n, tppr_es_tmp_exp) VALUES (20021, 1, 0)
/
INSERT INTO tbl_entidad_enti(enti_pk, enti_tipo, enti_cmd_alta, enti_cmd_baja, enti_cmd_edicion, enti_cmd_duplicado, enti_codigo, enti_nombre) VALUES (20022, 'P', 1, 1, 1, 1, 'UNIDAD_SUPERFICIE', 'Unidad de Superficie')
/
INSERT INTO tbl_tipo_parametro_tppr(tppr_pk, tppr_es_i18n, tppr_es_tmp_exp) VALUES (20022, 1, 0)
/
INSERT INTO tbl_entidad_enti(enti_pk, enti_tipo, enti_cmd_alta, enti_cmd_baja, enti_cmd_edicion, enti_cmd_duplicado, enti_codigo, enti_nombre) VALUES (20023, 'P', 1, 1, 1, 1, 'TIPO_OPERACION_SUPERFICIE', 'Tipo de Operacion de Superficie')
/
INSERT INTO tbl_tipo_parametro_tppr(tppr_pk, tppr_es_i18n, tppr_es_tmp_exp) VALUES (20023, 1, 0)
/
INSERT INTO tbl_entidad_enti(enti_pk, enti_tipo, enti_cmd_alta, enti_cmd_baja, enti_cmd_edicion, enti_cmd_duplicado, enti_codigo, enti_nombre) VALUES (20024, 'P', 1, 1, 1, 1, 'TIPO_SUMINISTRO', 'Tipo de Suministro')
/
INSERT INTO tbl_tipo_parametro_tppr(tppr_pk, tppr_es_i18n, tppr_es_tmp_exp) VALUES (20024, 1, 0)
/
INSERT INTO tbl_entidad_enti(enti_pk, enti_tipo, enti_cmd_alta, enti_cmd_baja, enti_cmd_edicion, enti_cmd_duplicado, enti_codigo, enti_nombre) VALUES (20025, 'P', 1, 1, 1, 1, 'TIPO_GASTO', 'Tipo de Gasto')
/
INSERT INTO tbl_tipo_parametro_tppr(tppr_pk, tppr_es_i18n, tppr_es_tmp_exp) VALUES (20025, 1, 0)
/
INSERT INTO tbl_entidad_enti(enti_pk, enti_tipo, enti_cmd_alta, enti_cmd_baja, enti_cmd_edicion, enti_cmd_duplicado, enti_codigo, enti_nombre) VALUES (20026, 'P', 1, 1, 1, 1, 'TIPO_CONTADOR', 'Tipo de Contador')
/
INSERT INTO tbl_tipo_parametro_tppr(tppr_pk, tppr_es_i18n, tppr_es_tmp_exp) VALUES (20026, 1, 0)
/
INSERT INTO tbl_entidad_enti(enti_pk, enti_tipo, enti_cmd_alta, enti_cmd_baja, enti_cmd_edicion, enti_cmd_duplicado, enti_codigo, enti_nombre) VALUES (20027, 'P', 1, 1, 1, 1, 'TIPO_MEDIO_REMOLQUE', 'Tipo de Medio de Remolque')
/
INSERT INTO tbl_tipo_parametro_tppr(tppr_pk, tppr_es_i18n, tppr_es_tmp_exp) VALUES (20027, 1, 1)
/
-- TODO - Ver Tipos de Datos
INSERT INTO tbl_entidad_enti(enti_pk, enti_tipo, enti_cmd_alta, enti_cmd_baja, enti_cmd_edicion, enti_cmd_duplicado, enti_codigo, enti_nombre) VALUES (20028, 'P', 1, 1, 1, 1, 'TIPO_MOVIMIENTO_REMOLQUE', 'Tipo de Movimiento de Remolque')
/
INSERT INTO tbl_tipo_parametro_tppr(tppr_pk, tppr_es_i18n, tppr_es_tmp_exp) VALUES (20028, 1, 0)
/
INSERT INTO tbl_entidad_enti(enti_pk, enti_tipo, enti_cmd_alta, enti_cmd_baja, enti_cmd_edicion, enti_cmd_duplicado, enti_codigo, enti_nombre) VALUES (20029, 'P', 1, 1, 1, 1, 'TIPO_MANIOBRA_REMOLQUE', 'Tipo de Maniobra de Remolque')
/
INSERT INTO tbl_tipo_parametro_tppr(tppr_pk, tppr_es_i18n, tppr_es_tmp_exp) VALUES (20029, 1, 0)
/
INSERT INTO tbl_entidad_enti(enti_pk, enti_tipo, enti_cmd_alta, enti_cmd_baja, enti_cmd_edicion, enti_cmd_duplicado, enti_codigo, enti_nombre) VALUES (20030, 'P', 1, 1, 1, 1, 'ZONA_PESCA', 'Zona de Pesca')
/
INSERT INTO tbl_tipo_parametro_tppr(tppr_pk, tppr_es_i18n, tppr_es_tmp_exp) VALUES (20030, 1, 0)
/
INSERT INTO tbl_entidad_enti(enti_pk, enti_tipo, enti_cmd_alta, enti_cmd_baja, enti_cmd_edicion, enti_cmd_duplicado, enti_codigo, enti_nombre) VALUES (20031, 'P', 1, 1, 1, 1, 'PRESENTACION_PESCA', 'Presentacion de Pesca')
/
INSERT INTO tbl_tipo_parametro_tppr(tppr_pk, tppr_es_i18n, tppr_es_tmp_exp) VALUES (20031, 1, 0)
/
INSERT INTO tbl_entidad_enti(enti_pk, enti_tipo, enti_cmd_alta, enti_cmd_baja, enti_cmd_edicion, enti_cmd_duplicado, enti_codigo, enti_nombre) VALUES (20032, 'P', 1, 1, 1, 1, 'TIPO_OPERACION_PESCA', 'Tipo de Operacion de Pesca')
/
INSERT INTO tbl_tipo_parametro_tppr(tppr_pk, tppr_es_i18n, tppr_es_tmp_exp) VALUES (20032, 1, 0)
/
INSERT INTO tbl_entidad_enti(enti_pk, enti_tipo, enti_cmd_alta, enti_cmd_baja, enti_cmd_edicion, enti_cmd_duplicado, enti_codigo, enti_nombre) VALUES (20033, 'P', 1, 1, 1, 1, 'TIPO_MANIFIESTO_PESCA', 'Tipo de Manifiesto de Pesca')
/
INSERT INTO tbl_tipo_parametro_tppr(tppr_pk, tppr_es_i18n, tppr_es_tmp_exp) VALUES (20033, 1, 0)
/
INSERT INTO tbl_entidad_enti(enti_pk, enti_tipo, enti_cmd_alta, enti_cmd_baja, enti_cmd_edicion, enti_cmd_duplicado, enti_codigo, enti_nombre) VALUES (20034, 'P', 1, 1, 1, 1, 'SUBTIPO_MANIFIESTO_PESCA', 'Subtipo de Manifiesto de Pesca')
/
INSERT INTO tbl_tipo_parametro_tppr(tppr_pk, tppr_es_i18n, tppr_es_tmp_exp) VALUES (20034, 1, 0)
/
INSERT INTO tbl_entidad_enti(enti_pk, enti_tipo, enti_cmd_alta, enti_cmd_baja, enti_cmd_edicion, enti_cmd_duplicado, enti_codigo, enti_nombre) VALUES (20035, 'P', 1, 1, 1, 1, 'GRUPO_FAMILIA_ESPECIE_PESCA', 'Grupo de Familia de Especies de Pesca')
/
INSERT INTO tbl_tipo_parametro_tppr(tppr_pk, tppr_es_i18n, tppr_es_tmp_exp) VALUES (20035, 1, 0)
/
INSERT INTO tbl_entidad_enti(enti_pk, enti_tipo, enti_cmd_alta, enti_cmd_baja, enti_cmd_edicion, enti_cmd_duplicado, enti_codigo, enti_nombre) VALUES (20036, 'P', 1, 1, 1, 1, 'FAMILIA_ESPECIE_PESCA', 'Familia de Especies de Pesca')
/
INSERT INTO tbl_tipo_parametro_tppr(tppr_pk, tppr_es_i18n, tppr_es_tmp_exp) VALUES (20036, 1, 0)
/
INSERT INTO tbl_entidad_enti(enti_pk, enti_tipo, enti_cmd_alta, enti_cmd_baja, enti_cmd_edicion, enti_cmd_duplicado, enti_codigo, enti_nombre) VALUES (20037, 'P', 1, 1, 1, 1, 'TIPO_CAPTURA_PESCA', 'Tipo de Captura de Pesca')
/
INSERT INTO tbl_tipo_parametro_tppr(tppr_pk, tppr_es_i18n, tppr_es_tmp_exp) VALUES (20037, 1, 0)
/
INSERT INTO tbl_entidad_enti(enti_pk, enti_tipo, enti_cmd_alta, enti_cmd_baja, enti_cmd_edicion, enti_cmd_duplicado, enti_codigo, enti_nombre) VALUES (20038, 'P', 1, 1, 1, 1, 'ESPECIE_PESCA', 'Especie de Pesca')
/
INSERT INTO tbl_tipo_parametro_tppr(tppr_pk, tppr_es_i18n, tppr_es_tmp_exp) VALUES (20038, 1, 0)
/
INSERT INTO tbl_entidad_enti(enti_pk, enti_tipo, enti_cmd_alta, enti_cmd_baja, enti_cmd_edicion, enti_cmd_duplicado, enti_codigo, enti_nombre) VALUES (20039, 'P', 1, 1, 1, 1, 'TIPO_BUQUE_PESCA', 'Tipo de Buque de Pesca')
/
INSERT INTO tbl_tipo_parametro_tppr(tppr_pk, tppr_es_i18n, tppr_es_tmp_exp) VALUES (20039, 1, 0)
/
INSERT INTO tbl_entidad_enti(enti_pk, enti_tipo, enti_cmd_alta, enti_cmd_baja, enti_cmd_edicion, enti_cmd_duplicado, enti_codigo, enti_nombre) VALUES (20040, 'P', 1, 1, 1, 1, 'BUQUE_PESCA', 'Buque de Pesca')
/
INSERT INTO tbl_tipo_parametro_tppr(tppr_pk, tppr_es_i18n, tppr_es_tmp_exp, tppr_tpdt_pk) VALUES (20040, 0, 0, 41020)
/
INSERT INTO tbl_entidad_enti(enti_pk, enti_tipo, enti_cmd_alta, enti_cmd_baja, enti_cmd_edicion, enti_cmd_duplicado, enti_codigo, enti_nombre) VALUES (20041, 'P', 1, 1, 1, 1, 'ARTE_PESCA', 'Arte de Pesca')
/
INSERT INTO tbl_tipo_parametro_tppr(tppr_pk, tppr_es_i18n, tppr_es_tmp_exp) VALUES (20041, 1, 0)
/
INSERT INTO tbl_entidad_enti(enti_pk, enti_tipo, enti_cmd_alta, enti_cmd_baja, enti_cmd_edicion, enti_cmd_duplicado, enti_codigo, enti_nombre) VALUES (20042, 'P', 1, 1, 1, 1, 'TIPO_MERCANCIA_EST', 'Tipo de Mercancia Est')
/
INSERT INTO tbl_tipo_parametro_tppr(tppr_pk, tppr_es_i18n, tppr_es_tmp_exp) VALUES (20042, 1, 0)
/
INSERT INTO tbl_entidad_enti(enti_pk, enti_tipo, enti_cmd_alta, enti_cmd_baja, enti_cmd_edicion, enti_cmd_duplicado, enti_codigo, enti_nombre) VALUES (20043, 'P', 1, 1, 1, 1, 'GRUPO_NATURALEZA', 'Grupo de Naturaleza de Mercancia')
/
INSERT INTO tbl_tipo_parametro_tppr(tppr_pk, tppr_es_i18n, tppr_es_tmp_exp) VALUES (20043, 1, 0)
/
INSERT INTO tbl_entidad_enti(enti_pk, enti_tipo, enti_cmd_alta, enti_cmd_baja, enti_cmd_edicion, enti_cmd_duplicado, enti_codigo, enti_nombre) VALUES (20044, 'P', 1, 1, 1, 1, 'NATURALEZA', 'Naturaleza de Mercancia')
/
INSERT INTO tbl_tipo_parametro_tppr(tppr_pk, tppr_es_i18n, tppr_es_tmp_exp) VALUES (20044, 1, 0)
/
INSERT INTO tbl_entidad_enti(enti_pk, enti_tipo, enti_cmd_alta, enti_cmd_baja, enti_cmd_edicion, enti_cmd_duplicado, enti_codigo, enti_nombre) VALUES (20045, 'P', 1, 1, 1, 1, 'GRUPO_ARANCELARIO', 'Grupo Arancelario')
/
INSERT INTO tbl_tipo_parametro_tppr(tppr_pk, tppr_es_i18n, tppr_es_tmp_exp) VALUES (20045, 1, 0)
/
INSERT INTO tbl_entidad_enti(enti_pk, enti_tipo, enti_cmd_alta, enti_cmd_baja, enti_cmd_edicion, enti_cmd_duplicado, enti_codigo, enti_nombre) VALUES (20046, 'P', 1, 1, 1, 1, 'SUBGRUPO_MERCANCIA_EST', 'Subgrupo Mercancia Est')
/
INSERT INTO tbl_tipo_parametro_tppr(tppr_pk, tppr_es_i18n, tppr_es_tmp_exp) VALUES (20046, 1, 0)
/
INSERT INTO tbl_entidad_enti(enti_pk, enti_tipo, enti_cmd_alta, enti_cmd_baja, enti_cmd_edicion, enti_cmd_duplicado, enti_codigo, enti_nombre) VALUES (20047, 'P', 1, 1, 1, 1, 'GRUPO_NST', 'Grupo NST-2000')
/
INSERT INTO tbl_tipo_parametro_tppr(tppr_pk, tppr_es_i18n, tppr_es_tmp_exp) VALUES (20047, 1, 0)
/
INSERT INTO tbl_entidad_enti(enti_pk, enti_tipo, enti_cmd_alta, enti_cmd_baja, enti_cmd_edicion, enti_cmd_duplicado, enti_codigo, enti_nombre) VALUES (20048, 'P', 1, 1, 1, 1, 'UNIDAD_CARGA', 'Unidad de Carga')
/
INSERT INTO tbl_tipo_parametro_tppr(tppr_pk, tppr_es_i18n, tppr_es_tmp_exp) VALUES (20048, 1, 0)
/
INSERT INTO tbl_entidad_enti(enti_pk, enti_tipo, enti_cmd_alta, enti_cmd_baja, enti_cmd_edicion, enti_cmd_duplicado, enti_codigo, enti_nombre) VALUES (20049, 'P', 1, 1, 1, 1, 'MERCANCIA', 'Mercancia')
/
INSERT INTO tbl_tipo_parametro_tppr(tppr_pk, tppr_es_i18n, tppr_es_tmp_exp) VALUES (20049, 1, 1)
/
INSERT INTO tbl_entidad_enti(enti_pk, enti_tipo, enti_cmd_alta, enti_cmd_baja, enti_cmd_edicion, enti_cmd_duplicado, enti_codigo, enti_nombre) VALUES (20050, 'P', 1, 1, 1, 1, 'TIPO_OPERACION_BL', 'Tipo de Operacion de BL')
/
INSERT INTO tbl_tipo_parametro_tppr(tppr_pk, tppr_es_i18n, tppr_es_tmp_exp) VALUES (20050, 1, 0)
/
INSERT INTO tbl_entidad_enti(enti_pk, enti_tipo, enti_cmd_alta, enti_cmd_baja, enti_cmd_edicion, enti_cmd_duplicado, enti_codigo, enti_nombre) VALUES (20051, 'P', 1, 1, 1, 1, 'TIPO_EQUIPAMIENTO', 'Tipo de Equipamiento')
/
INSERT INTO tbl_tipo_parametro_tppr(tppr_pk, tppr_es_i18n, tppr_es_tmp_exp) VALUES (20051, 1, 0)
/
INSERT INTO tbl_entidad_enti(enti_pk, enti_tipo, enti_cmd_alta, enti_cmd_baja, enti_cmd_edicion, enti_cmd_duplicado, enti_codigo, enti_nombre) VALUES (20052, 'P', 1, 1, 1, 1, 'TIPO_DOCUMENTO_AEAT', 'Tipo de Documento AEAT')
/
INSERT INTO tbl_tipo_parametro_tppr(tppr_pk, tppr_es_i18n, tppr_es_tmp_exp) VALUES (20052, 1, 0)
/
INSERT INTO tbl_entidad_enti(enti_pk, enti_tipo, enti_cmd_alta, enti_cmd_baja, enti_cmd_edicion, enti_cmd_duplicado, enti_codigo, enti_nombre) VALUES (20053, 'P', 1, 1, 1, 1, 'TIPO_BULTO', 'Tipo de Bulto')
/
INSERT INTO tbl_tipo_parametro_tppr(tppr_pk, tppr_es_i18n, tppr_es_tmp_exp) VALUES (20053, 1, 0)
/
INSERT INTO tbl_entidad_enti(enti_pk, enti_tipo, enti_cmd_alta, enti_cmd_baja, enti_cmd_edicion, enti_cmd_duplicado, enti_codigo, enti_nombre) VALUES (20054, 'P', 1, 1, 1, 1, 'RECINTO_ADUANERO', 'Recinto Aduanero')
/
INSERT INTO tbl_tipo_parametro_tppr(tppr_pk, tppr_es_i18n, tppr_es_tmp_exp) VALUES (20054, 1, 0)
/
INSERT INTO tbl_entidad_enti(enti_pk, enti_tipo, enti_cmd_alta, enti_cmd_baja, enti_cmd_edicion, enti_cmd_duplicado, enti_codigo, enti_nombre) VALUES (20055, 'P', 1, 1, 1, 1, 'TERMINAL', 'Terminal')
/
INSERT INTO tbl_tipo_parametro_tppr(tppr_pk, tppr_es_i18n, tppr_es_tmp_exp) VALUES (20055, 1, 0)
/
INSERT INTO tbl_entidad_enti(enti_pk, enti_tipo, enti_cmd_alta, enti_cmd_baja, enti_cmd_edicion, enti_cmd_duplicado, enti_codigo, enti_nombre) VALUES (20056, 'P', 1, 1, 1, 1, 'RECEPTOR_MERCANCIA', 'Receptor de Mercancia')
/
INSERT INTO tbl_tipo_parametro_tppr(tppr_pk, tppr_es_i18n, tppr_es_tmp_exp) VALUES (20056, 0, 0)
/
INSERT INTO tbl_entidad_enti(enti_pk, enti_tipo, enti_cmd_alta, enti_cmd_baja, enti_cmd_edicion, enti_cmd_duplicado, enti_codigo, enti_nombre) VALUES (20057, 'P', 1, 1, 1, 1, 'MODO_TRANSPORTE_EDI', 'Modo de Transporte EDI de Mercancia')
/
INSERT INTO tbl_tipo_parametro_tppr(tppr_pk, tppr_es_i18n, tppr_es_tmp_exp) VALUES (20057, 1, 0)
/
INSERT INTO tbl_entidad_enti(enti_pk, enti_tipo, enti_cmd_alta, enti_cmd_baja, enti_cmd_edicion, enti_cmd_duplicado, enti_codigo, enti_nombre) VALUES (20058, 'P', 1, 1, 1, 1, 'MERCANCIAS_PELIGROSAS', 'Mercancias Peligrosas')
/
INSERT INTO tbl_tipo_parametro_tppr(tppr_pk, tppr_es_i18n, tppr_es_tmp_exp) VALUES (20058, 1, 0)
/
INSERT INTO tbl_entidad_enti(enti_pk, enti_tipo, enti_cmd_alta, enti_cmd_baja, enti_cmd_edicion, enti_cmd_duplicado, enti_codigo, enti_nombre) VALUES (20059, 'P', 1, 1, 1, 1, 'MARCA_VEHICULO', 'Marca de Vehiculo')
/
INSERT INTO tbl_tipo_parametro_tppr(tppr_pk, tppr_es_i18n, tppr_es_tmp_exp, tppr_tpdt_pk) VALUES (20059, 0, 0, 41020)
/
INSERT INTO tbl_entidad_enti(enti_pk, enti_tipo, enti_cmd_alta, enti_cmd_baja, enti_cmd_edicion, enti_cmd_duplicado, enti_codigo, enti_nombre) VALUES (20060, 'P', 1, 1, 1, 1, 'INSTRUCCION_MARCAJE', 'Instruccion de Marcaje')
/
INSERT INTO tbl_tipo_parametro_tppr(tppr_pk, tppr_es_i18n, tppr_es_tmp_exp) VALUES (20060, 1, 0)
/
INSERT INTO tbl_entidad_enti(enti_pk, enti_tipo, enti_cmd_alta, enti_cmd_baja, enti_cmd_edicion, enti_cmd_duplicado, enti_codigo, enti_nombre) VALUES (20061, 'P', 1, 1, 1, 1, 'INSTALACION_ESPECIAL', 'Instalacion Especial')
/
INSERT INTO tbl_tipo_parametro_tppr(tppr_pk, tppr_es_i18n, tppr_es_tmp_exp) VALUES (20061, 1, 0)
/
INSERT INTO tbl_entidad_enti(enti_pk, enti_tipo, enti_cmd_alta, enti_cmd_baja, enti_cmd_edicion, enti_cmd_duplicado, enti_codigo, enti_nombre) VALUES (20062, 'P', 1, 1, 1, 1, 'PROVINCIA', 'Provincia')
/
INSERT INTO tbl_tipo_parametro_tppr(tppr_pk, tppr_es_i18n, tppr_es_tmp_exp) VALUES (20062, 1, 0)
/
INSERT INTO tbl_entidad_enti(enti_pk, enti_tipo, enti_cmd_alta, enti_cmd_baja, enti_cmd_edicion, enti_cmd_duplicado, enti_codigo, enti_nombre) VALUES (20063, 'P', 1, 1, 1, 1, 'SUBPUERTO', 'Subpuerto')
/
INSERT INTO tbl_tipo_parametro_tppr(tppr_pk, tppr_es_i18n, tppr_es_tmp_exp) VALUES (20063, 1, 0)
/
INSERT INTO tbl_entidad_enti(enti_pk, enti_tipo, enti_cmd_alta, enti_cmd_baja, enti_cmd_edicion, enti_cmd_duplicado, enti_codigo, enti_nombre) VALUES (20064, 'P', 1, 1, 1, 1, 'TIPO_OPERACION_MERCANCIA', 'Tipo de Operacion de Mercancia')
/
INSERT INTO tbl_tipo_parametro_tppr(tppr_pk, tppr_es_i18n, tppr_es_tmp_exp) VALUES (20064, 1, 0)
/
INSERT INTO tbl_entidad_enti(enti_pk, enti_tipo, enti_cmd_alta, enti_cmd_baja, enti_cmd_edicion, enti_cmd_duplicado, enti_codigo, enti_nombre) VALUES (20065, 'P', 1, 1, 1, 1, 'TIPO_NAVEGACION', 'Tipo de Navegacion')
/
INSERT INTO tbl_tipo_parametro_tppr(tppr_pk, tppr_es_i18n, tppr_es_tmp_exp) VALUES (20065, 1, 0)
/
INSERT INTO tbl_entidad_enti(enti_pk, enti_tipo, enti_cmd_alta, enti_cmd_baja, enti_cmd_edicion, enti_cmd_duplicado, enti_codigo, enti_nombre) VALUES (20066, 'P', 1, 1, 1, 1, 'TIPO_EXENCION', 'Tipo de Exencion')
/
INSERT INTO tbl_tipo_parametro_tppr(tppr_pk, tppr_es_i18n, tppr_es_tmp_exp) VALUES (20066, 1, 0)
/
INSERT INTO tbl_entidad_enti(enti_pk, enti_tipo, enti_cmd_alta, enti_cmd_baja, enti_cmd_edicion, enti_cmd_duplicado, enti_codigo, enti_nombre) VALUES (20067, 'P', 1, 1, 1, 1, 'TIPO_ERROR_EDI', 'Tipo de Error EDI')
/
INSERT INTO tbl_tipo_parametro_tppr(tppr_pk, tppr_es_i18n, tppr_es_tmp_exp) VALUES (20067, 1, 0)
/
INSERT INTO tbl_entidad_enti(enti_pk, enti_tipo, enti_cmd_alta, enti_cmd_baja, enti_cmd_edicion, enti_cmd_duplicado, enti_codigo, enti_nombre) VALUES (20068, 'P', 1, 1, 1, 1, 'DESCUENTO_ADICIONAL', 'Descuento Adicional')
/
INSERT INTO tbl_tipo_parametro_tppr(tppr_pk, tppr_es_i18n, tppr_es_tmp_exp) VALUES (20068, 1, 0)
/
INSERT INTO tbl_entidad_enti(enti_pk, enti_tipo, enti_cmd_alta, enti_cmd_baja, enti_cmd_edicion, enti_cmd_duplicado, enti_codigo, enti_nombre) VALUES (20069, 'P', 1, 1, 1, 1, 'TIPO_CANON', 'Tipo de Canon')
/
INSERT INTO tbl_tipo_parametro_tppr(tppr_pk, tppr_es_i18n, tppr_es_tmp_exp) VALUES (20069, 1, 0)
/
INSERT INTO tbl_entidad_enti(enti_pk, enti_tipo, enti_cmd_alta, enti_cmd_baja, enti_cmd_edicion, enti_cmd_duplicado, enti_codigo, enti_nombre) VALUES (20070, 'P', 1, 1, 1, 1, 'BONIFICACION_FP', 'Bonificacion de FP')
/
INSERT INTO tbl_tipo_parametro_tppr(tppr_pk, tppr_es_i18n, tppr_es_tmp_exp) VALUES (20070, 1, 1)
/
INSERT INTO tbl_entidad_enti(enti_pk, enti_tipo, enti_cmd_alta, enti_cmd_baja, enti_cmd_edicion, enti_cmd_duplicado, enti_codigo, enti_nombre) VALUES (20071, 'P', 1, 1, 1, 1, 'BAREMO_FP', 'Baremo de FP')
/
INSERT INTO tbl_tipo_parametro_tppr(tppr_pk, tppr_es_i18n, tppr_es_tmp_exp) VALUES (20071, 1, 1)
/
INSERT INTO tbl_entidad_enti(enti_pk, enti_tipo, enti_cmd_alta, enti_cmd_baja, enti_cmd_edicion, enti_cmd_duplicado, enti_codigo, enti_nombre) VALUES (20072, 'P', 1, 1, 1, 1, 'ZONA_PORTUARIA', 'Zona Portuaria')
/
INSERT INTO tbl_tipo_parametro_tppr(tppr_pk, tppr_es_i18n, tppr_es_tmp_exp) VALUES (20072, 1, 1)
/
INSERT INTO tbl_entidad_enti(enti_pk, enti_tipo, enti_cmd_alta, enti_cmd_baja, enti_cmd_edicion, enti_cmd_duplicado, enti_codigo, enti_nombre) VALUES (20073, 'P', 1, 1, 1, 1, 'TIPO_SUPERFICIE_BIEN', 'Tipo de Superficie de Bien')
/
INSERT INTO tbl_tipo_parametro_tppr(tppr_pk, tppr_es_i18n, tppr_es_tmp_exp) VALUES (20073, 1, 0)
/
INSERT INTO tbl_entidad_enti(enti_pk, enti_tipo, enti_cmd_alta, enti_cmd_baja, enti_cmd_edicion, enti_cmd_duplicado, enti_codigo, enti_nombre) VALUES (20074, 'P', 1, 1, 1, 1, 'TIPO_EXPEDIENTE', 'Tipo de Expediente')
/
INSERT INTO tbl_tipo_parametro_tppr(tppr_pk, tppr_es_i18n, tppr_es_tmp_exp) VALUES (20074, 1, 0)
/
INSERT INTO tbl_entidad_enti(enti_pk, enti_tipo, enti_cmd_alta, enti_cmd_baja, enti_cmd_edicion, enti_cmd_duplicado, enti_codigo, enti_nombre) VALUES (20075, 'P', 1, 1, 1, 1, 'TIPO_BIEN_CONCESIONAL', 'Tipo de Bien Concesional')
/
INSERT INTO tbl_tipo_parametro_tppr(tppr_pk, tppr_es_i18n, tppr_es_tmp_exp) VALUES (20075, 1, 0)
/
INSERT INTO tbl_entidad_enti(enti_pk, enti_tipo, enti_cmd_alta, enti_cmd_baja, enti_cmd_edicion, enti_cmd_duplicado, enti_codigo, enti_nombre) VALUES (20076, 'P', 1, 1, 1, 1, 'TIPO_ACT_GRAL_CONCESIONAL', 'Tipo de Actividad General Concesional')
/
INSERT INTO tbl_tipo_parametro_tppr(tppr_pk, tppr_es_i18n, tppr_es_tmp_exp) VALUES (20076, 1, 0)
/
INSERT INTO tbl_entidad_enti(enti_pk, enti_tipo, enti_cmd_alta, enti_cmd_baja, enti_cmd_edicion, enti_cmd_duplicado, enti_codigo, enti_nombre) VALUES (20077, 'P', 1, 1, 1, 1, 'TIPO_ACTIVIDAD_CONCESIONAL', 'Tipo de Actividad Concesional')
/
INSERT INTO tbl_tipo_parametro_tppr(tppr_pk, tppr_es_i18n, tppr_es_tmp_exp) VALUES (20077, 1, 0)
/
INSERT INTO tbl_entidad_enti(enti_pk, enti_tipo, enti_cmd_alta, enti_cmd_baja, enti_cmd_edicion, enti_cmd_duplicado, enti_codigo, enti_nombre) VALUES (20078, 'P', 1, 1, 1, 1, 'SUPRABIEN', 'Suprabien')
/
INSERT INTO tbl_tipo_parametro_tppr(tppr_pk, tppr_es_i18n, tppr_es_tmp_exp) VALUES (20078, 0, 1)
/
INSERT INTO tbl_entidad_enti(enti_pk, enti_tipo, enti_cmd_alta, enti_cmd_baja, enti_cmd_edicion, enti_cmd_duplicado, enti_codigo, enti_nombre) VALUES (20079, 'P', 1, 1, 1, 1, 'GARANTIA_EXPEDIENTE', 'Garantia de Expediente')
/
INSERT INTO tbl_tipo_parametro_tppr(tppr_pk, tppr_es_i18n, tppr_es_tmp_exp) VALUES (20079, 0, 0)
/
INSERT INTO tbl_entidad_enti(enti_pk, enti_tipo, enti_cmd_alta, enti_cmd_baja, enti_cmd_edicion, enti_cmd_duplicado, enti_codigo, enti_nombre) VALUES (20080, 'P', 1, 1, 1, 1, 'FASE_EXPEDIENTE', 'Fase de Expediente')
/
INSERT INTO tbl_tipo_parametro_tppr(tppr_pk, tppr_es_i18n, tppr_es_tmp_exp) VALUES (20080, 0, 0)
/
INSERT INTO tbl_entidad_enti(enti_pk, enti_tipo, enti_cmd_alta, enti_cmd_baja, enti_cmd_edicion, enti_cmd_duplicado, enti_codigo, enti_nombre) VALUES (20081, 'P', 1, 1, 1, 1, 'ESTADO_EXPEDIENTE', 'Estado de Expediente')
/
INSERT INTO tbl_tipo_parametro_tppr(tppr_pk, tppr_es_i18n, tppr_es_tmp_exp) VALUES (20081, 1, 0)
/
INSERT INTO tbl_entidad_enti(enti_pk, enti_tipo, enti_cmd_alta, enti_cmd_baja, enti_cmd_edicion, enti_cmd_duplicado, enti_codigo, enti_nombre) VALUES (20082, 'P', 1, 1, 1, 1, 'REGISTRO_TIPO_BUQUE_EEE', 'Registro de Tipo de Buque EEE')
/
INSERT INTO tbl_tipo_parametro_tppr(tppr_pk, tppr_es_i18n, tppr_es_tmp_exp, tppr_tpdt_pk) VALUES (20082, 0, 0, 41020)
/
INSERT INTO tbl_entidad_enti(enti_pk, enti_tipo, enti_cmd_alta, enti_cmd_baja, enti_cmd_edicion, enti_cmd_duplicado, enti_codigo, enti_nombre) VALUES (20083, 'P', 1, 1, 1, 1, 'REGISTRO_TIPO_BUQUE', 'Registro de Tipo de Buque')
/
INSERT INTO tbl_tipo_parametro_tppr(tppr_pk, tppr_es_i18n, tppr_es_tmp_exp, tppr_tpdt_pk) VALUES (20083, 0, 0, 41020)
/
INSERT INTO tbl_entidad_enti(enti_pk, enti_tipo, enti_cmd_alta, enti_cmd_baja, enti_cmd_edicion, enti_cmd_duplicado, enti_codigo, enti_nombre) VALUES (20084, 'P', 1, 1, 1, 1, 'CONCEPTO_CUADRO_EST', 'Concepto de Cuadro Estadistico')
/
INSERT INTO tbl_tipo_parametro_tppr(tppr_pk, tppr_es_i18n, tppr_es_tmp_exp) VALUES (20084, 1, 0)
/
INSERT INTO tbl_entidad_enti(enti_pk, enti_tipo, enti_cmd_alta, enti_cmd_baja, enti_cmd_edicion, enti_cmd_duplicado, enti_codigo, enti_nombre) VALUES (20085, 'P', 1, 1, 1, 1, 'TIPO_BUQUE_GT', 'Tipo de Buque GT')
/
INSERT INTO tbl_tipo_parametro_tppr(tppr_pk, tppr_es_i18n, tppr_es_tmp_exp) VALUES (20085, 1, 0)
/
INSERT INTO tbl_entidad_enti(enti_pk, enti_tipo, enti_cmd_alta, enti_cmd_baja, enti_cmd_edicion, enti_cmd_duplicado, enti_codigo, enti_nombre) VALUES (20086, 'P', 1, 1, 1, 1, 'SERVICIO_TRAFICO', 'Servicio de Trafico')
/
INSERT INTO tbl_tipo_parametro_tppr(tppr_pk, tppr_es_i18n, tppr_es_tmp_exp) VALUES (20086, 1, 0)
/
INSERT INTO tbl_entidad_enti(enti_pk, enti_tipo, enti_cmd_alta, enti_cmd_baja, enti_cmd_edicion, enti_cmd_duplicado, enti_codigo, enti_nombre) VALUES (20087, 'P', 1, 1, 1, 1, 'TIPO_SERVICIO_TRAFICO', 'Tipo de Servicio de Trafico')
/
INSERT INTO tbl_tipo_parametro_tppr(tppr_pk, tppr_es_i18n, tppr_es_tmp_exp) VALUES (20087, 1, 0)
/
INSERT INTO tbl_entidad_enti(enti_pk, enti_tipo, enti_cmd_alta, enti_cmd_baja, enti_cmd_edicion, enti_cmd_duplicado, enti_codigo, enti_nombre) VALUES (20088, 'P', 1, 1, 1, 1, 'TIPO_RESIDUO', 'Tipo de Residuo')
/
INSERT INTO tbl_tipo_parametro_tppr(tppr_pk, tppr_es_i18n, tppr_es_tmp_exp) VALUES (20088, 1, 0)
/
INSERT INTO tbl_entidad_enti(enti_pk, enti_tipo, enti_cmd_alta, enti_cmd_baja, enti_cmd_edicion, enti_cmd_duplicado, enti_codigo, enti_nombre) VALUES (20089, 'P', 1, 1, 1, 1, 'SUBTIPO_RESIDUO', 'Subtipo de Residuo')
/
INSERT INTO tbl_tipo_parametro_tppr(tppr_pk, tppr_es_i18n, tppr_es_tmp_exp) VALUES (20089, 1, 0)
/
INSERT INTO tbl_entidad_enti(enti_pk, enti_tipo, enti_cmd_alta, enti_cmd_baja, enti_cmd_edicion, enti_cmd_duplicado, enti_codigo, enti_nombre) VALUES (20090, 'P', 1, 1, 1, 1, 'NAVIERA', 'Naviera')
/
INSERT INTO tbl_tipo_parametro_tppr(tppr_pk, tppr_es_i18n, tppr_es_tmp_exp) VALUES (20090, 0, 0)
/
INSERT INTO tbl_entidad_enti(enti_pk, enti_tipo, enti_cmd_alta, enti_cmd_baja, enti_cmd_edicion, enti_cmd_duplicado, enti_codigo, enti_nombre) VALUES (20091, 'P', 1, 1, 1, 1, 'MUELLE', 'Muelle')
/
INSERT INTO tbl_tipo_parametro_tppr(tppr_pk, tppr_es_i18n, tppr_es_tmp_exp) VALUES (20091, 1, 0)
/
-- TODO ver datos asociados
INSERT INTO tbl_entidad_enti(enti_pk, enti_tipo, enti_cmd_alta, enti_cmd_baja, enti_cmd_edicion, enti_cmd_duplicado, enti_codigo, enti_nombre) VALUES (20093, 'P', 1, 1, 1, 1, 'CONVENIO', 'Convenio')
/
INSERT INTO tbl_tipo_parametro_tppr(tppr_pk, tppr_es_i18n, tppr_es_tmp_exp) VALUES (20093, 1, 1)
/
INSERT INTO tbl_entidad_enti(enti_pk, enti_tipo, enti_cmd_alta, enti_cmd_baja, enti_cmd_edicion, enti_cmd_duplicado, enti_codigo, enti_nombre) VALUES (20094, 'P', 1, 1, 1, 1, 'TIPO_CERTIFICADO', 'Tipo de Certificado')
/
INSERT INTO tbl_tipo_parametro_tppr(tppr_pk, tppr_es_i18n, tppr_es_tmp_exp) VALUES (20094, 1, 0)
/
INSERT INTO tbl_entidad_enti(enti_pk, enti_tipo, enti_cmd_alta, enti_cmd_baja, enti_cmd_edicion, enti_cmd_duplicado, enti_codigo, enti_nombre) VALUES (20095, 'P', 1, 1, 1, 1, 'TIPO_BUQUE_EDI', 'Tipo de Buque EDI')
/
INSERT INTO tbl_tipo_parametro_tppr(tppr_pk, tppr_es_i18n, tppr_es_tmp_exp) VALUES (20095, 1, 0)
/
INSERT INTO tbl_entidad_enti(enti_pk, enti_tipo, enti_cmd_alta, enti_cmd_baja, enti_cmd_edicion, enti_cmd_duplicado, enti_codigo, enti_nombre) VALUES (20096, 'P', 1, 1, 1, 1, 'TIPO_ATRAQUE', 'Tipo de Atraque')
/
INSERT INTO tbl_tipo_parametro_tppr(tppr_pk, tppr_es_i18n, tppr_es_tmp_exp) VALUES (20096, 1, 0)
/
INSERT INTO tbl_entidad_enti(enti_pk, enti_tipo, enti_cmd_alta, enti_cmd_baja, enti_cmd_edicion, enti_cmd_duplicado, enti_codigo, enti_nombre) VALUES (20097, 'P', 1, 1, 1, 1, 'TIPO_EMBARCACION', 'Tipo de Embarcacion')
/
INSERT INTO tbl_tipo_parametro_tppr(tppr_pk, tppr_es_i18n, tppr_es_tmp_exp) VALUES (20097, 1, 0)
/
INSERT INTO tbl_entidad_enti(enti_pk, enti_tipo, enti_cmd_alta, enti_cmd_baja, enti_cmd_edicion, enti_cmd_duplicado, enti_codigo, enti_nombre) VALUES (20098, 'P', 1, 1, 1, 1, 'TIPO_AMARRE', 'Tipo de Amarre')
/
INSERT INTO tbl_tipo_parametro_tppr(tppr_pk, tppr_es_i18n, tppr_es_tmp_exp) VALUES (20098, 1, 0)
/
INSERT INTO tbl_entidad_enti(enti_pk, enti_tipo, enti_cmd_alta, enti_cmd_baja, enti_cmd_edicion, enti_cmd_duplicado, enti_codigo, enti_nombre) VALUES (20099, 'P', 1, 1, 1, 1, 'SERVICIO_DEPORTIVO', 'Servicio Deportivo')
/
INSERT INTO tbl_tipo_parametro_tppr(tppr_pk, tppr_es_i18n, tppr_es_tmp_exp) VALUES (20099, 1, 0)
/
INSERT INTO tbl_entidad_enti(enti_pk, enti_tipo, enti_cmd_alta, enti_cmd_baja, enti_cmd_edicion, enti_cmd_duplicado, enti_codigo, enti_nombre) VALUES (20100, 'P', 1, 1, 1, 1, 'INSTALACION_DEP_AUT', 'Instalacion Deportiva Autonomica')
/
INSERT INTO tbl_tipo_parametro_tppr(tppr_pk, tppr_es_i18n, tppr_es_tmp_exp) VALUES (20100, 1, 0)
/
INSERT INTO tbl_entidad_enti(enti_pk, enti_tipo, enti_cmd_alta, enti_cmd_baja, enti_cmd_edicion, enti_cmd_duplicado, enti_codigo, enti_nombre) VALUES (20101, 'P', 1, 1, 1, 1, 'INSTALACION_DEP', 'Instalacion Deportiva')
/
INSERT INTO tbl_tipo_parametro_tppr(tppr_pk, tppr_es_i18n, tppr_es_tmp_exp) VALUES (20101, 1, 0)
/
INSERT INTO tbl_entidad_enti(enti_pk, enti_tipo, enti_cmd_alta, enti_cmd_baja, enti_cmd_edicion, enti_cmd_duplicado, enti_codigo, enti_nombre) VALUES (20102, 'P', 1, 1, 1, 1, 'MODULO', 'Modulo')
/
INSERT INTO tbl_tipo_parametro_tppr(tppr_pk, tppr_es_i18n, tppr_es_tmp_exp) VALUES (20102, 1, 0)
/
INSERT INTO tbl_entidad_enti(enti_pk, enti_tipo, enti_cmd_alta, enti_cmd_baja, enti_cmd_edicion, enti_cmd_duplicado, enti_codigo, enti_nombre) VALUES (20103, 'P', 1, 1, 1, 1, 'TIPO_DOCUMENTO', 'Tipo de Documento')
/
INSERT INTO tbl_tipo_parametro_tppr(tppr_pk, tppr_es_i18n, tppr_es_tmp_exp) VALUES (20103, 1, 0)
/
INSERT INTO tbl_entidad_enti(enti_pk, enti_tipo, enti_cmd_alta, enti_cmd_baja, enti_cmd_edicion, enti_cmd_duplicado, enti_codigo, enti_nombre) VALUES (20104, 'P', 1, 1, 1, 1, 'MODULO_BATCH', 'Modulo Batch')
/
INSERT INTO tbl_tipo_parametro_tppr(tppr_pk, tppr_es_i18n, tppr_es_tmp_exp) VALUES (20104, 1, 0)
/
INSERT INTO tbl_entidad_enti(enti_pk, enti_tipo, enti_cmd_alta, enti_cmd_baja, enti_cmd_edicion, enti_cmd_duplicado, enti_codigo, enti_nombre) VALUES (20105, 'P', 1, 1, 1, 1, 'TIPO_PRESTADOR_SERVICIO', 'Tipo de Prestador de Servicio')
/
INSERT INTO tbl_tipo_parametro_tppr(tppr_pk, tppr_es_i18n, tppr_es_tmp_exp) VALUES (20105, 1, 0)
/
INSERT INTO tbl_entidad_enti(enti_pk, enti_tipo, enti_cmd_alta, enti_cmd_baja, enti_cmd_edicion, enti_cmd_duplicado, enti_codigo, enti_nombre) VALUES (20106, 'P', 1, 1, 1, 1, 'TIPO_ORGANIZACION', 'Tipo de Organizacion')
/
INSERT INTO tbl_tipo_parametro_tppr(tppr_pk, tppr_es_i18n, tppr_es_tmp_exp) VALUES (20106, 1, 0)
/
INSERT INTO tbl_entidad_enti(enti_pk, enti_tipo, enti_cmd_alta, enti_cmd_baja, enti_cmd_edicion, enti_cmd_duplicado, enti_codigo, enti_nombre) VALUES (20107, 'P', 1, 1, 1, 1, 'AUTORIDAD_PORTUARIA', 'Autoridad Portuaria')
/
INSERT INTO tbl_tipo_parametro_tppr(tppr_pk, tppr_es_i18n, tppr_es_tmp_exp) VALUES (20107, 1, 0)
/
INSERT INTO tbl_entidad_enti(enti_pk, enti_tipo, enti_cmd_alta, enti_cmd_baja, enti_cmd_edicion, enti_cmd_duplicado, enti_codigo, enti_nombre) VALUES (20108, 'P', 1, 1, 1, 1, 'COMPRADOR_PESCA', 'Comprador de Pesca')
/
INSERT INTO tbl_tipo_parametro_tppr(tppr_pk, tppr_es_i18n, tppr_es_tmp_exp) VALUES (20108, 0, 0)
/
INSERT INTO tbl_entidad_enti(enti_pk, enti_tipo, enti_cmd_alta, enti_cmd_baja, enti_cmd_edicion, enti_cmd_duplicado, enti_codigo, enti_nombre) VALUES (20109, 'P', 1, 1, 1, 1, 'ALINEACION', 'Alineacion')
/
INSERT INTO tbl_tipo_parametro_tppr(tppr_pk, tppr_es_i18n, tppr_es_tmp_exp) VALUES (20109, 1, 0)
/
INSERT INTO tbl_entidad_enti(enti_pk, enti_tipo, enti_cmd_alta, enti_cmd_baja, enti_cmd_edicion, enti_cmd_duplicado, enti_codigo, enti_nombre) VALUES (20110, 'P', 1, 1, 1, 1, 'REDES', 'Redes')
/
INSERT INTO tbl_tipo_parametro_tppr(tppr_pk, tppr_es_i18n, tppr_es_tmp_exp) VALUES (20110, 0, 0)
/
INSERT INTO tbl_entidad_enti(enti_pk, enti_tipo, enti_cmd_alta, enti_cmd_baja, enti_cmd_edicion, enti_cmd_duplicado, enti_codigo, enti_nombre) VALUES (20111, 'P', 1, 1, 1, 1, 'ZONA_DEPOSITO', 'Zona de Deposito')
/
INSERT INTO tbl_tipo_parametro_tppr(tppr_pk, tppr_es_i18n, tppr_es_tmp_exp) VALUES (20111, 1, 0)
/
INSERT INTO tbl_entidad_enti(enti_pk, enti_tipo, enti_cmd_alta, enti_cmd_baja, enti_cmd_edicion, enti_cmd_duplicado, enti_codigo, enti_nombre) VALUES (20112, 'P', 1, 1, 1, 1, 'TIPO_MERCANCIA', 'Tipo de Mercancia')
/
INSERT INTO tbl_tipo_parametro_tppr(tppr_pk, tppr_es_i18n, tppr_es_tmp_exp) VALUES (20112, 1, 0)
/
INSERT INTO tbl_entidad_enti(enti_pk, enti_tipo, enti_cmd_alta, enti_cmd_baja, enti_cmd_edicion, enti_cmd_duplicado, enti_codigo, enti_nombre) VALUES (20113, 'P', 1, 1, 1, 1, 'CONTADOR', 'Contador')
/
INSERT INTO tbl_tipo_parametro_tppr(tppr_pk, tppr_es_i18n, tppr_es_tmp_exp) VALUES (20113, 0, 1)
/
INSERT INTO tbl_entidad_enti(enti_pk, enti_tipo, enti_cmd_alta, enti_cmd_baja, enti_cmd_edicion, enti_cmd_duplicado, enti_codigo, enti_nombre) VALUES (20114, 'P', 1, 1, 1, 1, 'PUNTO_RED', 'Punto de Red (Maestro)')
/
INSERT INTO tbl_tipo_parametro_tppr(tppr_pk, tppr_es_i18n, tppr_es_tmp_exp) VALUES (20114, 0, 0)
/
INSERT INTO tbl_entidad_enti(enti_pk, enti_tipo, enti_cmd_alta, enti_cmd_baja, enti_cmd_edicion, enti_cmd_duplicado, enti_codigo, enti_nombre) VALUES (20115, 'P', 1, 1, 1, 1, 'TIPO_ATRAQUE_EDI', 'Tipo de Atraque EDI')
/
INSERT INTO tbl_tipo_parametro_tppr(tppr_pk, tppr_es_i18n, tppr_es_tmp_exp) VALUES (20115, 1, 0)
/
INSERT INTO tbl_entidad_enti(enti_pk, enti_tipo, enti_cmd_alta, enti_cmd_baja, enti_cmd_edicion, enti_cmd_duplicado, enti_codigo, enti_nombre) VALUES (20116, 'P', 1, 1, 1, 1, 'MUNICIPIO', 'Municipio')
/
INSERT INTO tbl_tipo_parametro_tppr(tppr_pk, tppr_es_i18n, tppr_es_tmp_exp) VALUES (20116, 1, 0)
/
INSERT INTO tbl_entidad_enti(enti_pk, enti_tipo, enti_cmd_alta, enti_cmd_baja, enti_cmd_edicion, enti_cmd_duplicado, enti_codigo, enti_nombre) VALUES (20117, 'P', 1, 1, 1, 1, 'TIPO_BUQUE_GT_EEE', 'Tipo de Buque GT EEE')
/
INSERT INTO tbl_tipo_parametro_tppr(tppr_pk, tppr_es_i18n, tppr_es_tmp_exp) VALUES (20117, 0, 0)
/





-- Entidades - Subtipos de parametro

-- Buque
-- Trafico
INSERT INTO tbl_entidad_enti(enti_pk, enti_tipo, enti_cmd_alta, enti_cmd_baja, enti_cmd_edicion, enti_cmd_duplicado, enti_codigo, enti_nombre) VALUES (24000, 'B', 1, 1, 1, 1, 'BUQUE_TRAFICO', 'Servicio de Buque')
/
INSERT INTO tbl_tipo_subparametro_tpsp(tpsp_pk, tpsp_tppr_pk, tpsp_tppr_dep_pk, tpsp_es_i18n, tpsp_es_tmp_exp) VALUES (24000, 20005, 20086, 0, 1)
/
	INSERT INTO tbl_entidad_entidad_enen (enen_entip_pk, enen_entih_pk, enen_orden) VALUES (20005, 24000, 1)
/
-- Subtipo de Residuo
INSERT INTO tbl_entidad_enti(enti_pk, enti_tipo, enti_cmd_alta, enti_cmd_baja, enti_cmd_edicion, enti_cmd_duplicado, enti_codigo, enti_nombre) VALUES (24001, 'B', 1, 1, 1, 1, 'BUQUE_CAPACIDAD', 'Capacidad de Buque')
/
INSERT INTO tbl_tipo_subparametro_tpsp(tpsp_pk, tpsp_tppr_pk, tpsp_tppr_dep_pk, tpsp_es_i18n, tpsp_es_tmp_exp) VALUES (24001, 20005, 20089, 0, 1)
/
	INSERT INTO tbl_entidad_entidad_enen (enen_entip_pk, enen_entih_pk, enen_orden) VALUES (20005, 24001, 2)
/
-- Certificado
INSERT INTO tbl_entidad_enti(enti_pk, enti_tipo, enti_cmd_alta, enti_cmd_baja, enti_cmd_edicion, enti_cmd_duplicado, enti_codigo, enti_nombre) VALUES (24002, 'B', 1, 1, 1, 1, 'BUQUE_CERTIFICADO', 'Certificado de Buque')
/
INSERT INTO tbl_tipo_subparametro_tpsp(tpsp_pk, tpsp_tppr_pk, tpsp_tppr_dep_pk, tpsp_es_i18n, tpsp_es_tmp_exp) VALUES (24002, 20005, 20094, 0, 1)
/
	INSERT INTO tbl_entidad_entidad_enen (enen_entip_pk, enen_entih_pk, enen_orden) VALUES (20005, 24002, 3)
/
-- Subpuerto
INSERT INTO tbl_entidad_enti(enti_pk, enti_tipo, enti_cmd_alta, enti_cmd_baja, enti_cmd_edicion, enti_cmd_duplicado, enti_codigo, enti_nombre) VALUES (24003, 'B', 1, 1, 1, 1, 'BUQUE_SUBPUERTO', 'Subpuerto de Buque')
/
INSERT INTO tbl_tipo_subparametro_tpsp(tpsp_pk, tpsp_tppr_pk, tpsp_tppr_dep_pk, tpsp_es_i18n, tpsp_es_tmp_exp) VALUES (24003, 20005, 20063, 0, 0)
/
	INSERT INTO tbl_entidad_entidad_enen (enen_entip_pk, enen_entih_pk, enen_orden) VALUES (20005, 24003, 4)
/
-- Convenio
INSERT INTO tbl_entidad_enti(enti_pk, enti_tipo, enti_cmd_alta, enti_cmd_baja, enti_cmd_edicion, enti_cmd_duplicado, enti_codigo, enti_nombre) VALUES (24004, 'B', 1, 1, 1, 1, 'BUQUE_CONVENIO', 'Convenio de Buque')
/
INSERT INTO tbl_tipo_subparametro_tpsp(tpsp_pk, tpsp_tppr_pk, tpsp_tppr_dep_pk, tpsp_es_i18n, tpsp_es_tmp_exp) VALUES (24004, 20005, 20093, 0, 1)
/
	INSERT INTO tbl_entidad_entidad_enen (enen_entip_pk, enen_entih_pk, enen_orden) VALUES (20005, 24004, 5)
/
-- TODO Contador Buque

-- Organizacion
-- Subpuerto
INSERT INTO tbl_entidad_enti(enti_pk, enti_tipo, enti_cmd_alta, enti_cmd_baja, enti_cmd_edicion, enti_cmd_duplicado, enti_codigo, enti_nombre) VALUES (24010, 'B', 1, 1, 1, 1, 'ORGANIZACION_SUBPUERTO', 'Subpuerto de Organizacion')
/
INSERT INTO tbl_tipo_subparametro_tpsp(tpsp_pk, tpsp_tppr_pk, tpsp_tppr_dep_pk, tpsp_es_i18n, tpsp_es_tmp_exp) VALUES (24010, 20010, 20063, 0, 0)
/
	INSERT INTO tbl_entidad_entidad_enen (enen_entip_pk, enen_entih_pk, enen_orden) VALUES (20010, 24010, 1)
/
-- Tipo
INSERT INTO tbl_entidad_enti(enti_pk, enti_tipo, enti_cmd_alta, enti_cmd_baja, enti_cmd_edicion, enti_cmd_duplicado, enti_codigo, enti_nombre) VALUES (24011, 'B', 1, 1, 1, 1, 'ORGANIZACION_TIPO', 'Tipos de Organizacion')
/
INSERT INTO tbl_tipo_subparametro_tpsp(tpsp_pk, tpsp_tppr_pk, tpsp_tppr_dep_pk, tpsp_es_i18n, tpsp_es_tmp_exp) VALUES (24011, 20010, 20106, 0, 0)
/
	INSERT INTO tbl_entidad_entidad_enen (enen_entip_pk, enen_entih_pk, enen_orden) VALUES (20010, 24011, 2)
/


-- Punto de Red
-- Contador
-- Cliente (orgaId)
-- Lectura
-- Gasto






-- Entidades - Tipos de Servicio y sus subservicios

-- Manifiestos de Pesca
INSERT INTO tbl_entidad_enti(enti_pk, enti_tipo, enti_cmd_alta, enti_cmd_baja, enti_cmd_edicion, enti_cmd_duplicado, enti_codigo, enti_nombre) VALUES (21001, 'T', 1, 1, 1, 1, 'MANIFIESTO_PESCA', 'Manifiesto de Pesca')
/
INSERT INTO tbl_tipo_servicio_tpsr(tpsr_pk, tpsr_es_temporal, tpsr_es_facturable, tpsr_tpdt_estado_pk) VALUES (21001, 0, 1, 43065)
/
INSERT INTO tbl_entidad_enti(enti_pk, enti_tipo, enti_cmd_alta, enti_cmd_baja, enti_cmd_edicion, enti_cmd_duplicado, enti_codigo, enti_nombre) VALUES (22001, 'S', 1, 1, 1, 1, 'PARTIDA_PESCA', 'Partida de Pesca')
/
INSERT INTO tbl_tipo_subservicio_tpss(tpss_pk, tpss_tpsr_pk, tpss_es_temporal, tpss_es_facturable, tpss_tpdt_estado_pk) VALUES (22001, 21001, 0, 0, NULL)
/
	INSERT INTO tbl_entidad_entidad_enen (enen_entip_pk, enen_entih_pk, enen_orden) VALUES (21001, 22001, 1)
/
-- Manifiesto de Mercancia
INSERT INTO tbl_entidad_enti(enti_pk, enti_tipo, enti_cmd_alta, enti_cmd_baja, enti_cmd_edicion, enti_cmd_duplicado, enti_codigo, enti_nombre) VALUES (21002, 'T', 1, 1, 1, 1, 'MANIFIESTO', 'Manifiesto de Mercancia')
/
	INSERT INTO tbl_entidad_accion_enac(enac_enti_pk, enac_orden, enac_path, enac_etiqueta) VALUES (21002, 1, 'mani-bloquear', 'Bloquear')
/
	INSERT INTO tbl_entidad_accion_enac(enac_enti_pk, enac_orden, enac_path, enac_etiqueta) VALUES (21002, 2, 'mani-completar', 'Completar')
/
	INSERT INTO tbl_entidad_accion_enac(enac_enti_pk, enac_orden, enac_path, enac_etiqueta) VALUES (21002, 3, 'mani-iniciar', 'Iniciar')
/
	INSERT INTO tbl_entidad_accion_enac(enac_enti_pk, enac_orden, enac_path, enac_etiqueta) VALUES (21002, 4, 'mani-anular', 'Anular')
/
	INSERT INTO tbl_entidad_accion_enac(enac_enti_pk, enac_orden, enac_path, enac_etiqueta) VALUES (21002, 5, 'mani-totales', 'Verif. Totales')
/
INSERT INTO tbl_tipo_servicio_tpsr(tpsr_pk, tpsr_es_temporal, tpsr_es_facturable, tpsr_tpdt_estado_pk) VALUES (21002, 0, 1, 43070)
/
INSERT INTO tbl_entidad_enti(enti_pk, enti_tipo, enti_cmd_alta, enti_cmd_baja, enti_cmd_edicion, enti_cmd_duplicado, enti_codigo, enti_nombre) VALUES (22002, 'S', 1, 1, 1, 1, 'MANIFIESTO_CONSIGNATARIO', 'Consignatario de Manifiesto')
/
INSERT INTO tbl_tipo_subservicio_tpss(tpss_pk, tpss_tpsr_pk, tpss_es_temporal, tpss_es_facturable, tpss_tpdt_estado_pk) VALUES (22002, 21002, 0, 0, null)
/
	INSERT INTO tbl_entidad_entidad_enen (enen_entip_pk, enen_entih_pk, enen_orden) VALUES (21002, 22002, 1)
/
INSERT INTO tbl_entidad_enti(enti_pk, enti_tipo, enti_cmd_alta, enti_cmd_baja, enti_cmd_edicion, enti_cmd_duplicado, enti_codigo, enti_nombre) VALUES (22003, 'S', 1, 1, 1, 1, 'BL', 'BL')
/
INSERT INTO tbl_tipo_subservicio_tpss(tpss_pk, tpss_tpsr_pk, tpss_es_temporal, tpss_es_facturable, tpss_tpdt_estado_pk) VALUES (22003, 21002, 0, 0, 43085)
/
	INSERT INTO tbl_entidad_entidad_enen (enen_entip_pk, enen_entih_pk, enen_orden) VALUES (21002, 22003, 2)
/
	INSERT INTO tbl_entidad_entidad_enen (enen_entip_pk, enen_entih_pk, enen_orden) VALUES (22002, 22003, 1)
/
	INSERT INTO tbl_entidad_accion_enac(enac_enti_pk, enac_orden, enac_path, enac_etiqueta) VALUES (22003, 1, 'mabl-bloquear', 'Bloquear')
/
	INSERT INTO tbl_entidad_accion_enac(enac_enti_pk, enac_orden, enac_path, enac_etiqueta) VALUES (22003, 2, 'mabl-completar', 'Completar')
/
	INSERT INTO tbl_entidad_accion_enac(enac_enti_pk, enac_orden, enac_path, enac_etiqueta) VALUES (22003, 3, 'mabl-iniciar', 'Iniciar')
/
	INSERT INTO tbl_entidad_accion_enac(enac_enti_pk, enac_orden, enac_path, enac_etiqueta) VALUES (22003, 4, 'mabl-anular', 'Anular')
/
	INSERT INTO tbl_entidad_accion_enac(enac_enti_pk, enac_orden, enac_path, enac_etiqueta) VALUES (22003, 5, 'mabl-totales', 'Verif. Totales')
/
INSERT INTO tbl_entidad_enti(enti_pk, enti_tipo, enti_cmd_alta, enti_cmd_baja, enti_cmd_edicion, enti_cmd_duplicado, enti_codigo, enti_nombre) VALUES (22004, 'S', 1, 1, 1, 1, 'PARTIDA', 'Partida')
/
INSERT INTO tbl_tipo_subservicio_tpss(tpss_pk, tpss_tpsr_pk, tpss_es_temporal, tpss_es_facturable, tpss_tpdt_estado_pk) VALUES (22004, 21002, 0, 0, 43075)
/
	INSERT INTO tbl_entidad_entidad_enen (enen_entip_pk, enen_entih_pk, enen_orden) VALUES (22003, 22004, 1)
/
	INSERT INTO tbl_entidad_accion_enac(enac_enti_pk, enac_orden, enac_path, enac_etiqueta) VALUES (22004, 1, 'part-bloquear', 'Bloquear')
/
	INSERT INTO tbl_entidad_accion_enac(enac_enti_pk, enac_orden, enac_path, enac_etiqueta) VALUES (22004, 2, 'part-iniciar', 'Iniciar')
/
	INSERT INTO tbl_entidad_accion_enac(enac_enti_pk, enac_orden, enac_path, enac_etiqueta) VALUES (22004, 3, 'part-anular', 'Anular')
/
INSERT INTO tbl_entidad_enti(enti_pk, enti_tipo, enti_cmd_alta, enti_cmd_baja, enti_cmd_edicion, enti_cmd_duplicado, enti_codigo, enti_nombre) VALUES (22005, 'S', 1, 1, 1, 1, 'EQUIPAMIENTO', 'Equipamiento')
/
INSERT INTO tbl_tipo_subservicio_tpss(tpss_pk, tpss_tpsr_pk, tpss_es_temporal, tpss_es_facturable, tpss_tpdt_estado_pk) VALUES (22005, 21002, 0, 0, 43080)
/
	INSERT INTO tbl_entidad_entidad_enen (enen_entip_pk, enen_entih_pk, enen_orden) VALUES (22003, 22005, 2)
/
	INSERT INTO tbl_entidad_accion_enac(enac_enti_pk, enac_orden, enac_path, enac_etiqueta) VALUES (22005, 1, 'equi-bloquear', 'Bloquear')
/
	INSERT INTO tbl_entidad_accion_enac(enac_enti_pk, enac_orden, enac_path, enac_etiqueta) VALUES (22005, 2, 'equi-iniciar', 'Iniciar')
/
	INSERT INTO tbl_entidad_accion_enac(enac_enti_pk, enac_orden, enac_path, enac_etiqueta) VALUES (22005, 3, 'equi-anular', 'Anular')
/
INSERT INTO tbl_entidad_enti(enti_pk, enti_tipo, enti_cmd_alta, enti_cmd_baja, enti_cmd_edicion, enti_cmd_duplicado, enti_codigo, enti_nombre) VALUES (22006, 'S', 1, 1, 1, 1, 'PARTIDA_EQUIPAMIENTO', 'Partida-Equipamiento')
/
INSERT INTO tbl_tipo_subservicio_tpss(tpss_pk, tpss_tpsr_pk, tpss_es_temporal, tpss_es_facturable, tpss_tpdt_estado_pk) VALUES (22006, 21002, 0, 0, NULL)
/
	INSERT INTO tbl_entidad_entidad_enen (enen_entip_pk, enen_entih_pk, enen_orden) VALUES (22004, 22006, 1)
/
	INSERT INTO tbl_entidad_entidad_enen (enen_entip_pk, enen_entih_pk, enen_orden) VALUES (22005, 22006, 1)
/
INSERT INTO tbl_entidad_enti(enti_pk, enti_tipo, enti_cmd_alta, enti_cmd_baja, enti_cmd_edicion, enti_cmd_duplicado, enti_codigo, enti_nombre) VALUES (22007, 'S', 1, 1, 1, 1, 'PARTIDA_DOCUMENTO', 'Documento de la Partida')
/
INSERT INTO tbl_tipo_subservicio_tpss(tpss_pk, tpss_tpsr_pk, tpss_es_temporal, tpss_es_facturable, tpss_tpdt_estado_pk) VALUES (22007, 21002, 0, 0, NULL)
/
-- TODO Tiene Estado
	INSERT INTO tbl_entidad_entidad_enen (enen_entip_pk, enen_entih_pk, enen_orden) VALUES (22004, 22007, 2)
/
INSERT INTO tbl_entidad_enti(enti_pk, enti_tipo, enti_cmd_alta, enti_cmd_baja, enti_cmd_edicion, enti_cmd_duplicado, enti_codigo, enti_nombre) VALUES (22008, 'S', 1, 1, 1, 1, 'PARTIDA_IM', 'Instruccion de Marcaje de la Partida')
/
INSERT INTO tbl_tipo_subservicio_tpss(tpss_pk, tpss_tpsr_pk, tpss_es_temporal, tpss_es_facturable, tpss_tpdt_estado_pk) VALUES (22008, 21002, 0, 0, NULL)
/
	INSERT INTO tbl_entidad_entidad_enen (enen_entip_pk, enen_entih_pk, enen_orden) VALUES (22004, 22008, 3)
/
INSERT INTO tbl_entidad_enti(enti_pk, enti_tipo, enti_cmd_alta, enti_cmd_baja, enti_cmd_edicion, enti_cmd_duplicado, enti_codigo, enti_nombre) VALUES (22009, 'S', 1, 1, 1, 1, 'PARTIDA_MMPP', 'MM.PP. de la Partida')
/
INSERT INTO tbl_tipo_subservicio_tpss(tpss_pk, tpss_tpsr_pk, tpss_es_temporal, tpss_es_facturable, tpss_tpdt_estado_pk) VALUES (22009, 21002, 0, 0, NULL)
/
	INSERT INTO tbl_entidad_entidad_enen (enen_entip_pk, enen_entih_pk, enen_orden) VALUES (22004, 22009, 4)
/
INSERT INTO tbl_entidad_enti(enti_pk, enti_tipo, enti_cmd_alta, enti_cmd_baja, enti_cmd_edicion, enti_cmd_duplicado, enti_codigo, enti_nombre) VALUES (22010, 'S', 1, 1, 1, 1, 'PRECINTO_EQUIPAMIENTO', 'Precinto de Equipamiento')
/
INSERT INTO tbl_tipo_subservicio_tpss(tpss_pk, tpss_tpsr_pk, tpss_es_temporal, tpss_es_facturable, tpss_tpdt_estado_pk) VALUES (22010, 21002, 0, 0, NULL)
/
	INSERT INTO tbl_entidad_entidad_enen (enen_entip_pk, enen_entih_pk, enen_orden) VALUES (22005, 22010, 2)
/
-- Escala
INSERT INTO tbl_entidad_enti(enti_pk, enti_tipo, enti_cmd_alta, enti_cmd_baja, enti_cmd_edicion, enti_cmd_duplicado, enti_codigo, enti_nombre) VALUES (21003, 'T', 1, 1, 1, 1, 'ESCALA', 'Escala')
/
INSERT INTO tbl_tipo_servicio_tpsr(tpsr_pk, tpsr_es_temporal, tpsr_es_facturable, tpsr_tpdt_estado_pk) VALUES (21003, 1, 1, 43265)
/
	INSERT INTO tbl_entidad_accion_enac(enac_enti_pk, enac_orden, enac_path, enac_etiqueta) VALUES (21003, 1, 'esca-notificar', 'Not. Practico')
/
INSERT INTO tbl_entidad_enti(enti_pk, enti_tipo, enti_cmd_alta, enti_cmd_baja, enti_cmd_edicion, enti_cmd_duplicado, enti_codigo, enti_nombre) VALUES (22011, 'S', 1, 1, 1, 1, 'ATRAQUE', 'Atraque')
/
INSERT INTO tbl_tipo_subservicio_tpss(tpss_pk, tpss_tpsr_pk, tpss_es_temporal, tpss_es_facturable, tpss_tpdt_estado_pk) VALUES (22011, 21003, 1, 1, 43235)
/
	INSERT INTO tbl_entidad_entidad_enen (enen_entip_pk, enen_entih_pk, enen_orden) VALUES (21003, 22011, 1)
/
	INSERT INTO tbl_entidad_accion_enac(enac_enti_pk, enac_orden, enac_path, enac_etiqueta) VALUES (22011, 1, 'atra-autorizar', 'Autorizar')
/
	INSERT INTO tbl_entidad_accion_enac(enac_enti_pk, enac_orden, enac_path, enac_etiqueta) VALUES (22011, 2, 'atra-denegar', 'Denegar')
/
	INSERT INTO tbl_entidad_accion_enac(enac_enti_pk, enac_orden, enac_path, enac_etiqueta) VALUES (22011, 3, 'atra-anular', 'Anular')
/
	INSERT INTO tbl_entidad_accion_enac(enac_enti_pk, enac_orden, enac_path, enac_etiqueta) VALUES (22011, 4, 'atra-iniciar', 'Iniciar')
/
	INSERT INTO tbl_entidad_accion_enac(enac_enti_pk, enac_orden, enac_path, enac_etiqueta) VALUES (22011, 5, 'atra-finalizar', 'Finalizar')
/
	INSERT INTO tbl_entidad_accion_enac(enac_enti_pk, enac_orden, enac_path, enac_etiqueta) VALUES (22011, 6, 'atra-cambiar-muelle', 'C. Muelle')
/
	INSERT INTO tbl_entidad_accion_enac(enac_enti_pk, enac_orden, enac_path, enac_etiqueta) VALUES (22011, 7, 'atra-autorizar-fprevio', 'Aut. F. Previo')
/
	INSERT INTO tbl_entidad_accion_enac(enac_enti_pk, enac_orden, enac_path, enac_etiqueta) VALUES (22011, 8, 'atra-deshacer-estado', 'Des. Estado')
/
INSERT INTO tbl_entidad_enti(enti_pk, enti_tipo, enti_cmd_alta, enti_cmd_baja, enti_cmd_edicion, enti_cmd_duplicado, enti_codigo, enti_nombre) VALUES (22015, 'S', 0, 0, 0, 0, 'ESCALA_CONTADOR', 'Contador de Escala')
/
INSERT INTO tbl_tipo_subservicio_tpss(tpss_pk, tpss_tpsr_pk, tpss_es_temporal, tpss_es_facturable, tpss_tpdt_estado_pk) VALUES (22015, 21003, 0, 0, NULL)
/
	INSERT INTO tbl_entidad_entidad_enen (enen_entip_pk, enen_entih_pk, enen_orden) VALUES (21003, 22015, 2)
/
INSERT INTO tbl_entidad_enti(enti_pk, enti_tipo, enti_cmd_alta, enti_cmd_baja, enti_cmd_edicion, enti_cmd_duplicado, enti_codigo, enti_nombre) VALUES (22016, 'S', 1, 1, 1, 1, 'ESCALA_RESIDUO', 'Residuo de Escala')
/
INSERT INTO tbl_tipo_subservicio_tpss(tpss_pk, tpss_tpsr_pk, tpss_es_temporal, tpss_es_facturable, tpss_tpdt_estado_pk) VALUES (22016, 21003, 0, 0, NULL)
/
	INSERT INTO tbl_entidad_entidad_enen (enen_entip_pk, enen_entih_pk, enen_orden) VALUES (21003, 22016, 3)
/
INSERT INTO tbl_entidad_enti(enti_pk, enti_tipo, enti_cmd_alta, enti_cmd_baja, enti_cmd_edicion, enti_cmd_duplicado, enti_codigo, enti_nombre) VALUES (22012, 'S', 1, 1, 1, 1, 'OPERACION_ATRAQUE', 'Operacion de Atraque')
/
INSERT INTO tbl_tipo_subservicio_tpss(tpss_pk, tpss_tpsr_pk, tpss_es_temporal, tpss_es_facturable, tpss_tpdt_estado_pk) VALUES (22012, 21003, 1, 1, NULL)
/
	INSERT INTO tbl_entidad_entidad_enen (enen_entip_pk, enen_entih_pk, enen_orden) VALUES (22011, 22012, 1)
/
-- Embarcacion Dep. Aut.
INSERT INTO tbl_entidad_enti(enti_pk, enti_tipo, enti_cmd_alta, enti_cmd_baja, enti_cmd_edicion, enti_cmd_duplicado, enti_codigo, enti_nombre) VALUES (21004, 'T', 1, 1, 1, 1, 'EMBARCACION_DEP_AUT', 'Embarcacion Deportiva Autonomica')
/
INSERT INTO tbl_tipo_servicio_tpsr(tpsr_pk, tpsr_es_temporal, tpsr_es_facturable, tpsr_tpdt_estado_pk) VALUES (21004, 0, 1, NULL)
/
-- Suministro a Buque
INSERT INTO tbl_entidad_enti(enti_pk, enti_tipo, enti_cmd_alta, enti_cmd_baja, enti_cmd_edicion, enti_cmd_duplicado, enti_codigo, enti_nombre) VALUES (21005, 'T', 1, 1, 1, 1, 'SUMINISTRO_CONSUMO', 'Suministro a Buque')
/
INSERT INTO tbl_tipo_servicio_tpsr(tpsr_pk, tpsr_es_temporal, tpsr_es_facturable, tpsr_tpdt_estado_pk) VALUES (21005, 1, 1, 43295)
/
INSERT INTO tbl_entidad_enti(enti_pk, enti_tipo, enti_cmd_alta, enti_cmd_baja, enti_cmd_edicion, enti_cmd_duplicado, enti_codigo, enti_nombre) VALUES (22013, 'S', 1, 1, 1, 1, 'SUMINISTRO_CONSUMO_GASTO', 'Gasto de Consumo')
/
INSERT INTO tbl_tipo_subservicio_tpss(tpss_pk, tpss_tpsr_pk, tpss_es_temporal, tpss_es_facturable, tpss_tpdt_estado_pk) VALUES (22013, 21005, 1, 1, NULL)
/
	INSERT INTO tbl_entidad_entidad_enen (enen_entip_pk, enen_entih_pk, enen_orden) VALUES (21005, 22013, 1)
/
INSERT INTO tbl_entidad_enti(enti_pk, enti_tipo, enti_cmd_alta, enti_cmd_baja, enti_cmd_edicion, enti_cmd_duplicado, enti_codigo, enti_nombre) VALUES (22014, 'S', 1, 1, 1, 1, 'SUMINISTRO_CONSUMO_LECTURA', 'Lectura de Consumo')
/
INSERT INTO tbl_tipo_subservicio_tpss(tpss_pk, tpss_tpsr_pk, tpss_es_temporal, tpss_es_facturable, tpss_tpdt_estado_pk) VALUES (22014, 21005, 1, 1, NULL)
/
	INSERT INTO tbl_entidad_entidad_enen (enen_entip_pk, enen_entih_pk, enen_orden) VALUES (21005, 22014, 2)
/
-- Punto de Red
-- INSERT INTO tbl_entidad_enti(enti_pk, enti_tipo, enti_cmd_alta, enti_cmd_baja, enti_cmd_edicion, enti_cmd_duplicado, enti_codigo, enti_nombre) VALUES (21006, 'T', 1, 1, 1, 1, 'SURE', 'Punto de Red')
-- INSERT INTO tbl_tipo_servicio_tpsr(tpsr_pk, tpsr_es_temporal, tpsr_es_facturable, tpsr_tpdt_estado_pk) VALUES (21006, 1, 1, NULL)
-- INSERT INTO tbl_entidad_enti(enti_pk, enti_tipo, enti_cmd_alta, enti_cmd_baja, enti_cmd_edicion, enti_cmd_duplicado, enti_codigo, enti_nombre) VALUES (22015, 'S', 1, 1, 1, 1, 'CLSU', 'Cliente de Punto de Red')
-- INSERT INTO tbl_tipo_subservicio_tpss(tpss_pk, tpss_tpsr_pk, tpss_es_temporal, tpss_es_facturable, tpss_tpdt_estado_pk) VALUES (22015, 21006, 1, 1, NULL)
-- 	INSERT INTO tbl_entidad_entidad_enen (enen_entip_pk, enen_entih_pk, enen_orden) VALUES (21006, 22015, 1)
-- INSERT INTO tbl_entidad_enti(enti_pk, enti_tipo, enti_cmd_alta, enti_cmd_baja, enti_cmd_edicion, enti_cmd_duplicado, enti_codigo, enti_nombre) VALUES (22016, 'S', 1, 1, 1, 1, 'GPSU', 'Gasto de Punto de Red')
-- INSERT INTO tbl_tipo_subservicio_tpss(tpss_pk, tpss_tpsr_pk, tpss_es_temporal, tpss_es_facturable, tpss_tpdt_estado_pk) VALUES (22016, 21006, 1, 1, NULL)
-- 	INSERT INTO tbl_entidad_entidad_enen (enen_entip_pk, enen_entih_pk, enen_orden) VALUES (21006, 22016, 2)
-- INSERT INTO tbl_entidad_enti(enti_pk, enti_tipo, enti_cmd_alta, enti_cmd_baja, enti_cmd_edicion, enti_cmd_duplicado, enti_codigo, enti_nombre) VALUES (22017, 'S', 1, 1, 1, 1, 'LPSU', 'Lectura de Punto de Red')
-- INSERT INTO tbl_tipo_subservicio_tpss(tpss_pk, tpss_tpsr_pk, tpss_es_temporal, tpss_es_facturable, tpss_tpdt_estado_pk) VALUES (22017, 21006, 1, 1, NULL)
-- 	INSERT INTO tbl_entidad_entidad_enen (enen_entip_pk, enen_entih_pk, enen_orden) VALUES (21006, 22017, 3)

-- Ocupacion de Superficie
INSERT INTO tbl_entidad_enti(enti_pk, enti_tipo, enti_cmd_alta, enti_cmd_baja, enti_cmd_edicion, enti_cmd_duplicado, enti_codigo, enti_nombre) VALUES (21007, 'T', 1, 1, 1, 1, 'OCUPACION_SUPERFICIE', 'Ocupacion de Superficie')
/
INSERT INTO tbl_tipo_servicio_tpsr(tpsr_pk, tpsr_es_temporal, tpsr_es_facturable, tpsr_tpdt_estado_pk) VALUES (21007, 1, 1, 43290)
/
INSERT INTO tbl_entidad_enti(enti_pk, enti_tipo, enti_cmd_alta, enti_cmd_baja, enti_cmd_edicion, enti_cmd_duplicado, enti_codigo, enti_nombre) VALUES (22018, 'S', 1, 1, 1, 1, 'OCUPACION_SUPERFICIE_LINEA', 'Linea de Ocupacion de Superficie')
/
INSERT INTO tbl_tipo_subservicio_tpss(tpss_pk, tpss_tpsr_pk, tpss_es_temporal, tpss_es_facturable, tpss_tpdt_estado_pk) VALUES (22018, 21007, 1, 1, NULL)
/
	INSERT INTO tbl_entidad_entidad_enen (enen_entip_pk, enen_entih_pk, enen_orden) VALUES (21007, 22018, 1)
/
-- Amarres
INSERT INTO tbl_entidad_enti(enti_pk, enti_tipo, enti_cmd_alta, enti_cmd_baja, enti_cmd_edicion, enti_cmd_duplicado, enti_codigo, enti_nombre) VALUES (21008, 'T', 1, 1, 1, 1, 'AMARRE', 'Amarre')
/
INSERT INTO tbl_tipo_servicio_tpsr(tpsr_pk, tpsr_es_temporal, tpsr_es_facturable, tpsr_tpdt_estado_pk) VALUES (21008, 1, 0, 43230)
/
INSERT INTO tbl_entidad_enti(enti_pk, enti_tipo, enti_cmd_alta, enti_cmd_baja, enti_cmd_edicion, enti_cmd_duplicado, enti_codigo, enti_nombre) VALUES (22019, 'S', 1, 1, 1, 1, 'AMARRE_MEDIO', 'Medio de Amarre')
/
INSERT INTO tbl_tipo_subservicio_tpss(tpss_pk, tpss_tpsr_pk, tpss_es_temporal, tpss_es_facturable, tpss_tpdt_estado_pk) VALUES (22019, 21008, 0, 0, NULL)
/
	INSERT INTO tbl_entidad_entidad_enen (enen_entip_pk, enen_entih_pk, enen_orden) VALUES (21008, 22019, 1)
/
-- Practicajes
INSERT INTO tbl_entidad_enti(enti_pk, enti_tipo, enti_cmd_alta, enti_cmd_baja, enti_cmd_edicion, enti_cmd_duplicado, enti_codigo, enti_nombre) VALUES (21009, 'T', 1, 1, 1, 1, 'PRACTICAJE', 'Practicaje')
/
INSERT INTO tbl_tipo_servicio_tpsr(tpsr_pk, tpsr_es_temporal, tpsr_es_facturable, tpsr_tpdt_estado_pk) VALUES (21009, 1, 0, 43275)
/














-- Entidades - Estadistica
INSERT INTO tbl_entidad_enti(enti_pk, enti_tipo, enti_cmd_alta, enti_cmd_baja, enti_cmd_edicion, enti_cmd_duplicado, enti_codigo, enti_nombre) VALUES (23000, 'E', 0, 0, 0, 0, 'ACTIVIDAD_PESQUERA', 'Actividad Pesquera')
/
INSERT INTO tbl_tipo_estadistica_tpes(tpes_pk) VALUES (23000)
/
INSERT INTO tbl_entidad_enti(enti_pk, enti_tipo, enti_cmd_alta, enti_cmd_baja, enti_cmd_edicion, enti_cmd_duplicado, enti_codigo, enti_nombre) VALUES (23001, 'E', 0, 0, 0, 0, 'AGREGACION_ESCALA', 'Agregacion de Escala')
/
INSERT INTO tbl_tipo_estadistica_tpes(tpes_pk) VALUES (23001)
/
INSERT INTO tbl_entidad_enti(enti_pk, enti_tipo, enti_cmd_alta, enti_cmd_baja, enti_cmd_edicion, enti_cmd_duplicado, enti_codigo, enti_nombre) VALUES (23002, 'E', 0, 0, 0, 0, 'AGREGACION_SUPERFICIE', 'Agregacion de Superficie')
/
INSERT INTO tbl_tipo_estadistica_tpes(tpes_pk) VALUES (23002)
/
INSERT INTO tbl_entidad_enti(enti_pk, enti_tipo, enti_cmd_alta, enti_cmd_baja, enti_cmd_edicion, enti_cmd_duplicado, enti_codigo, enti_nombre) VALUES (23003, 'E', 0, 0, 0, 0, 'AVITUALLAMIENTO', 'Avituallamiento')
/
INSERT INTO tbl_tipo_estadistica_tpes(tpes_pk) VALUES (23003)
/
INSERT INTO tbl_entidad_enti(enti_pk, enti_tipo, enti_cmd_alta, enti_cmd_baja, enti_cmd_edicion, enti_cmd_duplicado, enti_codigo, enti_nombre) VALUES (23004, 'E', 0, 0, 0, 0, 'BUQUE_FONDEADO_ATRACADO', 'Buque Fondeo atraque')
/
INSERT INTO tbl_tipo_estadistica_tpes(tpes_pk) VALUES (23004)
/
INSERT INTO tbl_entidad_enti(enti_pk, enti_tipo, enti_cmd_alta, enti_cmd_baja, enti_cmd_edicion, enti_cmd_duplicado, enti_codigo, enti_nombre) VALUES (23005, 'E', 0, 0, 0, 0, 'MOVIMIENTO_MERCANCIA', 'Movimiento de Mercancia')
/
INSERT INTO tbl_tipo_estadistica_tpes(tpes_pk) VALUES (23005)
/
INSERT INTO tbl_entidad_enti(enti_pk, enti_tipo, enti_cmd_alta, enti_cmd_baja, enti_cmd_edicion, enti_cmd_duplicado, enti_codigo, enti_nombre) VALUES (23006, 'E', 0, 0, 0, 0, 'MOVIMIENTO_MERCANCIA_EEE', 'Movimiento de Mercancia EEE')
/
INSERT INTO tbl_tipo_estadistica_tpes(tpes_pk) VALUES (23006)
/
INSERT INTO tbl_entidad_enti(enti_pk, enti_tipo, enti_cmd_alta, enti_cmd_baja, enti_cmd_edicion, enti_cmd_duplicado, enti_codigo, enti_nombre) VALUES (23007, 'E', 0, 0, 0, 0, 'MOVIMIENTO_TIPO_BUQUE_EEE', 'Movimiento de Tipo Buque EEE')
/
INSERT INTO tbl_tipo_estadistica_tpes(tpes_pk) VALUES (23007)
/






-- Tipos de dato - Tipos de Servicio
INSERT INTO tbl_tipo_dato_tpdt (tpdt_pk, tpdt_tipo_html, tpdt_tipo_elemento, tpdt_enti_pk, tpdt_codigo, tpdt_nombre) VALUES (47000, 'F', 'SR', 21002, 'MANIFIESTO', 'Manifiesto')
/
INSERT INTO tbl_tipo_dato_tpdt (tpdt_pk, tpdt_tipo_html, tpdt_tipo_elemento, tpdt_enti_pk, tpdt_codigo, tpdt_nombre) VALUES (47001, 'F', 'SR', 21003, 'ESCALA', 'Escala')
/

-- Tipos de dato - Parametros
INSERT INTO tbl_tipo_dato_tpdt (tpdt_pk, tpdt_tipo_html, tpdt_tipo_elemento, tpdt_enti_pk, tpdt_codigo, tpdt_nombre) VALUES (45000, 'S', 'PR', 20001, 'TIPO_ACT', 'Tipo de Actividad')
/
INSERT INTO tbl_tipo_dato_tpdt (tpdt_pk, tpdt_tipo_html, tpdt_tipo_elemento, tpdt_enti_pk, tpdt_codigo, tpdt_nombre) VALUES (45001, 'S', 'PR', 20001, 'TIPO_ACT_2', 'Tipo de Actividad 2')
/
INSERT INTO tbl_tipo_dato_tpdt (tpdt_pk, tpdt_tipo_html, tpdt_tipo_elemento, tpdt_enti_pk, tpdt_codigo, tpdt_nombre) VALUES (45002, 'S', 'PR', 20001, 'TIPO_ACT_3', 'Tipo de Actividad 3')
/
INSERT INTO tbl_tipo_dato_tpdt (tpdt_pk, tpdt_tipo_html, tpdt_tipo_elemento, tpdt_enti_pk, tpdt_codigo, tpdt_nombre) VALUES (45005, 'F', 'PR', 20004, 'PAIS', 'Pais')
/
INSERT INTO tbl_tipo_dato_tpdt (tpdt_pk, tpdt_tipo_html, tpdt_tipo_elemento, tpdt_enti_pk, tpdt_codigo, tpdt_nombre) VALUES (45006, 'F', 'PR', 20004, 'PAIS_2', 'Pais 2')
/
INSERT INTO tbl_tipo_dato_tpdt (tpdt_pk, tpdt_tipo_html, tpdt_tipo_elemento, tpdt_enti_pk, tpdt_codigo, tpdt_nombre) VALUES (45010, 'F', 'PR', 20005, 'BUQUE', 'Buque')
/
INSERT INTO tbl_tipo_dato_tpdt (tpdt_pk, tpdt_tipo_html, tpdt_tipo_elemento, tpdt_enti_pk, tpdt_codigo, tpdt_nombre) VALUES (45015, 'S', 'PR', 20006, 'AREA_MUNDIAL', 'Area Mundial')
/
INSERT INTO tbl_tipo_dato_tpdt (tpdt_pk, tpdt_tipo_html, tpdt_tipo_elemento, tpdt_enti_pk, tpdt_codigo, tpdt_nombre) VALUES (45020, 'S', 'PR', 20007, 'TIPO_BUQUE_EEE', 'Tipo de Buque EEE')
/
INSERT INTO tbl_tipo_dato_tpdt (tpdt_pk, tpdt_tipo_html, tpdt_tipo_elemento, tpdt_enti_pk, tpdt_codigo, tpdt_nombre) VALUES (45025, 'S', 'PR', 20008, 'TIPO_BUQUE_EST', 'Tipo de Buque Est')
/
INSERT INTO tbl_tipo_dato_tpdt (tpdt_pk, tpdt_tipo_html, tpdt_tipo_elemento, tpdt_enti_pk, tpdt_codigo, tpdt_nombre) VALUES (45030, 'S', 'PR', 20009, 'TIPO_BUQUE', 'Tipo de Buque')
/
INSERT INTO tbl_tipo_dato_tpdt (tpdt_pk, tpdt_tipo_html, tpdt_tipo_elemento, tpdt_enti_pk, tpdt_codigo, tpdt_nombre) VALUES (45031, 'S', 'PR', 20009, 'TIPO_BUQUE_2', 'Tipo de Buque 2')
/
INSERT INTO tbl_tipo_dato_tpdt (tpdt_pk, tpdt_tipo_html, tpdt_tipo_elemento, tpdt_enti_pk, tpdt_codigo, tpdt_nombre) VALUES (45035, 'F', 'PR', 20010, 'ORGA', 'Organizacion')
/
INSERT INTO tbl_tipo_dato_tpdt (tpdt_pk, tpdt_tipo_html, tpdt_tipo_elemento, tpdt_enti_pk, tpdt_codigo, tpdt_nombre) VALUES (45036, 'F', 'PR', 20010, 'ORGA_2', 'Organizacion 2')
/
INSERT INTO tbl_tipo_dato_tpdt (tpdt_pk, tpdt_tipo_html, tpdt_tipo_elemento, tpdt_enti_pk, tpdt_codigo, tpdt_nombre) VALUES (45037, 'F', 'PR', 20010, 'ORGA_3', 'Organizacion 3')
/
INSERT INTO tbl_tipo_dato_tpdt (tpdt_pk, tpdt_tipo_html, tpdt_tipo_elemento, tpdt_enti_pk, tpdt_codigo, tpdt_nombre) VALUES (45040, 'S', 'PR', 20011, 'TIPO_IVA', 'Tipo de IVA')
/
INSERT INTO tbl_tipo_dato_tpdt (tpdt_pk, tpdt_tipo_html, tpdt_tipo_elemento, tpdt_enti_pk, tpdt_codigo, tpdt_nombre) VALUES (45045, 'S', 'PR', 20012, 'AREA_GEOG', 'Area Geografica')
/
INSERT INTO tbl_tipo_dato_tpdt (tpdt_pk, tpdt_tipo_html, tpdt_tipo_elemento, tpdt_enti_pk, tpdt_codigo, tpdt_nombre) VALUES (45050, 'F', 'PR', 20013, 'ZONA_COST_EEE', 'Zona Costera EEE')
/
INSERT INTO tbl_tipo_dato_tpdt (tpdt_pk, tpdt_tipo_html, tpdt_tipo_elemento, tpdt_enti_pk, tpdt_codigo, tpdt_nombre) VALUES (45055, 'F', 'PR', 20014, 'UNLOCODE', 'Unlocode')
/
INSERT INTO tbl_tipo_dato_tpdt (tpdt_pk, tpdt_tipo_html, tpdt_tipo_elemento, tpdt_enti_pk, tpdt_codigo, tpdt_nombre) VALUES (45056, 'F', 'PR', 20014, 'UNLOCODE_2', 'Unlocode 2')
/
INSERT INTO tbl_tipo_dato_tpdt (tpdt_pk, tpdt_tipo_html, tpdt_tipo_elemento, tpdt_enti_pk, tpdt_codigo, tpdt_nombre) VALUES (45057, 'F', 'PR', 20014, 'UNLOCODE_3', 'Unlocode 3')
/
INSERT INTO tbl_tipo_dato_tpdt (tpdt_pk, tpdt_tipo_html, tpdt_tipo_elemento, tpdt_enti_pk, tpdt_codigo, tpdt_nombre) VALUES (45058, 'F', 'PR', 20014, 'UNLOCODE_4', 'Unlocode 4')
/
INSERT INTO tbl_tipo_dato_tpdt (tpdt_pk, tpdt_tipo_html, tpdt_tipo_elemento, tpdt_enti_pk, tpdt_codigo, tpdt_nombre) VALUES (45059, 'F', 'PR', 20014, 'UNLOCODE_5', 'Unlocode 5')
/
INSERT INTO tbl_tipo_dato_tpdt (tpdt_pk, tpdt_tipo_html, tpdt_tipo_elemento, tpdt_enti_pk, tpdt_codigo, tpdt_nombre) VALUES (45060, 'S', 'PR', 20015, 'TIPO_ALIN', 'Tipo de Alineacion')
/
INSERT INTO tbl_tipo_dato_tpdt (tpdt_pk, tpdt_tipo_html, tpdt_tipo_elemento, tpdt_enti_pk, tpdt_codigo, tpdt_nombre) VALUES (45065, 'S', 'PR', 20030, 'ZONA_PESCA', 'Zona de Pesca')
/
INSERT INTO tbl_tipo_dato_tpdt (tpdt_pk, tpdt_tipo_html, tpdt_tipo_elemento, tpdt_enti_pk, tpdt_codigo, tpdt_nombre) VALUES (45070, 'S', 'PR', 20032, 'TIPO_OP_PESCA', 'Tipo de Operacion de Pesca')
/
INSERT INTO tbl_tipo_dato_tpdt (tpdt_pk, tpdt_tipo_html, tpdt_tipo_elemento, tpdt_enti_pk, tpdt_codigo, tpdt_nombre) VALUES (45075, 'S', 'PR', 20033, 'TIPO_MAN_PESCA', 'Tipo de Manifiesto de Pesca')
/
INSERT INTO tbl_tipo_dato_tpdt (tpdt_pk, tpdt_tipo_html, tpdt_tipo_elemento, tpdt_enti_pk, tpdt_codigo, tpdt_nombre) VALUES (45080, 'S', 'PR', 20034, 'SUBT_MAN_PESCA', 'Subtipo de Manifiesto de Pesca')
/
INSERT INTO tbl_tipo_dato_tpdt (tpdt_pk, tpdt_tipo_html, tpdt_tipo_elemento, tpdt_enti_pk, tpdt_codigo, tpdt_nombre) VALUES (45085, 'S', 'PR', 20035, 'GRUPO_FAM_PESCA', 'Grupo de Familia de Especie de Pesca')
/
INSERT INTO tbl_tipo_dato_tpdt (tpdt_pk, tpdt_tipo_html, tpdt_tipo_elemento, tpdt_enti_pk, tpdt_codigo, tpdt_nombre) VALUES (45090, 'S', 'PR', 20036, 'FAM_PESCA', 'Familia de Especie de Pesca')
/
INSERT INTO tbl_tipo_dato_tpdt (tpdt_pk, tpdt_tipo_html, tpdt_tipo_elemento, tpdt_enti_pk, tpdt_codigo, tpdt_nombre) VALUES (45095, 'S', 'PR', 20037, 'TIPO_CAPTURA_PESCA', 'Tipo de Captura de Pesca')
/
INSERT INTO tbl_tipo_dato_tpdt (tpdt_pk, tpdt_tipo_html, tpdt_tipo_elemento, tpdt_enti_pk, tpdt_codigo, tpdt_nombre) VALUES (45100, 'S', 'PR', 20039, 'TIPO_BUQUE_PESCA', 'Tipo de Buque de Pesca')
/
INSERT INTO tbl_tipo_dato_tpdt (tpdt_pk, tpdt_tipo_html, tpdt_tipo_elemento, tpdt_enti_pk, tpdt_codigo, tpdt_nombre) VALUES (45105, 'F', 'PR', 20040, 'BUQUE_PESCA', 'Buque de Pesca')
/
INSERT INTO tbl_tipo_dato_tpdt (tpdt_pk, tpdt_tipo_html, tpdt_tipo_elemento, tpdt_enti_pk, tpdt_codigo, tpdt_nombre) VALUES (45110, 'S', 'PR', 20041, 'ARTE_PESCA', 'Arte de Pesca')
/
INSERT INTO tbl_tipo_dato_tpdt (tpdt_pk, tpdt_tipo_html, tpdt_tipo_elemento, tpdt_enti_pk, tpdt_codigo, tpdt_nombre) VALUES (45115, 'S', 'PR', 20042, 'TIPO_MERC_EST', 'Tipo de Mercancia Est')
/
INSERT INTO tbl_tipo_dato_tpdt (tpdt_pk, tpdt_tipo_html, tpdt_tipo_elemento, tpdt_enti_pk, tpdt_codigo, tpdt_nombre) VALUES (45120, 'S', 'PR', 20043, 'GRUPO_NAT_MERC', 'Grupo de Naturaleza de Mercancia')
/
INSERT INTO tbl_tipo_dato_tpdt (tpdt_pk, tpdt_tipo_html, tpdt_tipo_elemento, tpdt_enti_pk, tpdt_codigo, tpdt_nombre) VALUES (45125, 'S', 'PR', 20044, 'NAT_MERC', 'Naturaleza de Mercancia')
/
INSERT INTO tbl_tipo_dato_tpdt (tpdt_pk, tpdt_tipo_html, tpdt_tipo_elemento, tpdt_enti_pk, tpdt_codigo, tpdt_nombre) VALUES (45130, 'S', 'PR', 20045, 'GRUPO_ARAN', 'Grupo Arancelario')
/
INSERT INTO tbl_tipo_dato_tpdt (tpdt_pk, tpdt_tipo_html, tpdt_tipo_elemento, tpdt_enti_pk, tpdt_codigo, tpdt_nombre) VALUES (45135, 'S', 'PR', 20046, 'SUBG_MERC', 'Subgrupo Mercancia')
/
INSERT INTO tbl_tipo_dato_tpdt (tpdt_pk, tpdt_tipo_html, tpdt_tipo_elemento, tpdt_enti_pk, tpdt_codigo, tpdt_nombre) VALUES (45140, 'S', 'PR', 20047, 'GRUPO_NST', 'Grupo NST')
/
INSERT INTO tbl_tipo_dato_tpdt (tpdt_pk, tpdt_tipo_html, tpdt_tipo_elemento, tpdt_enti_pk, tpdt_codigo, tpdt_nombre) VALUES (45145, 'S', 'PR', 20048, 'UNIDAD_CARGA', 'Unidad de Carga')
/
INSERT INTO tbl_tipo_dato_tpdt (tpdt_pk, tpdt_tipo_html, tpdt_tipo_elemento, tpdt_enti_pk, tpdt_codigo, tpdt_nombre) VALUES (45150, 'S', 'PR', 20063, 'SUBPUERTO', 'Subpuerto')
/
INSERT INTO tbl_tipo_dato_tpdt (tpdt_pk, tpdt_tipo_html, tpdt_tipo_elemento, tpdt_enti_pk, tpdt_codigo, tpdt_nombre) VALUES (45155, 'S', 'PR', 20066, 'TIPO_EXENCION', 'Tipo de Exencion')
/
INSERT INTO tbl_tipo_dato_tpdt (tpdt_pk, tpdt_tipo_html, tpdt_tipo_elemento, tpdt_enti_pk, tpdt_codigo, tpdt_nombre) VALUES (45160, 'S', 'PR', 20075, 'TIPO_BIEN_CONC', 'Tipo de Bien Concesional')
/
INSERT INTO tbl_tipo_dato_tpdt (tpdt_pk, tpdt_tipo_html, tpdt_tipo_elemento, tpdt_enti_pk, tpdt_codigo, tpdt_nombre) VALUES (45165, 'S', 'PR', 20076, 'TIPO_ACT_GRAL_CONC', 'Tipo de Actividad General Concesional')
/
INSERT INTO tbl_tipo_dato_tpdt (tpdt_pk, tpdt_tipo_html, tpdt_tipo_elemento, tpdt_enti_pk, tpdt_codigo, tpdt_nombre) VALUES (45170, 'F', 'PR', 20082, 'REG_TBUQUE_EEE', 'Registro de Tipo de Buque EEE')
/
INSERT INTO tbl_tipo_dato_tpdt (tpdt_pk, tpdt_tipo_html, tpdt_tipo_elemento, tpdt_enti_pk, tpdt_codigo, tpdt_nombre) VALUES (45175, 'F', 'PR', 20083, 'REG_TBUQUE', 'Registro de Tipo de Buque')
/
INSERT INTO tbl_tipo_dato_tpdt (tpdt_pk, tpdt_tipo_html, tpdt_tipo_elemento, tpdt_enti_pk, tpdt_codigo, tpdt_nombre) VALUES (45180, 'F', 'PR', 20109, 'ALIN', 'Alineacion')
/
INSERT INTO tbl_tipo_dato_tpdt (tpdt_pk, tpdt_tipo_html, tpdt_tipo_elemento, tpdt_enti_pk, tpdt_codigo, tpdt_nombre) VALUES (45181, 'F', 'PR', 20109, 'ALIN_2', 'Alineacion 2')
/
INSERT INTO tbl_tipo_dato_tpdt (tpdt_pk, tpdt_tipo_html, tpdt_tipo_elemento, tpdt_enti_pk, tpdt_codigo, tpdt_nombre) VALUES (45182, 'F', 'PR', 20109, 'ALIN_3', 'Alineacion 3')
/
INSERT INTO tbl_tipo_dato_tpdt (tpdt_pk, tpdt_tipo_html, tpdt_tipo_elemento, tpdt_enti_pk, tpdt_codigo, tpdt_nombre) VALUES (45185, 'S', 'PR', 20088, 'TIPO_RESIDUO', 'Tipo de Residuo')
/
INSERT INTO tbl_tipo_dato_tpdt (tpdt_pk, tpdt_tipo_html, tpdt_tipo_elemento, tpdt_enti_pk, tpdt_codigo, tpdt_nombre) VALUES (45190, 'F', 'PR', 20091, 'MUELLE', 'Muelle')
/
INSERT INTO tbl_tipo_dato_tpdt (tpdt_pk, tpdt_tipo_html, tpdt_tipo_elemento, tpdt_enti_pk, tpdt_codigo, tpdt_nombre) VALUES (45195, 'S', 'PR', 20097, 'TIPO_EMB', 'Tipo de Embarcacion')
/
INSERT INTO tbl_tipo_dato_tpdt (tpdt_pk, tpdt_tipo_html, tpdt_tipo_elemento, tpdt_enti_pk, tpdt_codigo, tpdt_nombre) VALUES (45200, 'S', 'PR', 20098, 'TIPO_AMA', 'Tipo de Amarre')
/
INSERT INTO tbl_tipo_dato_tpdt (tpdt_pk, tpdt_tipo_html, tpdt_tipo_elemento, tpdt_enti_pk, tpdt_codigo, tpdt_nombre) VALUES (45205, 'S', 'PR', 20102, 'MODULO', 'Modulo')
/
INSERT INTO tbl_tipo_dato_tpdt (tpdt_pk, tpdt_tipo_html, tpdt_tipo_elemento, tpdt_enti_pk, tpdt_codigo, tpdt_nombre) VALUES (45210, 'S', 'PR', 20107, 'AUT_PORT', 'Autoridad Portuaria')
/
INSERT INTO tbl_tipo_dato_tpdt (tpdt_pk, tpdt_tipo_html, tpdt_tipo_elemento, tpdt_enti_pk, tpdt_codigo, tpdt_nombre) VALUES (45215, 'S', 'PR', 20038, 'ESPECIE_PESCA', 'Especie de Pesca')
/
INSERT INTO tbl_tipo_dato_tpdt (tpdt_pk, tpdt_tipo_html, tpdt_tipo_elemento, tpdt_enti_pk, tpdt_codigo, tpdt_nombre) VALUES (45220, 'F', 'PR', 20108, 'COMPRADOR_PESCA', 'Comprador de Pesca')
/
INSERT INTO tbl_tipo_dato_tpdt (tpdt_pk, tpdt_tipo_html, tpdt_tipo_elemento, tpdt_enti_pk, tpdt_codigo, tpdt_nombre) VALUES (45225, 'S', 'PR', 20031, 'PRESENT_PESCA', 'Presentacion de Pesca')
/
INSERT INTO tbl_tipo_dato_tpdt (tpdt_pk, tpdt_tipo_html, tpdt_tipo_elemento, tpdt_enti_pk, tpdt_codigo, tpdt_nombre) VALUES (45230, 'S', 'PR', 20085, 'TIPO_BUQUE_GT', 'Tipo de Buque GT')
/
INSERT INTO tbl_tipo_dato_tpdt (tpdt_pk, tpdt_tipo_html, tpdt_tipo_elemento, tpdt_enti_pk, tpdt_codigo, tpdt_nombre) VALUES (45235, 'S', 'PR', 20065, 'TIPO_NAV', 'Tipo de Navegacion')
/
INSERT INTO tbl_tipo_dato_tpdt (tpdt_pk, tpdt_tipo_html, tpdt_tipo_elemento, tpdt_enti_pk, tpdt_codigo, tpdt_nombre) VALUES (45236, 'S', 'PR', 20065, 'TIPO_NAV_2', 'Tipo de Navegacion 2')
/
INSERT INTO tbl_tipo_dato_tpdt (tpdt_pk, tpdt_tipo_html, tpdt_tipo_elemento, tpdt_enti_pk, tpdt_codigo, tpdt_nombre) VALUES (45240, 'F', 'PR', 20086, 'SERV_TRAF', 'Servicio de Trafico')
/
INSERT INTO tbl_tipo_dato_tpdt (tpdt_pk, tpdt_tipo_html, tpdt_tipo_elemento, tpdt_enti_pk, tpdt_codigo, tpdt_nombre) VALUES (45245, 'S', 'PR', 20003, 'ACUERDO', 'Acuerdo')
/
INSERT INTO tbl_tipo_dato_tpdt (tpdt_pk, tpdt_tipo_html, tpdt_tipo_elemento, tpdt_enti_pk, tpdt_codigo, tpdt_nombre) VALUES (45250, 'S', 'PR', 20020, 'TIPO_SUP', 'Tipo de Superficie')
/
INSERT INTO tbl_tipo_dato_tpdt (tpdt_pk, tpdt_tipo_html, tpdt_tipo_elemento, tpdt_enti_pk, tpdt_codigo, tpdt_nombre) VALUES (45255, 'S', 'PR', 20021, 'GRUPO_ZONA', 'Grupo Zona')
/
INSERT INTO tbl_tipo_dato_tpdt (tpdt_pk, tpdt_tipo_html, tpdt_tipo_elemento, tpdt_enti_pk, tpdt_codigo, tpdt_nombre) VALUES (45260, 'S', 'PR', 20111, 'ZONA_DEP', 'Zona de Deposito')
/
INSERT INTO tbl_tipo_dato_tpdt (tpdt_pk, tpdt_tipo_html, tpdt_tipo_elemento, tpdt_enti_pk, tpdt_codigo, tpdt_nombre) VALUES (45265, 'S', 'PR', 20022, 'UNID_SUP', 'Unidad de Superficie')
/
INSERT INTO tbl_tipo_dato_tpdt (tpdt_pk, tpdt_tipo_html, tpdt_tipo_elemento, tpdt_enti_pk, tpdt_codigo, tpdt_nombre) VALUES (45270, 'S', 'PR', 20023, 'TIPO_OP_SUP', 'Tipo de Operacion de Superficie')
/
INSERT INTO tbl_tipo_dato_tpdt (tpdt_pk, tpdt_tipo_html, tpdt_tipo_elemento, tpdt_enti_pk, tpdt_codigo, tpdt_nombre) VALUES (45275, 'S', 'PR', 20024, 'TIPO_SUM', 'Tipo de Suministro')
/
INSERT INTO tbl_tipo_dato_tpdt (tpdt_pk, tpdt_tipo_html, tpdt_tipo_elemento, tpdt_enti_pk, tpdt_codigo, tpdt_nombre) VALUES (45285, 'S', 'PR', 20050, 'TIPO_OP_BL', 'Tipo de Operacion BL')
/
INSERT INTO tbl_tipo_dato_tpdt (tpdt_pk, tpdt_tipo_html, tpdt_tipo_elemento, tpdt_enti_pk, tpdt_codigo, tpdt_nombre) VALUES (45290, 'F', 'PR', 20049, 'MERCANCIA', 'Mercancia')
/
INSERT INTO tbl_tipo_dato_tpdt (tpdt_pk, tpdt_tipo_html, tpdt_tipo_elemento, tpdt_enti_pk, tpdt_codigo, tpdt_nombre) VALUES (45300, 'S', 'PR', 20061, 'INST_ESP', 'Inst. Especial')
/
INSERT INTO tbl_tipo_dato_tpdt (tpdt_pk, tpdt_tipo_html, tpdt_tipo_elemento, tpdt_enti_pk, tpdt_codigo, tpdt_nombre) VALUES (45305, 'S', 'PR', 20055, 'TERMINAL', 'Terminal')
/
INSERT INTO tbl_tipo_dato_tpdt (tpdt_pk, tpdt_tipo_html, tpdt_tipo_elemento, tpdt_enti_pk, tpdt_codigo, tpdt_nombre) VALUES (45310, 'S', 'PR', 20052, 'TIPO_DOC_AEAT', 'Tipo de Documento AEAT')
/
INSERT INTO tbl_tipo_dato_tpdt (tpdt_pk, tpdt_tipo_html, tpdt_tipo_elemento, tpdt_enti_pk, tpdt_codigo, tpdt_nombre) VALUES (45315, 'S', 'PR', 20060, 'INST_MARC', 'Instruccion de Marcaje')
/
INSERT INTO tbl_tipo_dato_tpdt (tpdt_pk, tpdt_tipo_html, tpdt_tipo_elemento, tpdt_enti_pk, tpdt_codigo, tpdt_nombre) VALUES (45320, 'F', 'PR', 20058, 'MERC_PELIG', 'Mercancias Peligrosas')
/
INSERT INTO tbl_tipo_dato_tpdt (tpdt_pk, tpdt_tipo_html, tpdt_tipo_elemento, tpdt_enti_pk, tpdt_codigo, tpdt_nombre) VALUES (45325, 'F', 'PR', 20051, 'TIPO_EQUI', 'Tipo de Equipamiento')
/
INSERT INTO tbl_tipo_dato_tpdt (tpdt_pk, tpdt_tipo_html, tpdt_tipo_elemento, tpdt_enti_pk, tpdt_codigo, tpdt_nombre) VALUES (45330, 'S', 'PR', 20059, 'MARCA_VEHIC', 'Marca de Vehiculo')
/
INSERT INTO tbl_tipo_dato_tpdt (tpdt_pk, tpdt_tipo_html, tpdt_tipo_elemento, tpdt_enti_pk, tpdt_codigo, tpdt_nombre) VALUES (45335, 'S', 'PR', 20056, 'RECEPTOR', 'Receptor')
/
INSERT INTO tbl_tipo_dato_tpdt (tpdt_pk, tpdt_tipo_html, tpdt_tipo_elemento, tpdt_enti_pk, tpdt_codigo, tpdt_nombre) VALUES (45345, 'F', 'PR', 20053, 'TIPO_BULTO', 'Tipo de Bulto')
/
INSERT INTO tbl_tipo_dato_tpdt (tpdt_pk, tpdt_tipo_html, tpdt_tipo_elemento, tpdt_enti_pk, tpdt_codigo, tpdt_nombre) VALUES (45350, 'S', 'PR', 20057, 'MODO_TRANS_EDI', 'Modo de transporte EDI')
/
INSERT INTO tbl_tipo_dato_tpdt (tpdt_pk, tpdt_tipo_html, tpdt_tipo_elemento, tpdt_enti_pk, tpdt_codigo, tpdt_nombre) VALUES (45360, 'S', 'PR', 20068, 'DESC_ADIC', 'Descuento Adicional')
/
INSERT INTO tbl_tipo_dato_tpdt (tpdt_pk, tpdt_tipo_html, tpdt_tipo_elemento, tpdt_enti_pk, tpdt_codigo, tpdt_nombre) VALUES (45365, 'S', 'PR', 20054, 'REC_ADU', 'Recinto Aduanero')
/
INSERT INTO tbl_tipo_dato_tpdt (tpdt_pk, tpdt_tipo_html, tpdt_tipo_elemento, tpdt_enti_pk, tpdt_codigo, tpdt_nombre) VALUES (45370, 'S', 'PR', 20064, 'TIPO_OP_MERC', 'Tipo de Operacion de Mercanca')
/
INSERT INTO tbl_tipo_dato_tpdt (tpdt_pk, tpdt_tipo_html, tpdt_tipo_elemento, tpdt_enti_pk, tpdt_codigo, tpdt_nombre) VALUES (45380, 'S', 'PR', 20096, 'TIPO_ATR', 'Tipo de Atraque')
/
INSERT INTO tbl_tipo_dato_tpdt (tpdt_pk, tpdt_tipo_html, tpdt_tipo_elemento, tpdt_enti_pk, tpdt_codigo, tpdt_nombre) VALUES (45381, 'S', 'PR', 20096, 'TIPO_ATR_2', 'Tipo de Atraque 2')
/
INSERT INTO tbl_tipo_dato_tpdt (tpdt_pk, tpdt_tipo_html, tpdt_tipo_elemento, tpdt_enti_pk, tpdt_codigo, tpdt_nombre) VALUES (45382, 'S', 'PR', 20096, 'TIPO_ATR_3', 'Tipo de Atraque 3')
/
INSERT INTO tbl_tipo_dato_tpdt (tpdt_pk, tpdt_tipo_html, tpdt_tipo_elemento, tpdt_enti_pk, tpdt_codigo, tpdt_nombre) VALUES (45385, 'S', 'PR', 20112, 'TIPO_MERC', 'Tipo de Mercancia')
/
INSERT INTO tbl_tipo_dato_tpdt (tpdt_pk, tpdt_tipo_html, tpdt_tipo_elemento, tpdt_enti_pk, tpdt_codigo, tpdt_nombre) VALUES (45390, 'S', 'PR', 20025, 'TIPO_GASTO_SUM', 'Tipo de Gasto (Sum)')
/
INSERT INTO tbl_tipo_dato_tpdt (tpdt_pk, tpdt_tipo_html, tpdt_tipo_elemento, tpdt_enti_pk, tpdt_codigo, tpdt_nombre) VALUES (45395, 'S', 'PR', 20113, 'CONTADOR_SUM', 'Contador (Sum)')
/
INSERT INTO tbl_tipo_dato_tpdt (tpdt_pk, tpdt_tipo_html, tpdt_tipo_elemento, tpdt_enti_pk, tpdt_codigo, tpdt_nombre) VALUES (45400, 'S', 'PR', 20026, 'TIPO_CONT', 'Tipo de Contador')
/
INSERT INTO tbl_tipo_dato_tpdt (tpdt_pk, tpdt_tipo_html, tpdt_tipo_elemento, tpdt_enti_pk, tpdt_codigo, tpdt_nombre) VALUES (45405, 'S', 'PR', 20114, 'PUNTO_RED', 'Punto de Red (Maestro)')
/
INSERT INTO tbl_tipo_dato_tpdt (tpdt_pk, tpdt_tipo_html, tpdt_tipo_elemento, tpdt_enti_pk, tpdt_codigo, tpdt_nombre) VALUES (45410, 'S', 'PR', 20115, 'TIPO_ATR_EDI', 'Tipo de Atraque EDI')
/
INSERT INTO tbl_tipo_dato_tpdt (tpdt_pk, tpdt_tipo_html, tpdt_tipo_elemento, tpdt_enti_pk, tpdt_codigo, tpdt_nombre) VALUES (45411, 'S', 'PR', 20115, 'TIPO_ATR_EDI_2', 'Tipo de Atraque EDI 2')
/
INSERT INTO tbl_tipo_dato_tpdt (tpdt_pk, tpdt_tipo_html, tpdt_tipo_elemento, tpdt_enti_pk, tpdt_codigo, tpdt_nombre) VALUES (45412, 'S', 'PR', 20115, 'TIPO_ATR_EDI_3', 'Tipo de Atraque EDI 3')
/
INSERT INTO tbl_tipo_dato_tpdt (tpdt_pk, tpdt_tipo_html, tpdt_tipo_elemento, tpdt_enti_pk, tpdt_codigo, tpdt_nombre) VALUES (45415, 'S', 'PR', 20017, 'TIPO_MOV_AMA', 'Tipo de Movimiento de Amarre')
/
INSERT INTO tbl_tipo_dato_tpdt (tpdt_pk, tpdt_tipo_html, tpdt_tipo_elemento, tpdt_enti_pk, tpdt_codigo, tpdt_nombre) VALUES (45420, 'S', 'PR', 20016, 'TIPO_MED_AMA', 'Tipo de Medio de Amarre')
/
INSERT INTO tbl_tipo_dato_tpdt (tpdt_pk, tpdt_tipo_html, tpdt_tipo_elemento, tpdt_enti_pk, tpdt_codigo, tpdt_nombre) VALUES (45425, 'S', 'PR', 20027, 'TIPO_MANIOBRA_PRAC', 'Tipo de Maniobra de Practicaje')
/
INSERT INTO tbl_tipo_dato_tpdt (tpdt_pk, tpdt_tipo_html, tpdt_tipo_elemento, tpdt_enti_pk, tpdt_codigo, tpdt_nombre) VALUES (45430, 'S', 'PR', 20062, 'PROVINCIA', 'Provincia')
/
INSERT INTO tbl_tipo_dato_tpdt (tpdt_pk, tpdt_tipo_html, tpdt_tipo_elemento, tpdt_enti_pk, tpdt_codigo, tpdt_nombre) VALUES (45435, 'F', 'PR', 20116, 'MUNICIPIO', 'Municipio')
/
INSERT INTO tbl_tipo_dato_tpdt (tpdt_pk, tpdt_tipo_html, tpdt_tipo_elemento, tpdt_enti_pk, tpdt_codigo, tpdt_nombre) VALUES (45440, 'S', 'PR', 20089, 'SUBT_RES', 'Subtipo de Residuo')
/
INSERT INTO tbl_tipo_dato_tpdt (tpdt_pk, tpdt_tipo_html, tpdt_tipo_elemento, tpdt_enti_pk, tpdt_codigo, tpdt_nombre) VALUES (45445, 'S', 'PR', 20117, 'TIPO_BUQUE_GT_EEE', 'Tipo de Buque GT EEE')
/












-- //@UNDO
-- SQL to undo the change goes here.

TRUNCATE TABLE tbl_proceso_archivo_prar
/

TRUNCATE TABLE tbl_proceso_item_prit
/

TRUNCATE TABLE tbl_proceso_mensaje_prmn
/

TRUNCATE TABLE tbl_proceso_parametro_prpm
/

DELETE FROM tbl_proceso_batch_prbt
/


TRUNCATE TABLE tbl_estadistica_dato_esdt
/

DELETE FROM tbl_estadistica_estd
/

DELETE FROM tbl_cuadro_mes_cdms
/

DELETE FROM tbl_periodo_proceso_pepr
/


DELETE FROM tbl_subserv_subserv_ssss
/

TRUNCATE TABLE tbl_subservicio_dato_ssdt
/

DELETE FROM tbl_subservicio_ssrv
/

TRUNCATE TABLE tbl_servicio_dato_srdt
/

DELETE FROM tbl_servicio_srvc
/


TRUNCATE TABLE tbl_subparametro_dato_spdt
/

DELETE FROM tbl_subparametro_version_spvr
/

DELETE FROM tbl_subparametro_sprm
/

TRUNCATE TABLE tbl_parametro_dato_prdt
/

TRUNCATE TABLE tbl_parametro_i18n_p18n
/

DELETE FROM tbl_parametro_version_prvr
/

DELETE FROM tbl_parametro_prmt
/



-- Tipos de dato - Tipos de Servicio
DELETE FROM tbl_tipo_dato_tpdt
WHERE tpdt_pk IN (
	47000
	, 47001
)
/

-- Tipos de dato - Parametros
DELETE FROM tbl_tipo_dato_tpdt
WHERE tpdt_pk IN (
	45000
	, 45001
	, 45002
	, 45005
	, 45006
	, 45010
	, 45015
	, 45020
	, 45025
	, 45030
	, 45031
	, 45035
	, 45036
	, 45037
	, 45040
	, 45045
	, 45050
	, 45055
	, 45056
	, 45057
	, 45058
	, 45059
	, 45060
	, 45065
	, 45070
	, 45075
	, 45080
	, 45085
	, 45090
	, 45095
	, 45100
	, 45105
	, 45110
	, 45115
	, 45120
	, 45125
	, 45130
	, 45135
	, 45140
	, 45145
	, 45150
	, 45155
	, 45160
	, 45165
	, 45170
	, 45175
	, 45180
	, 45181
	, 45182
	, 45185
	, 45190
	, 45195
	, 45200
	, 45205
	, 45210
	, 45215
	, 45220
	, 45225
	, 45230
	, 45235
	, 45236
	, 45240
	, 45245
	, 45250
	, 45255
	, 45260
	, 45265
	, 45270
	, 45275
	, 45285
	, 45290
	, 45300
	, 45305
	, 45310
	, 45315
	, 45320
	, 45325
	, 45330
	, 45335
	, 45345
	, 45350
	, 45360
	, 45365
	, 45370
	, 45380
	, 45381
	, 45382
	, 45385
	, 45390
	, 45395
	, 45400
	, 45405
	, 45410
	, 45411
	, 45412
	, 45415
	, 45420
	, 45425
	, 45430
	, 45435
	, 45440
	, 45445
)
/









-- Entidades - Estadistica
DELETE FROM tbl_tipo_estadistica_tpes
WHERE tpes_pk IN (
	23000
	, 23001
	, 23002
	, 23003
	, 23004
	, 23005
	, 23006
	, 23007
)
/

DELETE FROM tbl_entidad_enti
WHERE enti_pk IN (
	23000
	, 23001
	, 23002
	, 23003
	, 23004
	, 23005
	, 23006
	, 23007
)
/






-- Entidades - Tipos de Servicio y sus subservicios
DELETE FROM tbl_entidad_entidad_enen
WHERE enen_entih_pk IN (
	21001
	, 22001
	, 21002
	, 22002
	, 22003
	, 22004
	, 22005
	, 22006
	, 22007
	, 22008
	, 22009
	, 22010
	, 21003
	, 22011
	, 22015
	, 22016
	, 22012
	, 21004
	, 21005
	, 22013
	, 22014
	, 21007
	, 22018
	, 21008
	, 22019
	, 21009
)
/

DELETE FROM tbl_entidad_accion_enac
WHERE enac_enti_pk IN (
	21001
	, 22001
	, 21002
	, 22002
	, 22003
	, 22004
	, 22005
	, 22006
	, 22007
	, 22008
	, 22009
	, 22010
	, 21003
	, 22011
	, 22015
	, 22016
	, 22012
	, 21004
	, 21005
	, 22013
	, 22014
	, 21007
	, 22018
	, 21008
	, 22019
	, 21009
)
/

DELETE FROM tbl_tipo_subservicio_tpss
WHERE tpss_pk IN (
	21001
	, 22001
	, 21002
	, 22002
	, 22003
	, 22004
	, 22005
	, 22006
	, 22007
	, 22008
	, 22009
	, 22010
	, 21003
	, 22011
	, 22015
	, 22016
	, 22012
	, 21004
	, 21005
	, 22013
	, 22014
	, 21007
	, 22018
	, 21008
	, 22019
	, 21009
)
/

DELETE FROM tbl_tipo_servicio_tpsr
WHERE tpsr_pk IN (
	21001
	, 22001
	, 21002
	, 22002
	, 22003
	, 22004
	, 22005
	, 22006
	, 22007
	, 22008
	, 22009
	, 22010
	, 21003
	, 22011
	, 22015
	, 22016
	, 22012
	, 21004
	, 21005
	, 22013
	, 22014
	, 21007
	, 22018
	, 21008
	, 22019
	, 21009
)
/

DELETE FROM tbl_entidad_enti
WHERE enti_pk IN (
	21001
	, 22001
	, 21002
	, 22002
	, 22003
	, 22004
	, 22005
	, 22006
	, 22007
	, 22008
	, 22009
	, 22010
	, 21003
	, 22011
	, 22015
	, 22016
	, 22012
	, 21004
	, 21005
	, 22013
	, 22014
	, 21007
	, 22018
	, 21008
	, 22019
	, 21009
)
/






-- Entidades - Subtipos de parametro
DELETE FROM tbl_entidad_entidad_enen
WHERE enen_entih_pk IN (
24000
	, 24001
	, 24002
	, 24003
	, 24004
	, 24010
	, 24011
)
/

DELETE FROM tbl_tipo_subparametro_tpsp
WHERE tpsp_pk IN (
24000
	, 24001
	, 24002
	, 24003
	, 24004
	, 24010
	, 24011
)
/

DELETE FROM tbl_entidad_enti
WHERE enti_pk IN (
24000
	, 24001
	, 24002
	, 24003
	, 24004
	, 24010
	, 24011
)
/




-- Entidades - Tipos de parametro
DELETE FROM tbl_tipo_parametro_tppr
WHERE tppr_pk IN (
	20001
	, 20002
	, 20003
	, 20004
	, 20005
	, 20006
	, 20007
	, 20008
	, 20009
	, 20010
	, 20011
	, 20012
	, 20013
	, 20014
	, 20015
	, 20016
	, 20017
	, 20018
	, 20019
	, 20020
	, 20021
	, 20022
	, 20023
	, 20024
	, 20025
	, 20026
	, 20027
	, 20028
	, 20029
	, 20030
	, 20031
	, 20032
	, 20033
	, 20034
	, 20035
	, 20036
	, 20037
	, 20038
	, 20039
	, 20040
	, 20041
	, 20042
	, 20043
	, 20044
	, 20045
	, 20046
	, 20047
	, 20048
	, 20049
	, 20050
	, 20051
	, 20052
	, 20053
	, 20054
	, 20055
	, 20056
	, 20057
	, 20058
	, 20059
	, 20060
	, 20061
	, 20062
	, 20063
	, 20064
	, 20065
	, 20066
	, 20067
	, 20068
	, 20069
	, 20070
	, 20071
	, 20072
	, 20073
	, 20074
	, 20075
	, 20076
	, 20077
	, 20078
	, 20079
	, 20080
	, 20081
	, 20082
	, 20083
	, 20084
	, 20085
	, 20086
	, 20087
	, 20088
	, 20089
	, 20090
	, 20091
	, 20093
	, 20094
	, 20095
	, 20096
	, 20097
	, 20098
	, 20099
	, 20100
	, 20101
	, 20102
	, 20103
	, 20104
	, 20105
	, 20106
	, 20107
	, 20108
	, 20109
	, 20110
	, 20111
	, 20112
	, 20113
	, 20114
	, 20115
	, 20116
	, 20117
)
/

DELETE FROM tbl_entidad_enti
WHERE enti_pk IN (
	20001
	, 20002
	, 20003
	, 20004
	, 20005
	, 20006
	, 20007
	, 20008
	, 20009
	, 20010
	, 20011
	, 20012
	, 20013
	, 20014
	, 20015
	, 20016
	, 20017
	, 20018
	, 20019
	, 20020
	, 20021
	, 20022
	, 20023
	, 20024
	, 20025
	, 20026
	, 20027
	, 20028
	, 20029
	, 20030
	, 20031
	, 20032
	, 20033
	, 20034
	, 20035
	, 20036
	, 20037
	, 20038
	, 20039
	, 20040
	, 20041
	, 20042
	, 20043
	, 20044
	, 20045
	, 20046
	, 20047
	, 20048
	, 20049
	, 20050
	, 20051
	, 20052
	, 20053
	, 20054
	, 20055
	, 20056
	, 20057
	, 20058
	, 20059
	, 20060
	, 20061
	, 20062
	, 20063
	, 20064
	, 20065
	, 20066
	, 20067
	, 20068
	, 20069
	, 20070
	, 20071
	, 20072
	, 20073
	, 20074
	, 20075
	, 20076
	, 20077
	, 20078
	, 20079
	, 20080
	, 20081
	, 20082
	, 20083
	, 20084
	, 20085
	, 20086
	, 20087
	, 20088
	, 20089
	, 20090
	, 20091
	, 20093
	, 20094
	, 20095
	, 20096
	, 20097
	, 20098
	, 20099
	, 20100
	, 20101
	, 20102
	, 20103
	, 20104
	, 20105
	, 20106
	, 20107
	, 20108
	, 20109
	, 20110
	, 20111
	, 20112
	, 20113
	, 20114
	, 20115
	, 20116
	, 20117
)
/




-- Tipos de Dato - Codigos de Referencia
DELETE FROM tbl_codigo_referencia_cdrf
WHERE cdrf_tpdt_pk IN (
	43000
	, 43005
	, 43010
	, 43015
	, 43020
	, 43025
	, 43030
	, 43035
	, 43040
	, 43045
	, 43050
	, 43055
	, 43060
	, 43065
	, 43070
	, 43075
	, 43080
	, 43085
	, 43090
	, 43100
	, 43105
	, 43110
	, 43115
	, 43120
	, 43121
	, 43122
	, 43125
	, 43130
	, 43135
	, 43140
	, 43145
	, 43150
	, 43155
	, 43160
	, 43165
	, 43170
	, 43175
	, 43180
	, 43185
	, 43190
	, 43195
	, 43200
	, 43205
	, 43210
	, 43215
	, 43220
	, 43225
	, 43230
	, 43235
	, 43240
	, 43245
	, 43250
	, 43255
	, 43260
	, 43265
	, 43270
	, 43275
	, 43280
	, 43285
	, 43290
	, 43295
	, 43300
	, 43305
	, 43310
	, 43315
	, 43320
	, 43325
	, 43330
	, 43335
	, 43340
	, 43345
	, 43350
	, 43355
	, 43360
	, 43365
	, 43370
	, 43375
	, 43380
	, 43385
	, 43390
	, 43395
	, 43400
	, 43405
	, 43410
	, 43415
	, 43420
	, 43425
	, 43430
	, 43435
	, 43440
	, 43445
	, 43450
	, 43455
	, 43460
	, 43465
	, 43470
	, 43475
	, 43480
	, 43485
	, 43490
	, 43495
	, 43515
	, 43520
	, 43525
	, 43526
	, 43527
	, 43540
	, 43545
)
/

DELETE FROM tbl_tipo_dato_tpdt
WHERE tpdt_pk IN (
	43000
	, 43005
	, 43010
	, 43015
	, 43020
	, 43025
	, 43030
	, 43035
	, 43040
	, 43045
	, 43050
	, 43055
	, 43060
	, 43065
	, 43070
	, 43075
	, 43080
	, 43085
	, 43090
	, 43100
	, 43105
	, 43110
	, 43115
	, 43120
	, 43121
	, 43122
	, 43125
	, 43130
	, 43135
	, 43140
	, 43145
	, 43150
	, 43155
	, 43160
	, 43165
	, 43170
	, 43175
	, 43180
	, 43185
	, 43190
	, 43195
	, 43200
	, 43205
	, 43210
	, 43215
	, 43220
	, 43225
	, 43230
	, 43235
	, 43240
	, 43245
	, 43250
	, 43255
	, 43260
	, 43265
	, 43270
	, 43275
	, 43280
	, 43285
	, 43290
	, 43295
	, 43300
	, 43305
	, 43310
	, 43315
	, 43320
	, 43325
	, 43330
	, 43335
	, 43340
	, 43345
	, 43350
	, 43355
	, 43360
	, 43365
	, 43370
	, 43375
	, 43380
	, 43385
	, 43390
	, 43395
	, 43400
	, 43405
	, 43410
	, 43415
	, 43420
	, 43425
	, 43430
	, 43435
	, 43440
	, 43445
	, 43450
	, 43455
	, 43460
	, 43465
	, 43470
	, 43475
	, 43480
	, 43485
	, 43490
	, 43495
	, 43515
	, 43520
	, 43525
	, 43526
	, 43527
	, 43540
	, 43545
)
/




-- Tipos de Dato - Simples
DELETE FROM tbl_tipo_dato_tpdt
WHERE tpdt_pk IN (
	41000
	, 41001
	, 41002
	, 41003
	, 41004
	, 41005
	, 41006
	, 41007
	, 41008
	, 41009
	, 41010
	, 41011
	, 41012
	, 41013
	, 41014
	, 41015
	, 41016
	, 41017
	, 41018
	, 41019

	, 41020
	, 41021
	, 41022
	, 41023
	, 41024
	, 41025
	, 41026
	, 41027
	, 41028
	, 41029
	, 41030
	, 41031
	, 41032
	, 41033
	, 41034

	, 41040
	, 41041
	, 41042
	, 41043
	, 41044
	, 41045
	, 41046
	, 41047
	, 41048
	, 41049
	, 41050
	, 41051
	, 41052
	, 41053
	, 41054
	, 41055
	, 41056
	, 41057
	, 41058
	, 41059

	, 41060
	, 41061
	, 41062
	, 41063
	, 41064
	, 41065
	, 41066
	, 41067
	, 41068
	, 41069
	, 41070
	, 41071
	, 41072
	, 41073
	, 41074
	, 41075
	, 41076
	, 41077
	, 41078
	, 41079

	, 41080
	, 41081
	, 41082
	, 41083
	, 41084

	, 41100
	, 41101
	, 41102
	, 41103
	, 41104

	, 41120
	, 41121
	, 41122
	, 41123
	, 41124
)
/
