-- // 0_0_1 Load Entidad TipoDato
-- Migration SQL that makes the change goes here.

-- Secuencias
INSERT INTO portico.tbl_ig(ig_nombre, ig_inicio, ig_fin, ig_incremento, ig_cache, ig_ultimo)
VALUES ('sq_integra', 1000000, NULL, 1, 1000, 1000000);

-- Tipos de Dato - Simples
INSERT INTO portico.tbl_tipo_dato_tpdt (tpdt_pk, tpdt_tipo_html, tpdt_tipo_elemento, tpdt_enti_pk, tpdt_codigo, tpdt_nombre) VALUES (41000, 'CB', 'BO', NULL , 'BOOLEANO_01', 'Booleano 01');
INSERT INTO portico.tbl_tipo_dato_tpdt (tpdt_pk, tpdt_tipo_html, tpdt_tipo_elemento, tpdt_enti_pk, tpdt_codigo, tpdt_nombre) VALUES (41001, 'CB', 'BO', NULL , 'BOOLEANO_02', 'Booleano 02');
INSERT INTO portico.tbl_tipo_dato_tpdt (tpdt_pk, tpdt_tipo_html, tpdt_tipo_elemento, tpdt_enti_pk, tpdt_codigo, tpdt_nombre) VALUES (41002, 'CB', 'BO', NULL , 'BOOLEANO_03', 'Booleano 03');
INSERT INTO portico.tbl_tipo_dato_tpdt (tpdt_pk, tpdt_tipo_html, tpdt_tipo_elemento, tpdt_enti_pk, tpdt_codigo, tpdt_nombre) VALUES (41003, 'CB', 'BO', NULL , 'BOOLEANO_04', 'Booleano 04');
INSERT INTO portico.tbl_tipo_dato_tpdt (tpdt_pk, tpdt_tipo_html, tpdt_tipo_elemento, tpdt_enti_pk, tpdt_codigo, tpdt_nombre) VALUES (41004, 'CB', 'BO', NULL , 'BOOLEANO_05', 'Booleano 05');
INSERT INTO portico.tbl_tipo_dato_tpdt (tpdt_pk, tpdt_tipo_html, tpdt_tipo_elemento, tpdt_enti_pk, tpdt_codigo, tpdt_nombre) VALUES (41005, 'CB', 'BO', NULL , 'BOOLEANO_06', 'Booleano 06');
INSERT INTO portico.tbl_tipo_dato_tpdt (tpdt_pk, tpdt_tipo_html, tpdt_tipo_elemento, tpdt_enti_pk, tpdt_codigo, tpdt_nombre) VALUES (41006, 'CB', 'BO', NULL , 'BOOLEANO_07', 'Booleano 07');
INSERT INTO portico.tbl_tipo_dato_tpdt (tpdt_pk, tpdt_tipo_html, tpdt_tipo_elemento, tpdt_enti_pk, tpdt_codigo, tpdt_nombre) VALUES (41007, 'CB', 'BO', NULL , 'BOOLEANO_08', 'Booleano 08');
INSERT INTO portico.tbl_tipo_dato_tpdt (tpdt_pk, tpdt_tipo_html, tpdt_tipo_elemento, tpdt_enti_pk, tpdt_codigo, tpdt_nombre) VALUES (41008, 'CB', 'BO', NULL , 'BOOLEANO_09', 'Booleano 09');
INSERT INTO portico.tbl_tipo_dato_tpdt (tpdt_pk, tpdt_tipo_html, tpdt_tipo_elemento, tpdt_enti_pk, tpdt_codigo, tpdt_nombre) VALUES (41009, 'CB', 'BO', NULL , 'BOOLEANO_10', 'Booleano 10');
INSERT INTO portico.tbl_tipo_dato_tpdt (tpdt_pk, tpdt_tipo_html, tpdt_tipo_elemento, tpdt_enti_pk, tpdt_codigo, tpdt_nombre) VALUES (41010, 'CB', 'BO', NULL , 'BOOLEANO_11', 'Booleano 11');
INSERT INTO portico.tbl_tipo_dato_tpdt (tpdt_pk, tpdt_tipo_html, tpdt_tipo_elemento, tpdt_enti_pk, tpdt_codigo, tpdt_nombre) VALUES (41011, 'CB', 'BO', NULL , 'BOOLEANO_12', 'Booleano 12');
INSERT INTO portico.tbl_tipo_dato_tpdt (tpdt_pk, tpdt_tipo_html, tpdt_tipo_elemento, tpdt_enti_pk, tpdt_codigo, tpdt_nombre) VALUES (41012, 'CB', 'BO', NULL , 'BOOLEANO_13', 'Booleano 13');
INSERT INTO portico.tbl_tipo_dato_tpdt (tpdt_pk, tpdt_tipo_html, tpdt_tipo_elemento, tpdt_enti_pk, tpdt_codigo, tpdt_nombre) VALUES (41013, 'CB', 'BO', NULL , 'BOOLEANO_14', 'Booleano 14');
INSERT INTO portico.tbl_tipo_dato_tpdt (tpdt_pk, tpdt_tipo_html, tpdt_tipo_elemento, tpdt_enti_pk, tpdt_codigo, tpdt_nombre) VALUES (41014, 'CB', 'BO', NULL , 'BOOLEANO_15', 'Booleano 15');
INSERT INTO portico.tbl_tipo_dato_tpdt (tpdt_pk, tpdt_tipo_html, tpdt_tipo_elemento, tpdt_enti_pk, tpdt_codigo, tpdt_nombre) VALUES (41015, 'CB', 'BO', NULL , 'BOOLEANO_16', 'Booleano 16');
INSERT INTO portico.tbl_tipo_dato_tpdt (tpdt_pk, tpdt_tipo_html, tpdt_tipo_elemento, tpdt_enti_pk, tpdt_codigo, tpdt_nombre) VALUES (41016, 'CB', 'BO', NULL , 'BOOLEANO_17', 'Booleano 17');
INSERT INTO portico.tbl_tipo_dato_tpdt (tpdt_pk, tpdt_tipo_html, tpdt_tipo_elemento, tpdt_enti_pk, tpdt_codigo, tpdt_nombre) VALUES (41017, 'CB', 'BO', NULL , 'BOOLEANO_18', 'Booleano 18');
INSERT INTO portico.tbl_tipo_dato_tpdt (tpdt_pk, tpdt_tipo_html, tpdt_tipo_elemento, tpdt_enti_pk, tpdt_codigo, tpdt_nombre) VALUES (41018, 'CB', 'BO', NULL , 'BOOLEANO_19', 'Booleano 19');
INSERT INTO portico.tbl_tipo_dato_tpdt (tpdt_pk, tpdt_tipo_html, tpdt_tipo_elemento, tpdt_enti_pk, tpdt_codigo, tpdt_nombre) VALUES (41019, 'CB', 'BO', NULL , 'BOOLEANO_20', 'Booleano 20');

INSERT INTO portico.tbl_tipo_dato_tpdt (tpdt_pk, tpdt_tipo_html, tpdt_tipo_elemento, tpdt_enti_pk, tpdt_codigo, tpdt_nombre) VALUES (41020,  'T', 'TX', NULL , 'CADENA_01', 'Cadena 01');
INSERT INTO portico.tbl_tipo_dato_tpdt (tpdt_pk, tpdt_tipo_html, tpdt_tipo_elemento, tpdt_enti_pk, tpdt_codigo, tpdt_nombre) VALUES (41021,  'T', 'TX', NULL , 'CADENA_02', 'Cadena 02');
INSERT INTO portico.tbl_tipo_dato_tpdt (tpdt_pk, tpdt_tipo_html, tpdt_tipo_elemento, tpdt_enti_pk, tpdt_codigo, tpdt_nombre) VALUES (41022,  'T', 'TX', NULL , 'CADENA_03', 'Cadena 03');
INSERT INTO portico.tbl_tipo_dato_tpdt (tpdt_pk, tpdt_tipo_html, tpdt_tipo_elemento, tpdt_enti_pk, tpdt_codigo, tpdt_nombre) VALUES (41023,  'T', 'TX', NULL , 'CADENA_04', 'Cadena 04');
INSERT INTO portico.tbl_tipo_dato_tpdt (tpdt_pk, tpdt_tipo_html, tpdt_tipo_elemento, tpdt_enti_pk, tpdt_codigo, tpdt_nombre) VALUES (41024,  'T', 'TX', NULL , 'CADENA_05', 'Cadena 05');
INSERT INTO portico.tbl_tipo_dato_tpdt (tpdt_pk, tpdt_tipo_html, tpdt_tipo_elemento, tpdt_enti_pk, tpdt_codigo, tpdt_nombre) VALUES (41025,  'T', 'TX', NULL , 'CADENA_06', 'Cadena 06');
INSERT INTO portico.tbl_tipo_dato_tpdt (tpdt_pk, tpdt_tipo_html, tpdt_tipo_elemento, tpdt_enti_pk, tpdt_codigo, tpdt_nombre) VALUES (41026,  'T', 'TX', NULL , 'CADENA_07', 'Cadena 07');
INSERT INTO portico.tbl_tipo_dato_tpdt (tpdt_pk, tpdt_tipo_html, tpdt_tipo_elemento, tpdt_enti_pk, tpdt_codigo, tpdt_nombre) VALUES (41027,  'T', 'TX', NULL , 'CADENA_08', 'Cadena 08');
INSERT INTO portico.tbl_tipo_dato_tpdt (tpdt_pk, tpdt_tipo_html, tpdt_tipo_elemento, tpdt_enti_pk, tpdt_codigo, tpdt_nombre) VALUES (41028,  'T', 'TX', NULL , 'CADENA_09', 'Cadena 09');
INSERT INTO portico.tbl_tipo_dato_tpdt (tpdt_pk, tpdt_tipo_html, tpdt_tipo_elemento, tpdt_enti_pk, tpdt_codigo, tpdt_nombre) VALUES (41029,  'T', 'TX', NULL , 'CADENA_10', 'Cadena 10');
INSERT INTO portico.tbl_tipo_dato_tpdt (tpdt_pk, tpdt_tipo_html, tpdt_tipo_elemento, tpdt_enti_pk, tpdt_codigo, tpdt_nombre) VALUES (41030,  'T', 'TX', NULL , 'CADENA_11', 'Cadena 11');
INSERT INTO portico.tbl_tipo_dato_tpdt (tpdt_pk, tpdt_tipo_html, tpdt_tipo_elemento, tpdt_enti_pk, tpdt_codigo, tpdt_nombre) VALUES (41031,  'T', 'TX', NULL , 'CADENA_12', 'Cadena 12');
INSERT INTO portico.tbl_tipo_dato_tpdt (tpdt_pk, tpdt_tipo_html, tpdt_tipo_elemento, tpdt_enti_pk, tpdt_codigo, tpdt_nombre) VALUES (41032,  'T', 'TX', NULL , 'CADENA_13', 'Cadena 13');
INSERT INTO portico.tbl_tipo_dato_tpdt (tpdt_pk, tpdt_tipo_html, tpdt_tipo_elemento, tpdt_enti_pk, tpdt_codigo, tpdt_nombre) VALUES (41033,  'T', 'TX', NULL , 'CADENA_14', 'Cadena 14');
INSERT INTO portico.tbl_tipo_dato_tpdt (tpdt_pk, tpdt_tipo_html, tpdt_tipo_elemento, tpdt_enti_pk, tpdt_codigo, tpdt_nombre) VALUES (41034,  'T', 'TX', NULL , 'CADENA_15', 'Cadena 15');

INSERT INTO portico.tbl_tipo_dato_tpdt (tpdt_pk, tpdt_tipo_html, tpdt_tipo_elemento, tpdt_enti_pk, tpdt_codigo, tpdt_nombre) VALUES (41040,  'T', 'ND', NULL , 'DECIMAL_01', 'Decimal 01');
INSERT INTO portico.tbl_tipo_dato_tpdt (tpdt_pk, tpdt_tipo_html, tpdt_tipo_elemento, tpdt_enti_pk, tpdt_codigo, tpdt_nombre) VALUES (41041,  'T', 'ND', NULL , 'DECIMAL_02', 'Decimal 02');
INSERT INTO portico.tbl_tipo_dato_tpdt (tpdt_pk, tpdt_tipo_html, tpdt_tipo_elemento, tpdt_enti_pk, tpdt_codigo, tpdt_nombre) VALUES (41042,  'T', 'ND', NULL , 'DECIMAL_03', 'Decimal 03');
INSERT INTO portico.tbl_tipo_dato_tpdt (tpdt_pk, tpdt_tipo_html, tpdt_tipo_elemento, tpdt_enti_pk, tpdt_codigo, tpdt_nombre) VALUES (41043,  'T', 'ND', NULL , 'DECIMAL_04', 'Decimal 04');
INSERT INTO portico.tbl_tipo_dato_tpdt (tpdt_pk, tpdt_tipo_html, tpdt_tipo_elemento, tpdt_enti_pk, tpdt_codigo, tpdt_nombre) VALUES (41044,  'T', 'ND', NULL , 'DECIMAL_05', 'Decimal 05');
INSERT INTO portico.tbl_tipo_dato_tpdt (tpdt_pk, tpdt_tipo_html, tpdt_tipo_elemento, tpdt_enti_pk, tpdt_codigo, tpdt_nombre) VALUES (41045,  'T', 'ND', NULL , 'DECIMAL_06', 'Decimal 06');
INSERT INTO portico.tbl_tipo_dato_tpdt (tpdt_pk, tpdt_tipo_html, tpdt_tipo_elemento, tpdt_enti_pk, tpdt_codigo, tpdt_nombre) VALUES (41046,  'T', 'ND', NULL , 'DECIMAL_07', 'Decimal 07');
INSERT INTO portico.tbl_tipo_dato_tpdt (tpdt_pk, tpdt_tipo_html, tpdt_tipo_elemento, tpdt_enti_pk, tpdt_codigo, tpdt_nombre) VALUES (41047,  'T', 'ND', NULL , 'DECIMAL_08', 'Decimal 08');
INSERT INTO portico.tbl_tipo_dato_tpdt (tpdt_pk, tpdt_tipo_html, tpdt_tipo_elemento, tpdt_enti_pk, tpdt_codigo, tpdt_nombre) VALUES (41048,  'T', 'ND', NULL , 'DECIMAL_09', 'Decimal 09');
INSERT INTO portico.tbl_tipo_dato_tpdt (tpdt_pk, tpdt_tipo_html, tpdt_tipo_elemento, tpdt_enti_pk, tpdt_codigo, tpdt_nombre) VALUES (41049,  'T', 'ND', NULL , 'DECIMAL_10', 'Decimal 10');
INSERT INTO portico.tbl_tipo_dato_tpdt (tpdt_pk, tpdt_tipo_html, tpdt_tipo_elemento, tpdt_enti_pk, tpdt_codigo, tpdt_nombre) VALUES (41050,  'T', 'ND', NULL , 'DECIMAL_11', 'Decimal 11');
INSERT INTO portico.tbl_tipo_dato_tpdt (tpdt_pk, tpdt_tipo_html, tpdt_tipo_elemento, tpdt_enti_pk, tpdt_codigo, tpdt_nombre) VALUES (41051,  'T', 'ND', NULL , 'DECIMAL_12', 'Decimal 12');
INSERT INTO portico.tbl_tipo_dato_tpdt (tpdt_pk, tpdt_tipo_html, tpdt_tipo_elemento, tpdt_enti_pk, tpdt_codigo, tpdt_nombre) VALUES (41052,  'T', 'ND', NULL , 'DECIMAL_13', 'Decimal 13');
INSERT INTO portico.tbl_tipo_dato_tpdt (tpdt_pk, tpdt_tipo_html, tpdt_tipo_elemento, tpdt_enti_pk, tpdt_codigo, tpdt_nombre) VALUES (41053,  'T', 'ND', NULL , 'DECIMAL_14', 'Decimal 14');
INSERT INTO portico.tbl_tipo_dato_tpdt (tpdt_pk, tpdt_tipo_html, tpdt_tipo_elemento, tpdt_enti_pk, tpdt_codigo, tpdt_nombre) VALUES (41054,  'T', 'ND', NULL , 'DECIMAL_15', 'Decimal 15');
INSERT INTO portico.tbl_tipo_dato_tpdt (tpdt_pk, tpdt_tipo_html, tpdt_tipo_elemento, tpdt_enti_pk, tpdt_codigo, tpdt_nombre) VALUES (41055,  'T', 'ND', NULL , 'DECIMAL_16', 'Decimal 16');
INSERT INTO portico.tbl_tipo_dato_tpdt (tpdt_pk, tpdt_tipo_html, tpdt_tipo_elemento, tpdt_enti_pk, tpdt_codigo, tpdt_nombre) VALUES (41056,  'T', 'ND', NULL , 'DECIMAL_17', 'Decimal 17');
INSERT INTO portico.tbl_tipo_dato_tpdt (tpdt_pk, tpdt_tipo_html, tpdt_tipo_elemento, tpdt_enti_pk, tpdt_codigo, tpdt_nombre) VALUES (41057,  'T', 'ND', NULL , 'DECIMAL_18', 'Decimal 18');
INSERT INTO portico.tbl_tipo_dato_tpdt (tpdt_pk, tpdt_tipo_html, tpdt_tipo_elemento, tpdt_enti_pk, tpdt_codigo, tpdt_nombre) VALUES (41058,  'T', 'ND', NULL , 'DECIMAL_19', 'Decimal 19');
INSERT INTO portico.tbl_tipo_dato_tpdt (tpdt_pk, tpdt_tipo_html, tpdt_tipo_elemento, tpdt_enti_pk, tpdt_codigo, tpdt_nombre) VALUES (41059,  'T', 'ND', NULL , 'DECIMAL_20', 'Decimal 20');

INSERT INTO portico.tbl_tipo_dato_tpdt (tpdt_pk, tpdt_tipo_html, tpdt_tipo_elemento, tpdt_enti_pk, tpdt_codigo, tpdt_nombre) VALUES (41060,  'T', 'NE', NULL , 'ENTERO_01', 'Entero 01');
INSERT INTO portico.tbl_tipo_dato_tpdt (tpdt_pk, tpdt_tipo_html, tpdt_tipo_elemento, tpdt_enti_pk, tpdt_codigo, tpdt_nombre) VALUES (41061,  'T', 'NE', NULL , 'ENTERO_02', 'Entero 02');
INSERT INTO portico.tbl_tipo_dato_tpdt (tpdt_pk, tpdt_tipo_html, tpdt_tipo_elemento, tpdt_enti_pk, tpdt_codigo, tpdt_nombre) VALUES (41062,  'T', 'NE', NULL , 'ENTERO_03', 'Entero 03');
INSERT INTO portico.tbl_tipo_dato_tpdt (tpdt_pk, tpdt_tipo_html, tpdt_tipo_elemento, tpdt_enti_pk, tpdt_codigo, tpdt_nombre) VALUES (41063,  'T', 'NE', NULL , 'ENTERO_04', 'Entero 04');
INSERT INTO portico.tbl_tipo_dato_tpdt (tpdt_pk, tpdt_tipo_html, tpdt_tipo_elemento, tpdt_enti_pk, tpdt_codigo, tpdt_nombre) VALUES (41064,  'T', 'NE', NULL , 'ENTERO_05', 'Entero 05');
INSERT INTO portico.tbl_tipo_dato_tpdt (tpdt_pk, tpdt_tipo_html, tpdt_tipo_elemento, tpdt_enti_pk, tpdt_codigo, tpdt_nombre) VALUES (41065,  'T', 'NE', NULL , 'ENTERO_06', 'Entero 06');
INSERT INTO portico.tbl_tipo_dato_tpdt (tpdt_pk, tpdt_tipo_html, tpdt_tipo_elemento, tpdt_enti_pk, tpdt_codigo, tpdt_nombre) VALUES (41066,  'T', 'NE', NULL , 'ENTERO_07', 'Entero 07');
INSERT INTO portico.tbl_tipo_dato_tpdt (tpdt_pk, tpdt_tipo_html, tpdt_tipo_elemento, tpdt_enti_pk, tpdt_codigo, tpdt_nombre) VALUES (41067,  'T', 'NE', NULL , 'ENTERO_08', 'Entero 08');
INSERT INTO portico.tbl_tipo_dato_tpdt (tpdt_pk, tpdt_tipo_html, tpdt_tipo_elemento, tpdt_enti_pk, tpdt_codigo, tpdt_nombre) VALUES (41068,  'T', 'NE', NULL , 'ENTERO_09', 'Entero 09');
INSERT INTO portico.tbl_tipo_dato_tpdt (tpdt_pk, tpdt_tipo_html, tpdt_tipo_elemento, tpdt_enti_pk, tpdt_codigo, tpdt_nombre) VALUES (41069,  'T', 'NE', NULL , 'ENTERO_10', 'Entero 10');
INSERT INTO portico.tbl_tipo_dato_tpdt (tpdt_pk, tpdt_tipo_html, tpdt_tipo_elemento, tpdt_enti_pk, tpdt_codigo, tpdt_nombre) VALUES (41070,  'T', 'NE', NULL , 'ENTERO_11', 'Entero 11');
INSERT INTO portico.tbl_tipo_dato_tpdt (tpdt_pk, tpdt_tipo_html, tpdt_tipo_elemento, tpdt_enti_pk, tpdt_codigo, tpdt_nombre) VALUES (41071,  'T', 'NE', NULL , 'ENTERO_12', 'Entero 12');
INSERT INTO portico.tbl_tipo_dato_tpdt (tpdt_pk, tpdt_tipo_html, tpdt_tipo_elemento, tpdt_enti_pk, tpdt_codigo, tpdt_nombre) VALUES (41072,  'T', 'NE', NULL , 'ENTERO_13', 'Entero 13');
INSERT INTO portico.tbl_tipo_dato_tpdt (tpdt_pk, tpdt_tipo_html, tpdt_tipo_elemento, tpdt_enti_pk, tpdt_codigo, tpdt_nombre) VALUES (41073,  'T', 'NE', NULL , 'ENTERO_14', 'Entero 14');
INSERT INTO portico.tbl_tipo_dato_tpdt (tpdt_pk, tpdt_tipo_html, tpdt_tipo_elemento, tpdt_enti_pk, tpdt_codigo, tpdt_nombre) VALUES (41074,  'T', 'NE', NULL , 'ENTERO_15', 'Entero 15');
INSERT INTO portico.tbl_tipo_dato_tpdt (tpdt_pk, tpdt_tipo_html, tpdt_tipo_elemento, tpdt_enti_pk, tpdt_codigo, tpdt_nombre) VALUES (41075,  'T', 'NE', NULL , 'ENTERO_16', 'Entero 16');
INSERT INTO portico.tbl_tipo_dato_tpdt (tpdt_pk, tpdt_tipo_html, tpdt_tipo_elemento, tpdt_enti_pk, tpdt_codigo, tpdt_nombre) VALUES (41076,  'T', 'NE', NULL , 'ENTERO_17', 'Entero 17');
INSERT INTO portico.tbl_tipo_dato_tpdt (tpdt_pk, tpdt_tipo_html, tpdt_tipo_elemento, tpdt_enti_pk, tpdt_codigo, tpdt_nombre) VALUES (41077,  'T', 'NE', NULL , 'ENTERO_18', 'Entero 18');
INSERT INTO portico.tbl_tipo_dato_tpdt (tpdt_pk, tpdt_tipo_html, tpdt_tipo_elemento, tpdt_enti_pk, tpdt_codigo, tpdt_nombre) VALUES (41078,  'T', 'NE', NULL , 'ENTERO_19', 'Entero 19');
INSERT INTO portico.tbl_tipo_dato_tpdt (tpdt_pk, tpdt_tipo_html, tpdt_tipo_elemento, tpdt_enti_pk, tpdt_codigo, tpdt_nombre) VALUES (41079,  'T', 'NE', NULL , 'ENTERO_20', 'Entero 20');

INSERT INTO portico.tbl_tipo_dato_tpdt (tpdt_pk, tpdt_tipo_html, tpdt_tipo_elemento, tpdt_enti_pk, tpdt_codigo, tpdt_nombre) VALUES (41080, 'TA', 'TX', NULL , 'TEXTO_01', 'Texto 01');
INSERT INTO portico.tbl_tipo_dato_tpdt (tpdt_pk, tpdt_tipo_html, tpdt_tipo_elemento, tpdt_enti_pk, tpdt_codigo, tpdt_nombre) VALUES (41081, 'TA', 'TX', NULL , 'TEXTO_02', 'Texto 02');
INSERT INTO portico.tbl_tipo_dato_tpdt (tpdt_pk, tpdt_tipo_html, tpdt_tipo_elemento, tpdt_enti_pk, tpdt_codigo, tpdt_nombre) VALUES (41082, 'TA', 'TX', NULL , 'TEXTO_03', 'Texto 03');
INSERT INTO portico.tbl_tipo_dato_tpdt (tpdt_pk, tpdt_tipo_html, tpdt_tipo_elemento, tpdt_enti_pk, tpdt_codigo, tpdt_nombre) VALUES (41083, 'TA', 'TX', NULL , 'TEXTO_04', 'Texto 04');
INSERT INTO portico.tbl_tipo_dato_tpdt (tpdt_pk, tpdt_tipo_html, tpdt_tipo_elemento, tpdt_enti_pk, tpdt_codigo, tpdt_nombre) VALUES (41084, 'TA', 'TX', NULL , 'TEXTO_05', 'Texto 05');

INSERT INTO portico.tbl_tipo_dato_tpdt (tpdt_pk, tpdt_tipo_html, tpdt_tipo_elemento, tpdt_enti_pk, tpdt_codigo, tpdt_nombre) VALUES (41100,  'D', 'FE', NULL , 'FECHA_01', 'Fecha 01');
INSERT INTO portico.tbl_tipo_dato_tpdt (tpdt_pk, tpdt_tipo_html, tpdt_tipo_elemento, tpdt_enti_pk, tpdt_codigo, tpdt_nombre) VALUES (41101,  'D', 'FE', NULL , 'FECHA_02', 'Fecha 02');
INSERT INTO portico.tbl_tipo_dato_tpdt (tpdt_pk, tpdt_tipo_html, tpdt_tipo_elemento, tpdt_enti_pk, tpdt_codigo, tpdt_nombre) VALUES (41102,  'D', 'FE', NULL , 'FECHA_03', 'Fecha 03');
INSERT INTO portico.tbl_tipo_dato_tpdt (tpdt_pk, tpdt_tipo_html, tpdt_tipo_elemento, tpdt_enti_pk, tpdt_codigo, tpdt_nombre) VALUES (41103,  'D', 'FE', NULL , 'FECHA_04', 'Fecha 04');
INSERT INTO portico.tbl_tipo_dato_tpdt (tpdt_pk, tpdt_tipo_html, tpdt_tipo_elemento, tpdt_enti_pk, tpdt_codigo, tpdt_nombre) VALUES (41104,  'D', 'FE', NULL , 'FECHA_05', 'Fecha 05');

INSERT INTO portico.tbl_tipo_dato_tpdt (tpdt_pk, tpdt_tipo_html, tpdt_tipo_elemento, tpdt_enti_pk, tpdt_codigo, tpdt_nombre) VALUES (41120, 'DT', 'FH', NULL , 'FECHAHORA_01', 'Fecha-Hora 01');
INSERT INTO portico.tbl_tipo_dato_tpdt (tpdt_pk, tpdt_tipo_html, tpdt_tipo_elemento, tpdt_enti_pk, tpdt_codigo, tpdt_nombre) VALUES (41121, 'DT', 'FH', NULL , 'FECHAHORA_02', 'Fecha-Hora 02');
INSERT INTO portico.tbl_tipo_dato_tpdt (tpdt_pk, tpdt_tipo_html, tpdt_tipo_elemento, tpdt_enti_pk, tpdt_codigo, tpdt_nombre) VALUES (41122, 'DT', 'FH', NULL , 'FECHAHORA_03', 'Fecha-Hora 03');
INSERT INTO portico.tbl_tipo_dato_tpdt (tpdt_pk, tpdt_tipo_html, tpdt_tipo_elemento, tpdt_enti_pk, tpdt_codigo, tpdt_nombre) VALUES (41123, 'DT', 'FH', NULL , 'FECHAHORA_04', 'Fecha-Hora 04');
INSERT INTO portico.tbl_tipo_dato_tpdt (tpdt_pk, tpdt_tipo_html, tpdt_tipo_elemento, tpdt_enti_pk, tpdt_codigo, tpdt_nombre) VALUES (41124, 'DT', 'FH', NULL , 'FECHAHORA_05', 'Fecha-Hora 05');

-- Tipos de Dato - Codigos de Referencia
/*
SELECT 'INSERT INTO portico.tbl_codigo_ref_i18n_cdri (cdri_cdrf_pk, cdri_idioma, cdri_texto) VALUES (' || cdrf_pk || ', ''es_ES'', ''' || cdrf_valor || ''');' AS sql
FROM portico.tbl_codigo_ref_cdrf
WHERE NOT EXISTS (
	SELECT 1
	FROM portico.tbl_codigo_ref_i18n_cdri
	WHERE cdri_cdrf_pk = cdrf_pk
		AND cdri_idioma = 'es_ES'
)
ORDER BY cdrf_pk;

SELECT 'cdrf_' || tpdt_codigo || '_' || cdrf_valor || ' = ' || cdri_texto AS propertyRb
FROM 
	portico.tbl_codigo_ref_cdrf 
	INNER JOIN portico.tbl_tipo_dato_tpdt ON
		tpdt_pk = cdrf_tpdt_pk
	INNER JOIN portico.tbl_codigo_ref_i18n_cdri ON
		cdri_cdrf_pk = cdrf_pk
ORDER BY tpdt_codigo, cdrf_orden, cdri_idioma 
;


SELECT 'cdrf_' || tpdt_codigo || '_' || cdrf_valor || ' : ''' || cdri_texto || ''', ' AS propertyJs
FROM 
	portico.tbl_codigo_ref_cdrf 
	INNER JOIN portico.tbl_tipo_dato_tpdt ON
		tpdt_pk = cdrf_tpdt_pk
	INNER JOIN portico.tbl_codigo_ref_i18n_cdri ON
		cdri_cdrf_pk = cdrf_pk
ORDER BY tpdt_codigo, cdrf_orden, cdri_idioma 
;
*/
INSERT INTO portico.tbl_tipo_dato_tpdt (tpdt_pk, tpdt_tipo_html, tpdt_tipo_elemento, tpdt_enti_pk, tpdt_codigo, tpdt_nombre) VALUES (43000, 'S', 'CR', NULL , 'COD_EXEN', 'Código de Exención');
    INSERT INTO portico.tbl_codigo_ref_cdrf (cdrf_pk, cdrf_tpdt_pk, cdrf_valor, cdrf_orden) VALUES (50000, portico.getTipoDato('COD_EXEN'), '0', 1);
    INSERT INTO portico.tbl_codigo_ref_cdrf (cdrf_pk, cdrf_tpdt_pk, cdrf_valor, cdrf_orden) VALUES (50001, portico.getTipoDato('COD_EXEN'), '1', 2);
    INSERT INTO portico.tbl_codigo_ref_cdrf (cdrf_pk, cdrf_tpdt_pk, cdrf_valor, cdrf_orden) VALUES (50002, portico.getTipoDato('COD_EXEN'), '2', 3);
    INSERT INTO portico.tbl_codigo_ref_cdrf (cdrf_pk, cdrf_tpdt_pk, cdrf_valor, cdrf_orden) VALUES (50003, portico.getTipoDato('COD_EXEN'), '3', 4);
    INSERT INTO portico.tbl_codigo_ref_cdrf (cdrf_pk, cdrf_tpdt_pk, cdrf_valor, cdrf_orden) VALUES (50004, portico.getTipoDato('COD_EXEN'), '4', 5);
		INSERT INTO portico.tbl_codigo_ref_i18n_cdri (cdri_cdrf_pk, cdri_idioma, cdri_texto) VALUES (50000, 'es_ES', '0');
		INSERT INTO portico.tbl_codigo_ref_i18n_cdri (cdri_cdrf_pk, cdri_idioma, cdri_texto) VALUES (50001, 'es_ES', '1');
		INSERT INTO portico.tbl_codigo_ref_i18n_cdri (cdri_cdrf_pk, cdri_idioma, cdri_texto) VALUES (50002, 'es_ES', '2');
		INSERT INTO portico.tbl_codigo_ref_i18n_cdri (cdri_cdrf_pk, cdri_idioma, cdri_texto) VALUES (50003, 'es_ES', '3');
		INSERT INTO portico.tbl_codigo_ref_i18n_cdri (cdri_cdrf_pk, cdri_idioma, cdri_texto) VALUES (50004, 'es_ES', '4');
INSERT INTO portico.tbl_tipo_dato_tpdt (tpdt_pk, tpdt_tipo_html, tpdt_tipo_elemento, tpdt_enti_pk, tpdt_codigo, tpdt_nombre) VALUES (43005, 'S', 'CR', NULL , 'INDIC_VENTA', 'Indicador de Venta (Pesca)');
    INSERT INTO portico.tbl_codigo_ref_cdrf (cdrf_pk, cdrf_tpdt_pk, cdrf_valor, cdrf_orden) VALUES (50050, portico.getTipoDato('INDIC_VENTA'), 'P', 1);
    INSERT INTO portico.tbl_codigo_ref_cdrf (cdrf_pk, cdrf_tpdt_pk, cdrf_valor, cdrf_orden) VALUES (50051, portico.getTipoDato('INDIC_VENTA'), 'S', 2);
		INSERT INTO portico.tbl_codigo_ref_i18n_cdri (cdri_cdrf_pk, cdri_idioma, cdri_texto) VALUES (50050, 'es_ES', 'P');
		INSERT INTO portico.tbl_codigo_ref_i18n_cdri (cdri_cdrf_pk, cdri_idioma, cdri_texto) VALUES (50051, 'es_ES', 'S');
INSERT INTO portico.tbl_tipo_dato_tpdt (tpdt_pk, tpdt_tipo_html, tpdt_tipo_elemento, tpdt_enti_pk, tpdt_codigo, tpdt_nombre) VALUES (43010, 'T', 'CR', NULL , 'TIPO_GARANTIA', 'Tipo de Garantía');
    INSERT INTO portico.tbl_codigo_ref_cdrf (cdrf_pk, cdrf_tpdt_pk, cdrf_valor, cdrf_orden) VALUES (50100, portico.getTipoDato('TIPO_GARANTIA'), 'PRV', 1);
    INSERT INTO portico.tbl_codigo_ref_cdrf (cdrf_pk, cdrf_tpdt_pk, cdrf_valor, cdrf_orden) VALUES (50101, portico.getTipoDato('TIPO_GARANTIA'), 'POB', 2);
    INSERT INTO portico.tbl_codigo_ref_cdrf (cdrf_pk, cdrf_tpdt_pk, cdrf_valor, cdrf_orden) VALUES (50102, portico.getTipoDato('TIPO_GARANTIA'), 'PEX', 3);
    INSERT INTO portico.tbl_codigo_ref_cdrf (cdrf_pk, cdrf_tpdt_pk, cdrf_valor, cdrf_orden) VALUES (50103, portico.getTipoDato('TIPO_GARANTIA'), 'DOB', 4);
    INSERT INTO portico.tbl_codigo_ref_cdrf (cdrf_pk, cdrf_tpdt_pk, cdrf_valor, cdrf_orden) VALUES (50104, portico.getTipoDato('TIPO_GARANTIA'), 'DEX', 5);
    INSERT INTO portico.tbl_codigo_ref_cdrf (cdrf_pk, cdrf_tpdt_pk, cdrf_valor, cdrf_orden) VALUES (50105, portico.getTipoDato('TIPO_GARANTIA'), 'OTR', 6);
    INSERT INTO portico.tbl_codigo_ref_cdrf (cdrf_pk, cdrf_tpdt_pk, cdrf_valor, cdrf_orden) VALUES (50106, portico.getTipoDato('TIPO_GARANTIA'), 'SUS', 7);
		INSERT INTO portico.tbl_codigo_ref_i18n_cdri (cdri_cdrf_pk, cdri_idioma, cdri_texto) VALUES (50100, 'es_ES', 'PRV');
		INSERT INTO portico.tbl_codigo_ref_i18n_cdri (cdri_cdrf_pk, cdri_idioma, cdri_texto) VALUES (50101, 'es_ES', 'POB');
		INSERT INTO portico.tbl_codigo_ref_i18n_cdri (cdri_cdrf_pk, cdri_idioma, cdri_texto) VALUES (50102, 'es_ES', 'PEX');
		INSERT INTO portico.tbl_codigo_ref_i18n_cdri (cdri_cdrf_pk, cdri_idioma, cdri_texto) VALUES (50103, 'es_ES', 'DOB');
		INSERT INTO portico.tbl_codigo_ref_i18n_cdri (cdri_cdrf_pk, cdri_idioma, cdri_texto) VALUES (50104, 'es_ES', 'DEX');
		INSERT INTO portico.tbl_codigo_ref_i18n_cdri (cdri_cdrf_pk, cdri_idioma, cdri_texto) VALUES (50105, 'es_ES', 'OTR');
		INSERT INTO portico.tbl_codigo_ref_i18n_cdri (cdri_cdrf_pk, cdri_idioma, cdri_texto) VALUES (50106, 'es_ES', 'SUS');
INSERT INTO portico.tbl_tipo_dato_tpdt (tpdt_pk, tpdt_tipo_html, tpdt_tipo_elemento, tpdt_enti_pk, tpdt_codigo, tpdt_nombre) VALUES (43015, 'T', 'CR', NULL , 'CLASE_GARANTIA', 'Clase de Garantía');
    INSERT INTO portico.tbl_codigo_ref_cdrf (cdrf_pk, cdrf_tpdt_pk, cdrf_valor, cdrf_orden) VALUES (50150, portico.getTipoDato('CLASE_GARANTIA'), 'A', 1);
    INSERT INTO portico.tbl_codigo_ref_cdrf (cdrf_pk, cdrf_tpdt_pk, cdrf_valor, cdrf_orden) VALUES (50151, portico.getTipoDato('CLASE_GARANTIA'), 'C', 2);
    INSERT INTO portico.tbl_codigo_ref_cdrf (cdrf_pk, cdrf_tpdt_pk, cdrf_valor, cdrf_orden) VALUES (50152, portico.getTipoDato('CLASE_GARANTIA'), 'D', 3);
    INSERT INTO portico.tbl_codigo_ref_cdrf (cdrf_pk, cdrf_tpdt_pk, cdrf_valor, cdrf_orden) VALUES (50153, portico.getTipoDato('CLASE_GARANTIA'), 'F', 4);
    INSERT INTO portico.tbl_codigo_ref_cdrf (cdrf_pk, cdrf_tpdt_pk, cdrf_valor, cdrf_orden) VALUES (50154, portico.getTipoDato('CLASE_GARANTIA'), 'V', 5);
		INSERT INTO portico.tbl_codigo_ref_i18n_cdri (cdri_cdrf_pk, cdri_idioma, cdri_texto) VALUES (50150, 'es_ES', 'A');
		INSERT INTO portico.tbl_codigo_ref_i18n_cdri (cdri_cdrf_pk, cdri_idioma, cdri_texto) VALUES (50151, 'es_ES', 'C');
		INSERT INTO portico.tbl_codigo_ref_i18n_cdri (cdri_cdrf_pk, cdri_idioma, cdri_texto) VALUES (50152, 'es_ES', 'D');
		INSERT INTO portico.tbl_codigo_ref_i18n_cdri (cdri_cdrf_pk, cdri_idioma, cdri_texto) VALUES (50153, 'es_ES', 'F');
		INSERT INTO portico.tbl_codigo_ref_i18n_cdri (cdri_cdrf_pk, cdri_idioma, cdri_texto) VALUES (50154, 'es_ES', 'V');
INSERT INTO portico.tbl_tipo_dato_tpdt (tpdt_pk, tpdt_tipo_html, tpdt_tipo_elemento, tpdt_enti_pk, tpdt_codigo, tpdt_nombre) VALUES (43020, 'T', 'CR', NULL , 'ANEXO_MARPOL', 'Anexo Marpol');
    INSERT INTO portico.tbl_codigo_ref_cdrf (cdrf_pk, cdrf_tpdt_pk, cdrf_valor, cdrf_orden) VALUES (50200, portico.getTipoDato('ANEXO_MARPOL'), 'I', 1);
    INSERT INTO portico.tbl_codigo_ref_cdrf (cdrf_pk, cdrf_tpdt_pk, cdrf_valor, cdrf_orden) VALUES (50201, portico.getTipoDato('ANEXO_MARPOL'), 'II', 2);
    INSERT INTO portico.tbl_codigo_ref_cdrf (cdrf_pk, cdrf_tpdt_pk, cdrf_valor, cdrf_orden) VALUES (50202, portico.getTipoDato('ANEXO_MARPOL'), 'III', 3);
    INSERT INTO portico.tbl_codigo_ref_cdrf (cdrf_pk, cdrf_tpdt_pk, cdrf_valor, cdrf_orden) VALUES (50203, portico.getTipoDato('ANEXO_MARPOL'), 'IV', 4);
    INSERT INTO portico.tbl_codigo_ref_cdrf (cdrf_pk, cdrf_tpdt_pk, cdrf_valor, cdrf_orden) VALUES (50204, portico.getTipoDato('ANEXO_MARPOL'), 'V', 5);
    INSERT INTO portico.tbl_codigo_ref_cdrf (cdrf_pk, cdrf_tpdt_pk, cdrf_valor, cdrf_orden) VALUES (50205, portico.getTipoDato('ANEXO_MARPOL'), 'VI', 6);
		INSERT INTO portico.tbl_codigo_ref_i18n_cdri (cdri_cdrf_pk, cdri_idioma, cdri_texto) VALUES (50200, 'es_ES', 'I');
		INSERT INTO portico.tbl_codigo_ref_i18n_cdri (cdri_cdrf_pk, cdri_idioma, cdri_texto) VALUES (50201, 'es_ES', 'II');
		INSERT INTO portico.tbl_codigo_ref_i18n_cdri (cdri_cdrf_pk, cdri_idioma, cdri_texto) VALUES (50202, 'es_ES', 'III');
		INSERT INTO portico.tbl_codigo_ref_i18n_cdri (cdri_cdrf_pk, cdri_idioma, cdri_texto) VALUES (50203, 'es_ES', 'IV');
		INSERT INTO portico.tbl_codigo_ref_i18n_cdri (cdri_cdrf_pk, cdri_idioma, cdri_texto) VALUES (50204, 'es_ES', 'V');
		INSERT INTO portico.tbl_codigo_ref_i18n_cdri (cdri_cdrf_pk, cdri_idioma, cdri_texto) VALUES (50205, 'es_ES', 'VI');
INSERT INTO portico.tbl_tipo_dato_tpdt (tpdt_pk, tpdt_tipo_html, tpdt_tipo_elemento, tpdt_enti_pk, tpdt_codigo, tpdt_nombre) VALUES (43025, 'T', 'CR', NULL , 'PRESENT_TIPO_RES', 'Presentación de Tipo de Residuo');
    INSERT INTO portico.tbl_codigo_ref_cdrf (cdrf_pk, cdrf_tpdt_pk, cdrf_valor, cdrf_orden) VALUES (50250, portico.getTipoDato('PRESENT_TIPO_RES'), 'S', 1);
    INSERT INTO portico.tbl_codigo_ref_cdrf (cdrf_pk, cdrf_tpdt_pk, cdrf_valor, cdrf_orden) VALUES (50251, portico.getTipoDato('PRESENT_TIPO_RES'), 'L', 2);
		INSERT INTO portico.tbl_codigo_ref_i18n_cdri (cdri_cdrf_pk, cdri_idioma, cdri_texto) VALUES (50250, 'es_ES', 'S');
		INSERT INTO portico.tbl_codigo_ref_i18n_cdri (cdri_cdrf_pk, cdri_idioma, cdri_texto) VALUES (50251, 'es_ES', 'L');
INSERT INTO portico.tbl_tipo_dato_tpdt (tpdt_pk, tpdt_tipo_html, tpdt_tipo_elemento, tpdt_enti_pk, tpdt_codigo, tpdt_nombre) VALUES (43030, 'S', 'CR', NULL , 'IDIOMA_APLICACION', 'Idioma de la Aplicación');
    INSERT INTO portico.tbl_codigo_ref_cdrf (cdrf_pk, cdrf_tpdt_pk, cdrf_valor, cdrf_orden) VALUES (50300, portico.getTipoDato('IDIOMA_APLICACION'), 'es_ES', 1);
		INSERT INTO portico.tbl_codigo_ref_i18n_cdri (cdri_cdrf_pk, cdri_idioma, cdri_texto) VALUES (50300, 'es_ES', 'es_ES');
INSERT INTO portico.tbl_tipo_dato_tpdt (tpdt_pk, tpdt_tipo_html, tpdt_tipo_elemento, tpdt_enti_pk, tpdt_codigo, tpdt_nombre) VALUES (43035, 'S', 'CR', NULL , 'TIPO_DOCUMENTO', 'Tipo de Documento');
    INSERT INTO portico.tbl_codigo_ref_cdrf (cdrf_pk, cdrf_tpdt_pk, cdrf_valor, cdrf_orden) VALUES (50350, portico.getTipoDato('TIPO_DOCUMENTO'), 'CIF', 1);
    INSERT INTO portico.tbl_codigo_ref_cdrf (cdrf_pk, cdrf_tpdt_pk, cdrf_valor, cdrf_orden) VALUES (50351, portico.getTipoDato('TIPO_DOCUMENTO'), 'NIF', 2);
    INSERT INTO portico.tbl_codigo_ref_cdrf (cdrf_pk, cdrf_tpdt_pk, cdrf_valor, cdrf_orden) VALUES (50352, portico.getTipoDato('TIPO_DOCUMENTO'), 'PAS', 3);
    INSERT INTO portico.tbl_codigo_ref_cdrf (cdrf_pk, cdrf_tpdt_pk, cdrf_valor, cdrf_orden) VALUES (50353, portico.getTipoDato('TIPO_DOCUMENTO'), 'NIE', 4);
    INSERT INTO portico.tbl_codigo_ref_cdrf (cdrf_pk, cdrf_tpdt_pk, cdrf_valor, cdrf_orden) VALUES (50354, portico.getTipoDato('TIPO_DOCUMENTO'), 'OTR', 5);
		INSERT INTO portico.tbl_codigo_ref_i18n_cdri (cdri_cdrf_pk, cdri_idioma, cdri_texto) VALUES (50350, 'es_ES', 'CIF');
		INSERT INTO portico.tbl_codigo_ref_i18n_cdri (cdri_cdrf_pk, cdri_idioma, cdri_texto) VALUES (50351, 'es_ES', 'NIF');
		INSERT INTO portico.tbl_codigo_ref_i18n_cdri (cdri_cdrf_pk, cdri_idioma, cdri_texto) VALUES (50352, 'es_ES', 'PAS - PASAPORTE');
		INSERT INTO portico.tbl_codigo_ref_i18n_cdri (cdri_cdrf_pk, cdri_idioma, cdri_texto) VALUES (50353, 'es_ES', 'NIE');
		INSERT INTO portico.tbl_codigo_ref_i18n_cdri (cdri_cdrf_pk, cdri_idioma, cdri_texto) VALUES (50354, 'es_ES', 'OTR - OTRO');
INSERT INTO portico.tbl_tipo_dato_tpdt (tpdt_pk, tpdt_tipo_html, tpdt_tipo_elemento, tpdt_enti_pk, tpdt_codigo, tpdt_nombre) VALUES (43040, 'S', 'CR', NULL , 'TIPO_BASE_ORGA', 'Tipo Base de Organización');
    INSERT INTO portico.tbl_codigo_ref_cdrf (cdrf_pk, cdrf_tpdt_pk, cdrf_valor, cdrf_orden) VALUES (50400, portico.getTipoDato('TIPO_BASE_ORGA'), 'ADUANA',  1);
    INSERT INTO portico.tbl_codigo_ref_cdrf (cdrf_pk, cdrf_tpdt_pk, cdrf_valor, cdrf_orden) VALUES (50401, portico.getTipoDato('TIPO_BASE_ORGA'), 'APORTU',  2);
    INSERT INTO portico.tbl_codigo_ref_cdrf (cdrf_pk, cdrf_tpdt_pk, cdrf_valor, cdrf_orden) VALUES (50402, portico.getTipoDato('TIPO_BASE_ORGA'), 'ARMADO',  3);
    INSERT INTO portico.tbl_codigo_ref_cdrf (cdrf_pk, cdrf_tpdt_pk, cdrf_valor, cdrf_orden) VALUES (50403, portico.getTipoDato('TIPO_BASE_ORGA'), 'CONCES',  4);
    INSERT INTO portico.tbl_codigo_ref_cdrf (cdrf_pk, cdrf_tpdt_pk, cdrf_valor, cdrf_orden) VALUES (50404, portico.getTipoDato('TIPO_BASE_ORGA'), 'COFRAD',  5);
    INSERT INTO portico.tbl_codigo_ref_cdrf (cdrf_pk, cdrf_tpdt_pk, cdrf_valor, cdrf_orden) VALUES (50405, portico.getTipoDato('TIPO_BASE_ORGA'), 'CONSIG',  6);
    INSERT INTO portico.tbl_codigo_ref_cdrf (cdrf_pk, cdrf_tpdt_pk, cdrf_valor, cdrf_orden) VALUES (50406, portico.getTipoDato('TIPO_BASE_ORGA'), 'NINGUN',  7);
    INSERT INTO portico.tbl_codigo_ref_cdrf (cdrf_pk, cdrf_tpdt_pk, cdrf_valor, cdrf_orden) VALUES (50407, portico.getTipoDato('TIPO_BASE_ORGA'), 'PATDEP',  8);
    INSERT INTO portico.tbl_codigo_ref_cdrf (cdrf_pk, cdrf_tpdt_pk, cdrf_valor, cdrf_orden) VALUES (50408, portico.getTipoDato('TIPO_BASE_ORGA'), 'PATPES',  9);
    INSERT INTO portico.tbl_codigo_ref_cdrf (cdrf_pk, cdrf_tpdt_pk, cdrf_valor, cdrf_orden) VALUES (50409, portico.getTipoDato('TIPO_BASE_ORGA'), 'TALLER', 10);
    INSERT INTO portico.tbl_codigo_ref_cdrf (cdrf_pk, cdrf_tpdt_pk, cdrf_valor, cdrf_orden) VALUES (50410, portico.getTipoDato('TIPO_BASE_ORGA'), 'TRANSE', 11);
    INSERT INTO portico.tbl_codigo_ref_cdrf (cdrf_pk, cdrf_tpdt_pk, cdrf_valor, cdrf_orden) VALUES (50411, portico.getTipoDato('TIPO_BASE_ORGA'), 'TRANSI', 12);
		INSERT INTO portico.tbl_codigo_ref_i18n_cdri (cdri_cdrf_pk, cdri_idioma, cdri_texto) VALUES (50400, 'es_ES', 'ADUANA - ADUANA');
		INSERT INTO portico.tbl_codigo_ref_i18n_cdri (cdri_cdrf_pk, cdri_idioma, cdri_texto) VALUES (50401, 'es_ES', 'APORTU - AUT. PORTUARIA');
		INSERT INTO portico.tbl_codigo_ref_i18n_cdri (cdri_cdrf_pk, cdri_idioma, cdri_texto) VALUES (50402, 'es_ES', 'ARMADO - ARMADOR');
		INSERT INTO portico.tbl_codigo_ref_i18n_cdri (cdri_cdrf_pk, cdri_idioma, cdri_texto) VALUES (50403, 'es_ES', 'CONCES');
		INSERT INTO portico.tbl_codigo_ref_i18n_cdri (cdri_cdrf_pk, cdri_idioma, cdri_texto) VALUES (50404, 'es_ES', 'COFRAD');
		INSERT INTO portico.tbl_codigo_ref_i18n_cdri (cdri_cdrf_pk, cdri_idioma, cdri_texto) VALUES (50405, 'es_ES', 'CONSIG');
		INSERT INTO portico.tbl_codigo_ref_i18n_cdri (cdri_cdrf_pk, cdri_idioma, cdri_texto) VALUES (50406, 'es_ES', 'NINGUN');
		INSERT INTO portico.tbl_codigo_ref_i18n_cdri (cdri_cdrf_pk, cdri_idioma, cdri_texto) VALUES (50407, 'es_ES', 'PATDEP');
		INSERT INTO portico.tbl_codigo_ref_i18n_cdri (cdri_cdrf_pk, cdri_idioma, cdri_texto) VALUES (50408, 'es_ES', 'PATPES');
		INSERT INTO portico.tbl_codigo_ref_i18n_cdri (cdri_cdrf_pk, cdri_idioma, cdri_texto) VALUES (50409, 'es_ES', 'TALLER');
		INSERT INTO portico.tbl_codigo_ref_i18n_cdri (cdri_cdrf_pk, cdri_idioma, cdri_texto) VALUES (50410, 'es_ES', 'TRANSE');
		INSERT INTO portico.tbl_codigo_ref_i18n_cdri (cdri_cdrf_pk, cdri_idioma, cdri_texto) VALUES (50411, 'es_ES', 'TRANSI');
INSERT INTO portico.tbl_tipo_dato_tpdt (tpdt_pk, tpdt_tipo_html, tpdt_tipo_elemento, tpdt_enti_pk, tpdt_codigo, tpdt_nombre) VALUES (43045, 'S', 'CR', NULL , 'TIPO_RED', 'Tipo de Red');
    INSERT INTO portico.tbl_codigo_ref_cdrf (cdrf_pk, cdrf_tpdt_pk, cdrf_valor, cdrf_orden) VALUES (50450, portico.getTipoDato('TIPO_RED'), 'E',  1);
    INSERT INTO portico.tbl_codigo_ref_cdrf (cdrf_pk, cdrf_tpdt_pk, cdrf_valor, cdrf_orden) VALUES (50451, portico.getTipoDato('TIPO_RED'), 'A',  2);
    INSERT INTO portico.tbl_codigo_ref_cdrf (cdrf_pk, cdrf_tpdt_pk, cdrf_valor, cdrf_orden) VALUES (50452, portico.getTipoDato('TIPO_RED'), 'G',  3);
    INSERT INTO portico.tbl_codigo_ref_cdrf (cdrf_pk, cdrf_tpdt_pk, cdrf_valor, cdrf_orden) VALUES (50453, portico.getTipoDato('TIPO_RED'), 'O',  4);
		INSERT INTO portico.tbl_codigo_ref_i18n_cdri (cdri_cdrf_pk, cdri_idioma, cdri_texto) VALUES (50450, 'es_ES', 'E');
		INSERT INTO portico.tbl_codigo_ref_i18n_cdri (cdri_cdrf_pk, cdri_idioma, cdri_texto) VALUES (50451, 'es_ES', 'A');
		INSERT INTO portico.tbl_codigo_ref_i18n_cdri (cdri_cdrf_pk, cdri_idioma, cdri_texto) VALUES (50452, 'es_ES', 'G');
		INSERT INTO portico.tbl_codigo_ref_i18n_cdri (cdri_cdrf_pk, cdri_idioma, cdri_texto) VALUES (50453, 'es_ES', 'O');
INSERT INTO portico.tbl_tipo_dato_tpdt (tpdt_pk, tpdt_tipo_html, tpdt_tipo_elemento, tpdt_enti_pk, tpdt_codigo, tpdt_nombre) VALUES (43050, 'S', 'CR', NULL , 'SUBTIPO_RED', 'Subtipo de Red');
    INSERT INTO portico.tbl_codigo_ref_cdrf (cdrf_pk, cdrf_tpdt_pk, cdrf_valor, cdrf_orden) VALUES (50500, portico.getTipoDato('SUBTIPO_RED'), 'TB',  1);
    INSERT INTO portico.tbl_codigo_ref_cdrf (cdrf_pk, cdrf_tpdt_pk, cdrf_valor, cdrf_orden) VALUES (50501, portico.getTipoDato('SUBTIPO_RED'), 'TA',  2);
    INSERT INTO portico.tbl_codigo_ref_cdrf (cdrf_pk, cdrf_tpdt_pk, cdrf_valor, cdrf_orden) VALUES (50502, portico.getTipoDato('SUBTIPO_RED'), 'TM',  3);
    INSERT INTO portico.tbl_codigo_ref_cdrf (cdrf_pk, cdrf_tpdt_pk, cdrf_valor, cdrf_orden) VALUES (50503, portico.getTipoDato('SUBTIPO_RED'), 'AP',  4);
    INSERT INTO portico.tbl_codigo_ref_cdrf (cdrf_pk, cdrf_tpdt_pk, cdrf_valor, cdrf_orden) VALUES (50504, portico.getTipoDato('SUBTIPO_RED'), 'AR',  5);
		INSERT INTO portico.tbl_codigo_ref_i18n_cdri (cdri_cdrf_pk, cdri_idioma, cdri_texto) VALUES (50500, 'es_ES', 'TB');
		INSERT INTO portico.tbl_codigo_ref_i18n_cdri (cdri_cdrf_pk, cdri_idioma, cdri_texto) VALUES (50501, 'es_ES', 'TA');
		INSERT INTO portico.tbl_codigo_ref_i18n_cdri (cdri_cdrf_pk, cdri_idioma, cdri_texto) VALUES (50502, 'es_ES', 'TM');
		INSERT INTO portico.tbl_codigo_ref_i18n_cdri (cdri_cdrf_pk, cdri_idioma, cdri_texto) VALUES (50503, 'es_ES', 'AP');
		INSERT INTO portico.tbl_codigo_ref_i18n_cdri (cdri_cdrf_pk, cdri_idioma, cdri_texto) VALUES (50504, 'es_ES', 'AR');
INSERT INTO portico.tbl_tipo_dato_tpdt (tpdt_pk, tpdt_tipo_html, tpdt_tipo_elemento, tpdt_enti_pk, tpdt_codigo, tpdt_nombre) VALUES (43055, 'S', 'CR', NULL , 'ESTADO_PRED', 'Estado de Punto de Red');
    INSERT INTO portico.tbl_codigo_ref_cdrf (cdrf_pk, cdrf_tpdt_pk, cdrf_valor, cdrf_orden) VALUES (50550, portico.getTipoDato('ESTADO_PRED'), 'D',  1);
    INSERT INTO portico.tbl_codigo_ref_cdrf (cdrf_pk, cdrf_tpdt_pk, cdrf_valor, cdrf_orden) VALUES (50551, portico.getTipoDato('ESTADO_PRED'), 'N',  2);
		INSERT INTO portico.tbl_codigo_ref_i18n_cdri (cdri_cdrf_pk, cdri_idioma, cdri_texto) VALUES (50550, 'es_ES', 'D');
		INSERT INTO portico.tbl_codigo_ref_i18n_cdri (cdri_cdrf_pk, cdri_idioma, cdri_texto) VALUES (50551, 'es_ES', 'N');
INSERT INTO portico.tbl_tipo_dato_tpdt (tpdt_pk, tpdt_tipo_html, tpdt_tipo_elemento, tpdt_enti_pk, tpdt_codigo, tpdt_nombre) VALUES (43060, 'S', 'CR', NULL , 'UNID_MED_SBT', 'Unidad de Medida SBT Buque');
    INSERT INTO portico.tbl_codigo_ref_cdrf (cdrf_pk, cdrf_tpdt_pk, cdrf_valor, cdrf_orden) VALUES (50600, portico.getTipoDato('UNID_MED_SBT'), 'GT',  1);
    INSERT INTO portico.tbl_codigo_ref_cdrf (cdrf_pk, cdrf_tpdt_pk, cdrf_valor, cdrf_orden) VALUES (50601, portico.getTipoDato('UNID_MED_SBT'), 'M3',  2);
		INSERT INTO portico.tbl_codigo_ref_i18n_cdri (cdri_cdrf_pk, cdri_idioma, cdri_texto) VALUES (50600, 'es_ES', 'GT');
		INSERT INTO portico.tbl_codigo_ref_i18n_cdri (cdri_cdrf_pk, cdri_idioma, cdri_texto) VALUES (50601, 'es_ES', 'M3');
INSERT INTO portico.tbl_tipo_dato_tpdt (tpdt_pk, tpdt_tipo_html, tpdt_tipo_elemento, tpdt_enti_pk, tpdt_codigo, tpdt_nombre) VALUES (43065, 'S', 'CR', NULL , 'ESTADO_MAN_PESC', 'Estado de Manifiesto de Pesca');
    INSERT INTO portico.tbl_codigo_ref_cdrf (cdrf_pk, cdrf_tpdt_pk, cdrf_valor, cdrf_orden) VALUES (50650, portico.getTipoDato('ESTADO_MAN_PESC'), 'R',  1);
		INSERT INTO portico.tbl_codigo_ref_i18n_cdri (cdri_cdrf_pk, cdri_idioma, cdri_texto) VALUES (50650, 'es_ES', 'R');
INSERT INTO portico.tbl_tipo_dato_tpdt (tpdt_pk, tpdt_tipo_html, tpdt_tipo_elemento, tpdt_enti_pk, tpdt_codigo, tpdt_nombre) VALUES (43070, 'S', 'CR', NULL , 'ESTADO_MAN_MERC', 'Estado de Manifiesto de Mercancía');
    INSERT INTO portico.tbl_codigo_ref_cdrf (cdrf_pk, cdrf_tpdt_pk, cdrf_valor, cdrf_orden) VALUES (50700, portico.getTipoDato('ESTADO_MAN_MERC'), 'A',  1);
    INSERT INTO portico.tbl_codigo_ref_cdrf (cdrf_pk, cdrf_tpdt_pk, cdrf_valor, cdrf_orden) VALUES (50701, portico.getTipoDato('ESTADO_MAN_MERC'), 'B',  2);
    INSERT INTO portico.tbl_codigo_ref_cdrf (cdrf_pk, cdrf_tpdt_pk, cdrf_valor, cdrf_orden) VALUES (50702, portico.getTipoDato('ESTADO_MAN_MERC'), 'C',  3);
    INSERT INTO portico.tbl_codigo_ref_cdrf (cdrf_pk, cdrf_tpdt_pk, cdrf_valor, cdrf_orden) VALUES (50703, portico.getTipoDato('ESTADO_MAN_MERC'), 'I',  4);
    INSERT INTO portico.tbl_codigo_ref_cdrf (cdrf_pk, cdrf_tpdt_pk, cdrf_valor, cdrf_orden) VALUES (50704, portico.getTipoDato('ESTADO_MAN_MERC'), 'S',  5);
		INSERT INTO portico.tbl_codigo_ref_i18n_cdri (cdri_cdrf_pk, cdri_idioma, cdri_texto) VALUES (50700, 'es_ES', 'A');
		INSERT INTO portico.tbl_codigo_ref_i18n_cdri (cdri_cdrf_pk, cdri_idioma, cdri_texto) VALUES (50701, 'es_ES', 'B');
		INSERT INTO portico.tbl_codigo_ref_i18n_cdri (cdri_cdrf_pk, cdri_idioma, cdri_texto) VALUES (50702, 'es_ES', 'C');
		INSERT INTO portico.tbl_codigo_ref_i18n_cdri (cdri_cdrf_pk, cdri_idioma, cdri_texto) VALUES (50703, 'es_ES', 'I');
		INSERT INTO portico.tbl_codigo_ref_i18n_cdri (cdri_cdrf_pk, cdri_idioma, cdri_texto) VALUES (50704, 'es_ES', 'S');
INSERT INTO portico.tbl_tipo_dato_tpdt (tpdt_pk, tpdt_tipo_html, tpdt_tipo_elemento, tpdt_enti_pk, tpdt_codigo, tpdt_nombre) VALUES (43075, 'S', 'CR', NULL , 'ESTADO_PART', 'Estado de Partida');
    INSERT INTO portico.tbl_codigo_ref_cdrf (cdrf_pk, cdrf_tpdt_pk, cdrf_valor, cdrf_orden) VALUES (50750, portico.getTipoDato('ESTADO_PART'), 'A',  1);
    INSERT INTO portico.tbl_codigo_ref_cdrf (cdrf_pk, cdrf_tpdt_pk, cdrf_valor, cdrf_orden) VALUES (50751, portico.getTipoDato('ESTADO_PART'), 'B',  2);
    INSERT INTO portico.tbl_codigo_ref_cdrf (cdrf_pk, cdrf_tpdt_pk, cdrf_valor, cdrf_orden) VALUES (50752, portico.getTipoDato('ESTADO_PART'), 'R',  3);
		INSERT INTO portico.tbl_codigo_ref_i18n_cdri (cdri_cdrf_pk, cdri_idioma, cdri_texto) VALUES (50750, 'es_ES', 'A');
		INSERT INTO portico.tbl_codigo_ref_i18n_cdri (cdri_cdrf_pk, cdri_idioma, cdri_texto) VALUES (50751, 'es_ES', 'B');
		INSERT INTO portico.tbl_codigo_ref_i18n_cdri (cdri_cdrf_pk, cdri_idioma, cdri_texto) VALUES (50752, 'es_ES', 'R');
INSERT INTO portico.tbl_tipo_dato_tpdt (tpdt_pk, tpdt_tipo_html, tpdt_tipo_elemento, tpdt_enti_pk, tpdt_codigo, tpdt_nombre) VALUES (43080, 'S', 'CR', NULL , 'ESTADO_EQUI', 'Estado de Equipamiento');
    INSERT INTO portico.tbl_codigo_ref_cdrf (cdrf_pk, cdrf_tpdt_pk, cdrf_valor, cdrf_orden) VALUES (50800, portico.getTipoDato('ESTADO_EQUI'), 'A',  1);
    INSERT INTO portico.tbl_codigo_ref_cdrf (cdrf_pk, cdrf_tpdt_pk, cdrf_valor, cdrf_orden) VALUES (50801, portico.getTipoDato('ESTADO_EQUI'), 'B',  2);
    INSERT INTO portico.tbl_codigo_ref_cdrf (cdrf_pk, cdrf_tpdt_pk, cdrf_valor, cdrf_orden) VALUES (50802, portico.getTipoDato('ESTADO_EQUI'), 'R',  3);
		INSERT INTO portico.tbl_codigo_ref_i18n_cdri (cdri_cdrf_pk, cdri_idioma, cdri_texto) VALUES (50800, 'es_ES', 'A');
		INSERT INTO portico.tbl_codigo_ref_i18n_cdri (cdri_cdrf_pk, cdri_idioma, cdri_texto) VALUES (50801, 'es_ES', 'B');
		INSERT INTO portico.tbl_codigo_ref_i18n_cdri (cdri_cdrf_pk, cdri_idioma, cdri_texto) VALUES (50802, 'es_ES', 'R');
INSERT INTO portico.tbl_tipo_dato_tpdt (tpdt_pk, tpdt_tipo_html, tpdt_tipo_elemento, tpdt_enti_pk, tpdt_codigo, tpdt_nombre) VALUES (43085, 'S', 'CR', NULL , 'ESTADO_BL', 'Estado de BL');
    INSERT INTO portico.tbl_codigo_ref_cdrf (cdrf_pk, cdrf_tpdt_pk, cdrf_valor, cdrf_orden) VALUES (50850, portico.getTipoDato('ESTADO_BL'), 'A',  1);
    INSERT INTO portico.tbl_codigo_ref_cdrf (cdrf_pk, cdrf_tpdt_pk, cdrf_valor, cdrf_orden) VALUES (50851, portico.getTipoDato('ESTADO_BL'), 'B',  2);
    INSERT INTO portico.tbl_codigo_ref_cdrf (cdrf_pk, cdrf_tpdt_pk, cdrf_valor, cdrf_orden) VALUES (50852, portico.getTipoDato('ESTADO_BL'), 'C',  3);
    INSERT INTO portico.tbl_codigo_ref_cdrf (cdrf_pk, cdrf_tpdt_pk, cdrf_valor, cdrf_orden) VALUES (50853, portico.getTipoDato('ESTADO_BL'), 'I',  4);
    INSERT INTO portico.tbl_codigo_ref_cdrf (cdrf_pk, cdrf_tpdt_pk, cdrf_valor, cdrf_orden) VALUES (50854, portico.getTipoDato('ESTADO_BL'), 'S',  5);
		INSERT INTO portico.tbl_codigo_ref_i18n_cdri (cdri_cdrf_pk, cdri_idioma, cdri_texto) VALUES (50850, 'es_ES', 'A');
		INSERT INTO portico.tbl_codigo_ref_i18n_cdri (cdri_cdrf_pk, cdri_idioma, cdri_texto) VALUES (50851, 'es_ES', 'B');
		INSERT INTO portico.tbl_codigo_ref_i18n_cdri (cdri_cdrf_pk, cdri_idioma, cdri_texto) VALUES (50852, 'es_ES', 'C');
		INSERT INTO portico.tbl_codigo_ref_i18n_cdri (cdri_cdrf_pk, cdri_idioma, cdri_texto) VALUES (50853, 'es_ES', 'I');
		INSERT INTO portico.tbl_codigo_ref_i18n_cdri (cdri_cdrf_pk, cdri_idioma, cdri_texto) VALUES (50854, 'es_ES', 'S');
INSERT INTO portico.tbl_tipo_dato_tpdt (tpdt_pk, tpdt_tipo_html, tpdt_tipo_elemento, tpdt_enti_pk, tpdt_codigo, tpdt_nombre) VALUES (43090, 'S', 'CR', NULL , 'DEST_PART_PESCA', 'Destino de Partida de Pesca');
    INSERT INTO portico.tbl_codigo_ref_cdrf (cdrf_pk, cdrf_tpdt_pk, cdrf_valor, cdrf_orden) VALUES (50900, portico.getTipoDato('DEST_PART_PESCA'), 'H',  1);
    INSERT INTO portico.tbl_codigo_ref_cdrf (cdrf_pk, cdrf_tpdt_pk, cdrf_valor, cdrf_orden) VALUES (50901, portico.getTipoDato('DEST_PART_PESCA'), 'I',  2);
		INSERT INTO portico.tbl_codigo_ref_i18n_cdri (cdri_cdrf_pk, cdri_idioma, cdri_texto) VALUES (50900, 'es_ES', 'H');
		INSERT INTO portico.tbl_codigo_ref_i18n_cdri (cdri_cdrf_pk, cdri_idioma, cdri_texto) VALUES (50901, 'es_ES', 'I');
INSERT INTO portico.tbl_tipo_dato_tpdt (tpdt_pk, tpdt_tipo_html, tpdt_tipo_elemento, tpdt_enti_pk, tpdt_codigo, tpdt_nombre) VALUES (43100, 'S', 'CR', NULL , 'TIPO_MANIF', 'Tipo de Manifiesto');
    INSERT INTO portico.tbl_codigo_ref_cdrf (cdrf_pk, cdrf_tpdt_pk, cdrf_valor, cdrf_orden) VALUES (50950, portico.getTipoDato('TIPO_MANIF'), 'M',  1);
    INSERT INTO portico.tbl_codigo_ref_cdrf (cdrf_pk, cdrf_tpdt_pk, cdrf_valor, cdrf_orden) VALUES (50951, portico.getTipoDato('TIPO_MANIF'), 'P',  2);
		INSERT INTO portico.tbl_codigo_ref_i18n_cdri (cdri_cdrf_pk, cdri_idioma, cdri_texto) VALUES (50950, 'es_ES', 'M');
		INSERT INTO portico.tbl_codigo_ref_i18n_cdri (cdri_cdrf_pk, cdri_idioma, cdri_texto) VALUES (50951, 'es_ES', 'P');
INSERT INTO portico.tbl_tipo_dato_tpdt (tpdt_pk, tpdt_tipo_html, tpdt_tipo_elemento, tpdt_enti_pk, tpdt_codigo, tpdt_nombre) VALUES (43105, 'S', 'CR', NULL , 'TIPO_MANIF_EDI', 'Tipo de Manifiesto EDI');
    INSERT INTO portico.tbl_codigo_ref_cdrf (cdrf_pk, cdrf_tpdt_pk, cdrf_valor, cdrf_orden) VALUES (51000, portico.getTipoDato('TIPO_MANIF_EDI'), 'DE',  1);
    INSERT INTO portico.tbl_codigo_ref_cdrf (cdrf_pk, cdrf_tpdt_pk, cdrf_valor, cdrf_orden) VALUES (51001, portico.getTipoDato('TIPO_MANIF_EDI'), 'SC',  2);
    INSERT INTO portico.tbl_codigo_ref_cdrf (cdrf_pk, cdrf_tpdt_pk, cdrf_valor, cdrf_orden) VALUES (51002, portico.getTipoDato('TIPO_MANIF_EDI'), 'SD',  3);
    INSERT INTO portico.tbl_codigo_ref_cdrf (cdrf_pk, cdrf_tpdt_pk, cdrf_valor, cdrf_orden) VALUES (51003, portico.getTipoDato('TIPO_MANIF_EDI'), 'CL',  4);
    INSERT INTO portico.tbl_codigo_ref_cdrf (cdrf_pk, cdrf_tpdt_pk, cdrf_valor, cdrf_orden) VALUES (51004, portico.getTipoDato('TIPO_MANIF_EDI'), 'DL',  5);
    INSERT INTO portico.tbl_codigo_ref_cdrf (cdrf_pk, cdrf_tpdt_pk, cdrf_valor, cdrf_orden) VALUES (51005, portico.getTipoDato('TIPO_MANIF_EDI'), 'CA',  6);
		INSERT INTO portico.tbl_codigo_ref_i18n_cdri (cdri_cdrf_pk, cdri_idioma, cdri_texto) VALUES (51000, 'es_ES', 'DE');
		INSERT INTO portico.tbl_codigo_ref_i18n_cdri (cdri_cdrf_pk, cdri_idioma, cdri_texto) VALUES (51001, 'es_ES', 'SC');
		INSERT INTO portico.tbl_codigo_ref_i18n_cdri (cdri_cdrf_pk, cdri_idioma, cdri_texto) VALUES (51002, 'es_ES', 'SD');
		INSERT INTO portico.tbl_codigo_ref_i18n_cdri (cdri_cdrf_pk, cdri_idioma, cdri_texto) VALUES (51003, 'es_ES', 'CL');
		INSERT INTO portico.tbl_codigo_ref_i18n_cdri (cdri_cdrf_pk, cdri_idioma, cdri_texto) VALUES (51004, 'es_ES', 'DL');
		INSERT INTO portico.tbl_codigo_ref_i18n_cdri (cdri_cdrf_pk, cdri_idioma, cdri_texto) VALUES (51005, 'es_ES', 'CA');
INSERT INTO portico.tbl_tipo_dato_tpdt (tpdt_pk, tpdt_tipo_html, tpdt_tipo_elemento, tpdt_enti_pk, tpdt_codigo, tpdt_nombre) VALUES (43110, 'S', 'CR', NULL , 'TIPO_OPER_MANIF', 'Tipo de Operación de Manifiesto');
    INSERT INTO portico.tbl_codigo_ref_cdrf (cdrf_pk, cdrf_tpdt_pk, cdrf_valor, cdrf_orden) VALUES (51050, portico.getTipoDato('TIPO_OPER_MANIF'), 'C',  1);
    INSERT INTO portico.tbl_codigo_ref_cdrf (cdrf_pk, cdrf_tpdt_pk, cdrf_valor, cdrf_orden) VALUES (51051, portico.getTipoDato('TIPO_OPER_MANIF'), 'D',  2);
    INSERT INTO portico.tbl_codigo_ref_cdrf (cdrf_pk, cdrf_tpdt_pk, cdrf_valor, cdrf_orden) VALUES (51052, portico.getTipoDato('TIPO_OPER_MANIF'), 'T',  3);
		INSERT INTO portico.tbl_codigo_ref_i18n_cdri (cdri_cdrf_pk, cdri_idioma, cdri_texto) VALUES (51050, 'es_ES', 'C - CARGA');
		INSERT INTO portico.tbl_codigo_ref_i18n_cdri (cdri_cdrf_pk, cdri_idioma, cdri_texto) VALUES (51051, 'es_ES', 'D - DESCARGA');
		INSERT INTO portico.tbl_codigo_ref_i18n_cdri (cdri_cdrf_pk, cdri_idioma, cdri_texto) VALUES (51052, 'es_ES', 'T - TRANSBORDO');
INSERT INTO portico.tbl_tipo_dato_tpdt (tpdt_pk, tpdt_tipo_html, tpdt_tipo_elemento, tpdt_enti_pk, tpdt_codigo, tpdt_nombre) VALUES (43115, 'S', 'CR', NULL , 'TIPO_ESTAN_ESC', 'Tipo de Estancia de Escala');
    INSERT INTO portico.tbl_codigo_ref_cdrf (cdrf_pk, cdrf_tpdt_pk, cdrf_valor, cdrf_orden) VALUES (51100, portico.getTipoDato('TIPO_ESTAN_ESC'), 'C',  1);
    INSERT INTO portico.tbl_codigo_ref_cdrf (cdrf_pk, cdrf_tpdt_pk, cdrf_valor, cdrf_orden) VALUES (51101, portico.getTipoDato('TIPO_ESTAN_ESC'), 'L',  2);
    INSERT INTO portico.tbl_codigo_ref_cdrf (cdrf_pk, cdrf_tpdt_pk, cdrf_valor, cdrf_orden) VALUES (51102, portico.getTipoDato('TIPO_ESTAN_ESC'), 'M',  3);
		INSERT INTO portico.tbl_codigo_ref_i18n_cdri (cdri_cdrf_pk, cdri_idioma, cdri_texto) VALUES (51100, 'es_ES', 'C');
		INSERT INTO portico.tbl_codigo_ref_i18n_cdri (cdri_cdrf_pk, cdri_idioma, cdri_texto) VALUES (51101, 'es_ES', 'L');
		INSERT INTO portico.tbl_codigo_ref_i18n_cdri (cdri_cdrf_pk, cdri_idioma, cdri_texto) VALUES (51102, 'es_ES', 'M');
INSERT INTO portico.tbl_tipo_dato_tpdt (tpdt_pk, tpdt_tipo_html, tpdt_tipo_elemento, tpdt_enti_pk, tpdt_codigo, tpdt_nombre) VALUES (43120, 'S', 'CR', NULL , 'TIPO_ESTAN_ATR', 'Tipo de Estancia de Atraque');
    INSERT INTO portico.tbl_codigo_ref_cdrf (cdrf_pk, cdrf_tpdt_pk, cdrf_valor, cdrf_orden) VALUES (51150, portico.getTipoDato('TIPO_ESTAN_ATR'), 'C',  1);
    INSERT INTO portico.tbl_codigo_ref_cdrf (cdrf_pk, cdrf_tpdt_pk, cdrf_valor, cdrf_orden) VALUES (51151, portico.getTipoDato('TIPO_ESTAN_ATR'), 'L',  2);
		INSERT INTO portico.tbl_codigo_ref_i18n_cdri (cdri_cdrf_pk, cdri_idioma, cdri_texto) VALUES (51150, 'es_ES', 'C');
		INSERT INTO portico.tbl_codigo_ref_i18n_cdri (cdri_cdrf_pk, cdri_idioma, cdri_texto) VALUES (51151, 'es_ES', 'L');
INSERT INTO portico.tbl_tipo_dato_tpdt (tpdt_pk, tpdt_tipo_html, tpdt_tipo_elemento, tpdt_enti_pk, tpdt_codigo, tpdt_nombre) VALUES (43121, 'S', 'CR', NULL , 'TIPO_ESTAN_ATR_2', 'Tipo de Estancia de Atraque 2');
    INSERT INTO portico.tbl_codigo_ref_cdrf (cdrf_pk, cdrf_tpdt_pk, cdrf_valor, cdrf_orden) VALUES (51200, portico.getTipoDato('TIPO_ESTAN_ATR_2'), 'C',  1);
    INSERT INTO portico.tbl_codigo_ref_cdrf (cdrf_pk, cdrf_tpdt_pk, cdrf_valor, cdrf_orden) VALUES (51201, portico.getTipoDato('TIPO_ESTAN_ATR_2'), 'L',  2);
		INSERT INTO portico.tbl_codigo_ref_i18n_cdri (cdri_cdrf_pk, cdri_idioma, cdri_texto) VALUES (51200, 'es_ES', 'C');
		INSERT INTO portico.tbl_codigo_ref_i18n_cdri (cdri_cdrf_pk, cdri_idioma, cdri_texto) VALUES (51201, 'es_ES', 'L');
INSERT INTO portico.tbl_tipo_dato_tpdt (tpdt_pk, tpdt_tipo_html, tpdt_tipo_elemento, tpdt_enti_pk, tpdt_codigo, tpdt_nombre) VALUES (43122, 'S', 'CR', NULL , 'TIPO_ESTAN_ATR_3', 'Tipo de Estancia de Atraque 3');
    INSERT INTO portico.tbl_codigo_ref_cdrf (cdrf_pk, cdrf_tpdt_pk, cdrf_valor, cdrf_orden) VALUES (51250, portico.getTipoDato('TIPO_ESTAN_ATR_3'), 'C',  1);
    INSERT INTO portico.tbl_codigo_ref_cdrf (cdrf_pk, cdrf_tpdt_pk, cdrf_valor, cdrf_orden) VALUES (51251, portico.getTipoDato('TIPO_ESTAN_ATR_3'), 'L',  2);
		INSERT INTO portico.tbl_codigo_ref_i18n_cdri (cdri_cdrf_pk, cdri_idioma, cdri_texto) VALUES (51250, 'es_ES', 'C');
		INSERT INTO portico.tbl_codigo_ref_i18n_cdri (cdri_cdrf_pk, cdri_idioma, cdri_texto) VALUES (51251, 'es_ES', 'L');
INSERT INTO portico.tbl_tipo_dato_tpdt (tpdt_pk, tpdt_tipo_html, tpdt_tipo_elemento, tpdt_enti_pk, tpdt_codigo, tpdt_nombre) VALUES (43125, 'S', 'CR', NULL , 'TIPO_TRANSPORTE', 'Tipo de Transporte');
    INSERT INTO portico.tbl_codigo_ref_cdrf (cdrf_pk, cdrf_tpdt_pk, cdrf_valor, cdrf_orden) VALUES (51300, portico.getTipoDato('TIPO_TRANSPORTE'), 'ZZ',  1);
    INSERT INTO portico.tbl_codigo_ref_cdrf (cdrf_pk, cdrf_tpdt_pk, cdrf_valor, cdrf_orden) VALUES (51301, portico.getTipoDato('TIPO_TRANSPORTE'), 'AE',  2);
    INSERT INTO portico.tbl_codigo_ref_cdrf (cdrf_pk, cdrf_tpdt_pk, cdrf_valor, cdrf_orden) VALUES (51302, portico.getTipoDato('TIPO_TRANSPORTE'), 'CA',  3);
    INSERT INTO portico.tbl_codigo_ref_cdrf (cdrf_pk, cdrf_tpdt_pk, cdrf_valor, cdrf_orden) VALUES (51303, portico.getTipoDato('TIPO_TRANSPORTE'), 'FE',  4);
    INSERT INTO portico.tbl_codigo_ref_cdrf (cdrf_pk, cdrf_tpdt_pk, cdrf_valor, cdrf_orden) VALUES (51304, portico.getTipoDato('TIPO_TRANSPORTE'), 'MA',  5);
    INSERT INTO portico.tbl_codigo_ref_cdrf (cdrf_pk, cdrf_tpdt_pk, cdrf_valor, cdrf_orden) VALUES (51305, portico.getTipoDato('TIPO_TRANSPORTE'), 'OL',  6);
    INSERT INTO portico.tbl_codigo_ref_cdrf (cdrf_pk, cdrf_tpdt_pk, cdrf_valor, cdrf_orden) VALUES (51306, portico.getTipoDato('TIPO_TRANSPORTE'), 'OT',  7);
    INSERT INTO portico.tbl_codigo_ref_cdrf (cdrf_pk, cdrf_tpdt_pk, cdrf_valor, cdrf_orden) VALUES (51307, portico.getTipoDato('TIPO_TRANSPORTE'), 'ST',  8);
    INSERT INTO portico.tbl_codigo_ref_cdrf (cdrf_pk, cdrf_tpdt_pk, cdrf_valor, cdrf_orden) VALUES (51308, portico.getTipoDato('TIPO_TRANSPORTE'), 'TU',  9);
		INSERT INTO portico.tbl_codigo_ref_i18n_cdri (cdri_cdrf_pk, cdri_idioma, cdri_texto) VALUES (51300, 'es_ES', 'ZZ');
		INSERT INTO portico.tbl_codigo_ref_i18n_cdri (cdri_cdrf_pk, cdri_idioma, cdri_texto) VALUES (51301, 'es_ES', 'AE');
		INSERT INTO portico.tbl_codigo_ref_i18n_cdri (cdri_cdrf_pk, cdri_idioma, cdri_texto) VALUES (51302, 'es_ES', 'CA');
		INSERT INTO portico.tbl_codigo_ref_i18n_cdri (cdri_cdrf_pk, cdri_idioma, cdri_texto) VALUES (51303, 'es_ES', 'FE');
		INSERT INTO portico.tbl_codigo_ref_i18n_cdri (cdri_cdrf_pk, cdri_idioma, cdri_texto) VALUES (51304, 'es_ES', 'MA');
		INSERT INTO portico.tbl_codigo_ref_i18n_cdri (cdri_cdrf_pk, cdri_idioma, cdri_texto) VALUES (51305, 'es_ES', 'OL');
		INSERT INTO portico.tbl_codigo_ref_i18n_cdri (cdri_cdrf_pk, cdri_idioma, cdri_texto) VALUES (51306, 'es_ES', 'OT');
		INSERT INTO portico.tbl_codigo_ref_i18n_cdri (cdri_cdrf_pk, cdri_idioma, cdri_texto) VALUES (51307, 'es_ES', 'ST');
		INSERT INTO portico.tbl_codigo_ref_i18n_cdri (cdri_cdrf_pk, cdri_idioma, cdri_texto) VALUES (51308, 'es_ES', 'TU');
INSERT INTO portico.tbl_tipo_dato_tpdt (tpdt_pk, tpdt_tipo_html, tpdt_tipo_elemento, tpdt_enti_pk, tpdt_codigo, tpdt_nombre) VALUES (43130, 'S', 'CR', NULL , 'DIREC_MERC', 'Dirección de la Mercancía');
    INSERT INTO portico.tbl_codigo_ref_cdrf (cdrf_pk, cdrf_tpdt_pk, cdrf_valor, cdrf_orden) VALUES (51350, portico.getTipoDato('DIREC_MERC'), 'E',  1);
    INSERT INTO portico.tbl_codigo_ref_cdrf (cdrf_pk, cdrf_tpdt_pk, cdrf_valor, cdrf_orden) VALUES (51351, portico.getTipoDato('DIREC_MERC'), 'S',  2);
		INSERT INTO portico.tbl_codigo_ref_i18n_cdri (cdri_cdrf_pk, cdri_idioma, cdri_texto) VALUES (51350, 'es_ES', 'E');
		INSERT INTO portico.tbl_codigo_ref_i18n_cdri (cdri_cdrf_pk, cdri_idioma, cdri_texto) VALUES (51351, 'es_ES', 'S');
INSERT INTO portico.tbl_tipo_dato_tpdt (tpdt_pk, tpdt_tipo_html, tpdt_tipo_elemento, tpdt_enti_pk, tpdt_codigo, tpdt_nombre) VALUES (43135, 'S', 'CR', NULL , 'TIPO_BL', 'Tipo de BL');
    INSERT INTO portico.tbl_codigo_ref_cdrf (cdrf_pk, cdrf_tpdt_pk, cdrf_valor, cdrf_orden) VALUES (51400, portico.getTipoDato('TIPO_BL'), 'P',  1);
    INSERT INTO portico.tbl_codigo_ref_cdrf (cdrf_pk, cdrf_tpdt_pk, cdrf_valor, cdrf_orden) VALUES (51401, portico.getTipoDato('TIPO_BL'), 'M',  2);
    INSERT INTO portico.tbl_codigo_ref_cdrf (cdrf_pk, cdrf_tpdt_pk, cdrf_valor, cdrf_orden) VALUES (51402, portico.getTipoDato('TIPO_BL'), 'V',  3);
		INSERT INTO portico.tbl_codigo_ref_i18n_cdri (cdri_cdrf_pk, cdri_idioma, cdri_texto) VALUES (51400, 'es_ES', 'P');
		INSERT INTO portico.tbl_codigo_ref_i18n_cdri (cdri_cdrf_pk, cdri_idioma, cdri_texto) VALUES (51401, 'es_ES', 'M');
		INSERT INTO portico.tbl_codigo_ref_i18n_cdri (cdri_cdrf_pk, cdri_idioma, cdri_texto) VALUES (51402, 'es_ES', 'V');
INSERT INTO portico.tbl_tipo_dato_tpdt (tpdt_pk, tpdt_tipo_html, tpdt_tipo_elemento, tpdt_enti_pk, tpdt_codigo, tpdt_nombre) VALUES (43140, 'S', 'CR', NULL , 'ACC_PET_AMARRE', 'Acción de Petición de Amarre');
    INSERT INTO portico.tbl_codigo_ref_cdrf (cdrf_pk, cdrf_tpdt_pk, cdrf_valor, cdrf_orden) VALUES (51450, portico.getTipoDato('ACC_PET_AMARRE'), 'AB',  1);
    INSERT INTO portico.tbl_codigo_ref_cdrf (cdrf_pk, cdrf_tpdt_pk, cdrf_valor, cdrf_orden) VALUES (51451, portico.getTipoDato('ACC_PET_AMARRE'), 'AS',  2);
    INSERT INTO portico.tbl_codigo_ref_cdrf (cdrf_pk, cdrf_tpdt_pk, cdrf_valor, cdrf_orden) VALUES (51452, portico.getTipoDato('ACC_PET_AMARRE'), 'BA',  3);
    INSERT INTO portico.tbl_codigo_ref_cdrf (cdrf_pk, cdrf_tpdt_pk, cdrf_valor, cdrf_orden) VALUES (51453, portico.getTipoDato('ACC_PET_AMARRE'), 'BN',  4);
    INSERT INTO portico.tbl_codigo_ref_cdrf (cdrf_pk, cdrf_tpdt_pk, cdrf_valor, cdrf_orden) VALUES (51454, portico.getTipoDato('ACC_PET_AMARRE'), 'CE',  5);
    INSERT INTO portico.tbl_codigo_ref_cdrf (cdrf_pk, cdrf_tpdt_pk, cdrf_valor, cdrf_orden) VALUES (51455, portico.getTipoDato('ACC_PET_AMARRE'), 'CT',  6);
    INSERT INTO portico.tbl_codigo_ref_cdrf (cdrf_pk, cdrf_tpdt_pk, cdrf_valor, cdrf_orden) VALUES (51456, portico.getTipoDato('ACC_PET_AMARRE'), 'DE',  7);
    INSERT INTO portico.tbl_codigo_ref_cdrf (cdrf_pk, cdrf_tpdt_pk, cdrf_valor, cdrf_orden) VALUES (51457, portico.getTipoDato('ACC_PET_AMARRE'), 'DN',  8);
    INSERT INTO portico.tbl_codigo_ref_cdrf (cdrf_pk, cdrf_tpdt_pk, cdrf_valor, cdrf_orden) VALUES (51458, portico.getTipoDato('ACC_PET_AMARRE'), 'FD',  9);
    INSERT INTO portico.tbl_codigo_ref_cdrf (cdrf_pk, cdrf_tpdt_pk, cdrf_valor, cdrf_orden) VALUES (51459, portico.getTipoDato('ACC_PET_AMARRE'), 'LC', 10);
    INSERT INTO portico.tbl_codigo_ref_cdrf (cdrf_pk, cdrf_tpdt_pk, cdrf_valor, cdrf_orden) VALUES (51460, portico.getTipoDato('ACC_PET_AMARRE'), 'LP', 11);
    INSERT INTO portico.tbl_codigo_ref_cdrf (cdrf_pk, cdrf_tpdt_pk, cdrf_valor, cdrf_orden) VALUES (51461, portico.getTipoDato('ACC_PET_AMARRE'), 'OT', 12);
    INSERT INTO portico.tbl_codigo_ref_cdrf (cdrf_pk, cdrf_tpdt_pk, cdrf_valor, cdrf_orden) VALUES (51462, portico.getTipoDato('ACC_PET_AMARRE'), 'RE', 13);
    INSERT INTO portico.tbl_codigo_ref_cdrf (cdrf_pk, cdrf_tpdt_pk, cdrf_valor, cdrf_orden) VALUES (51463, portico.getTipoDato('ACC_PET_AMARRE'), 'RN', 14);
    INSERT INTO portico.tbl_codigo_ref_cdrf (cdrf_pk, cdrf_tpdt_pk, cdrf_valor, cdrf_orden) VALUES (51464, portico.getTipoDato('ACC_PET_AMARRE'), 'VA', 15);
    INSERT INTO portico.tbl_codigo_ref_cdrf (cdrf_pk, cdrf_tpdt_pk, cdrf_valor, cdrf_orden) VALUES (51465, portico.getTipoDato('ACC_PET_AMARRE'), 'VI', 16);
		INSERT INTO portico.tbl_codigo_ref_i18n_cdri (cdri_cdrf_pk, cdri_idioma, cdri_texto) VALUES (51450, 'es_ES', 'AB');
		INSERT INTO portico.tbl_codigo_ref_i18n_cdri (cdri_cdrf_pk, cdri_idioma, cdri_texto) VALUES (51451, 'es_ES', 'AS');
		INSERT INTO portico.tbl_codigo_ref_i18n_cdri (cdri_cdrf_pk, cdri_idioma, cdri_texto) VALUES (51452, 'es_ES', 'BA');
		INSERT INTO portico.tbl_codigo_ref_i18n_cdri (cdri_cdrf_pk, cdri_idioma, cdri_texto) VALUES (51453, 'es_ES', 'BN');
		INSERT INTO portico.tbl_codigo_ref_i18n_cdri (cdri_cdrf_pk, cdri_idioma, cdri_texto) VALUES (51454, 'es_ES', 'CE');
		INSERT INTO portico.tbl_codigo_ref_i18n_cdri (cdri_cdrf_pk, cdri_idioma, cdri_texto) VALUES (51455, 'es_ES', 'CT');
		INSERT INTO portico.tbl_codigo_ref_i18n_cdri (cdri_cdrf_pk, cdri_idioma, cdri_texto) VALUES (51456, 'es_ES', 'DE');
		INSERT INTO portico.tbl_codigo_ref_i18n_cdri (cdri_cdrf_pk, cdri_idioma, cdri_texto) VALUES (51457, 'es_ES', 'DN');
		INSERT INTO portico.tbl_codigo_ref_i18n_cdri (cdri_cdrf_pk, cdri_idioma, cdri_texto) VALUES (51458, 'es_ES', 'FD');
		INSERT INTO portico.tbl_codigo_ref_i18n_cdri (cdri_cdrf_pk, cdri_idioma, cdri_texto) VALUES (51459, 'es_ES', 'LC');
		INSERT INTO portico.tbl_codigo_ref_i18n_cdri (cdri_cdrf_pk, cdri_idioma, cdri_texto) VALUES (51460, 'es_ES', 'LP');
		INSERT INTO portico.tbl_codigo_ref_i18n_cdri (cdri_cdrf_pk, cdri_idioma, cdri_texto) VALUES (51461, 'es_ES', 'OT');
		INSERT INTO portico.tbl_codigo_ref_i18n_cdri (cdri_cdrf_pk, cdri_idioma, cdri_texto) VALUES (51462, 'es_ES', 'RE');
		INSERT INTO portico.tbl_codigo_ref_i18n_cdri (cdri_cdrf_pk, cdri_idioma, cdri_texto) VALUES (51463, 'es_ES', 'RN');
		INSERT INTO portico.tbl_codigo_ref_i18n_cdri (cdri_cdrf_pk, cdri_idioma, cdri_texto) VALUES (51464, 'es_ES', 'VA');
		INSERT INTO portico.tbl_codigo_ref_i18n_cdri (cdri_cdrf_pk, cdri_idioma, cdri_texto) VALUES (51465, 'es_ES', 'VI');
INSERT INTO portico.tbl_tipo_dato_tpdt (tpdt_pk, tpdt_tipo_html, tpdt_tipo_elemento, tpdt_enti_pk, tpdt_codigo, tpdt_nombre) VALUES (43145, 'S', 'CR', NULL , 'CERTIF_EDI', 'Certificados EDI');
    INSERT INTO portico.tbl_codigo_ref_cdrf (cdrf_pk, cdrf_tpdt_pk, cdrf_valor, cdrf_orden) VALUES (51500, portico.getTipoDato('CERTIF_EDI'), 'ZGS',  1);
		INSERT INTO portico.tbl_codigo_ref_i18n_cdri (cdri_cdrf_pk, cdri_idioma, cdri_texto) VALUES (51500, 'es_ES', 'ZGS');
INSERT INTO portico.tbl_tipo_dato_tpdt (tpdt_pk, tpdt_tipo_html, tpdt_tipo_elemento, tpdt_enti_pk, tpdt_codigo, tpdt_nombre) VALUES (43150, 'S', 'CR', NULL , 'COND_TANQUE', 'Condición de Tanque');
    INSERT INTO portico.tbl_codigo_ref_cdrf (cdrf_pk, cdrf_tpdt_pk, cdrf_valor, cdrf_orden) VALUES (51550, portico.getTipoDato('COND_TANQUE'), 'I',  1);
    INSERT INTO portico.tbl_codigo_ref_cdrf (cdrf_pk, cdrf_tpdt_pk, cdrf_valor, cdrf_orden) VALUES (51551, portico.getTipoDato('COND_TANQUE'), 'L',  2);
    INSERT INTO portico.tbl_codigo_ref_cdrf (cdrf_pk, cdrf_tpdt_pk, cdrf_valor, cdrf_orden) VALUES (51552, portico.getTipoDato('COND_TANQUE'), 'V',  3);
		INSERT INTO portico.tbl_codigo_ref_i18n_cdri (cdri_cdrf_pk, cdri_idioma, cdri_texto) VALUES (51550, 'es_ES', 'I');
		INSERT INTO portico.tbl_codigo_ref_i18n_cdri (cdri_cdrf_pk, cdri_idioma, cdri_texto) VALUES (51551, 'es_ES', 'L');
		INSERT INTO portico.tbl_codigo_ref_i18n_cdri (cdri_cdrf_pk, cdri_idioma, cdri_texto) VALUES (51552, 'es_ES', 'V');
INSERT INTO portico.tbl_tipo_dato_tpdt (tpdt_pk, tpdt_tipo_html, tpdt_tipo_elemento, tpdt_enti_pk, tpdt_codigo, tpdt_nombre) VALUES (43155, 'S', 'CR', NULL , 'CONT_BUQUE', 'Contador de Buque');
    INSERT INTO portico.tbl_codigo_ref_cdrf (cdrf_pk, cdrf_tpdt_pk, cdrf_valor, cdrf_orden) VALUES (51600, portico.getTipoDato('CONT_BUQUE'), 'ES',  1);
		INSERT INTO portico.tbl_codigo_ref_i18n_cdri (cdri_cdrf_pk, cdri_idioma, cdri_texto) VALUES (51600, 'es_ES', 'ES');
INSERT INTO portico.tbl_tipo_dato_tpdt (tpdt_pk, tpdt_tipo_html, tpdt_tipo_elemento, tpdt_enti_pk, tpdt_codigo, tpdt_nombre) VALUES (43160, 'S', 'CR', NULL , 'CONT_ESCALA', 'Contador de Escala');
    INSERT INTO portico.tbl_codigo_ref_cdrf (cdrf_pk, cdrf_tpdt_pk, cdrf_valor, cdrf_orden) VALUES (51650, portico.getTipoDato('CONT_ESCALA'), 'ES',  1);
		INSERT INTO portico.tbl_codigo_ref_i18n_cdri (cdri_cdrf_pk, cdri_idioma, cdri_texto) VALUES (51650, 'es_ES', 'ES');
INSERT INTO portico.tbl_tipo_dato_tpdt (tpdt_pk, tpdt_tipo_html, tpdt_tipo_elemento, tpdt_enti_pk, tpdt_codigo, tpdt_nombre) VALUES (43165, 'S', 'CR', NULL , 'CONT_TRAFICO', 'Contador de Servicio de Tráfico');
    INSERT INTO portico.tbl_codigo_ref_cdrf (cdrf_pk, cdrf_tpdt_pk, cdrf_valor, cdrf_orden) VALUES (51700, portico.getTipoDato('CONT_TRAFICO'), 'ES',  1);
		INSERT INTO portico.tbl_codigo_ref_i18n_cdri (cdri_cdrf_pk, cdri_idioma, cdri_texto) VALUES (51700, 'es_ES', 'ES');
INSERT INTO portico.tbl_tipo_dato_tpdt (tpdt_pk, tpdt_tipo_html, tpdt_tipo_elemento, tpdt_enti_pk, tpdt_codigo, tpdt_nombre) VALUES (43170, 'S', 'CR', NULL , 'CONVENIO_EDI', 'Convenio EDI');
    INSERT INTO portico.tbl_codigo_ref_cdrf (cdrf_pk, cdrf_tpdt_pk, cdrf_valor, cdrf_orden) VALUES (51750, portico.getTipoDato('CONVENIO_EDI'), 'ZCC',  1);
    INSERT INTO portico.tbl_codigo_ref_cdrf (cdrf_pk, cdrf_tpdt_pk, cdrf_valor, cdrf_orden) VALUES (51751, portico.getTipoDato('CONVENIO_EDI'), 'ZGA',  2);
		INSERT INTO portico.tbl_codigo_ref_i18n_cdri (cdri_cdrf_pk, cdri_idioma, cdri_texto) VALUES (51750, 'es_ES', 'ZCC');
		INSERT INTO portico.tbl_codigo_ref_i18n_cdri (cdri_cdrf_pk, cdri_idioma, cdri_texto) VALUES (51751, 'es_ES', 'ZGA');
INSERT INTO portico.tbl_tipo_dato_tpdt (tpdt_pk, tpdt_tipo_html, tpdt_tipo_elemento, tpdt_enti_pk, tpdt_codigo, tpdt_nombre) VALUES (43175, 'S', 'CR', NULL , 'CREACION', 'Creación');
    INSERT INTO portico.tbl_codigo_ref_cdrf (cdrf_pk, cdrf_tpdt_pk, cdrf_valor, cdrf_orden) VALUES (51800, portico.getTipoDato('CREACION'), 'A',  1);
    INSERT INTO portico.tbl_codigo_ref_cdrf (cdrf_pk, cdrf_tpdt_pk, cdrf_valor, cdrf_orden) VALUES (51801, portico.getTipoDato('CREACION'), 'M',  2);
		INSERT INTO portico.tbl_codigo_ref_i18n_cdri (cdri_cdrf_pk, cdri_idioma, cdri_texto) VALUES (51800, 'es_ES', 'A');
		INSERT INTO portico.tbl_codigo_ref_i18n_cdri (cdri_cdrf_pk, cdri_idioma, cdri_texto) VALUES (51801, 'es_ES', 'M');
INSERT INTO portico.tbl_tipo_dato_tpdt (tpdt_pk, tpdt_tipo_html, tpdt_tipo_elemento, tpdt_enti_pk, tpdt_codigo, tpdt_nombre) VALUES (43180, 'S', 'CR', NULL , 'ENT_AGREG', 'Entidad de Agregación');
    INSERT INTO portico.tbl_codigo_ref_cdrf (cdrf_pk, cdrf_tpdt_pk, cdrf_valor, cdrf_orden) VALUES (51850, portico.getTipoDato('ENT_AGREG'), 'Buque',  1);
    INSERT INTO portico.tbl_codigo_ref_cdrf (cdrf_pk, cdrf_tpdt_pk, cdrf_valor, cdrf_orden) VALUES (51851, portico.getTipoDato('ENT_AGREG'), 'Escala',  2);
    INSERT INTO portico.tbl_codigo_ref_cdrf (cdrf_pk, cdrf_tpdt_pk, cdrf_valor, cdrf_orden) VALUES (51852, portico.getTipoDato('ENT_AGREG'), 'Mercancia',  3);
    INSERT INTO portico.tbl_codigo_ref_cdrf (cdrf_pk, cdrf_tpdt_pk, cdrf_valor, cdrf_orden) VALUES (51853, portico.getTipoDato('ENT_AGREG'), 'Pesca',  4);
    INSERT INTO portico.tbl_codigo_ref_cdrf (cdrf_pk, cdrf_tpdt_pk, cdrf_valor, cdrf_orden) VALUES (51854, portico.getTipoDato('ENT_AGREG'), 'Superficie',  5);
		INSERT INTO portico.tbl_codigo_ref_i18n_cdri (cdri_cdrf_pk, cdri_idioma, cdri_texto) VALUES (51850, 'es_ES', 'Buque');
		INSERT INTO portico.tbl_codigo_ref_i18n_cdri (cdri_cdrf_pk, cdri_idioma, cdri_texto) VALUES (51851, 'es_ES', 'Escala');
		INSERT INTO portico.tbl_codigo_ref_i18n_cdri (cdri_cdrf_pk, cdri_idioma, cdri_texto) VALUES (51852, 'es_ES', 'Mercancia');
		INSERT INTO portico.tbl_codigo_ref_i18n_cdri (cdri_cdrf_pk, cdri_idioma, cdri_texto) VALUES (51853, 'es_ES', 'Pesca');
		INSERT INTO portico.tbl_codigo_ref_i18n_cdri (cdri_cdrf_pk, cdri_idioma, cdri_texto) VALUES (51854, 'es_ES', 'Superficie');
INSERT INTO portico.tbl_tipo_dato_tpdt (tpdt_pk, tpdt_tipo_html, tpdt_tipo_elemento, tpdt_enti_pk, tpdt_codigo, tpdt_nombre) VALUES (43185, 'S', 'CR', NULL , 'EQUIP_LL_VC', 'Equipamiento Lleno-Vacío');
    INSERT INTO portico.tbl_codigo_ref_cdrf (cdrf_pk, cdrf_tpdt_pk, cdrf_valor, cdrf_orden) VALUES (51900, portico.getTipoDato('EQUIP_LL_VC'), 'Z',  1);
    INSERT INTO portico.tbl_codigo_ref_cdrf (cdrf_pk, cdrf_tpdt_pk, cdrf_valor, cdrf_orden) VALUES (51901, portico.getTipoDato('EQUIP_LL_VC'), '4',  2);
    INSERT INTO portico.tbl_codigo_ref_cdrf (cdrf_pk, cdrf_tpdt_pk, cdrf_valor, cdrf_orden) VALUES (51902, portico.getTipoDato('EQUIP_LL_VC'), '7',  3);
    INSERT INTO portico.tbl_codigo_ref_cdrf (cdrf_pk, cdrf_tpdt_pk, cdrf_valor, cdrf_orden) VALUES (51903, portico.getTipoDato('EQUIP_LL_VC'), '8',  4);
		INSERT INTO portico.tbl_codigo_ref_i18n_cdri (cdri_cdrf_pk, cdri_idioma, cdri_texto) VALUES (51900, 'es_ES', 'Z');
		INSERT INTO portico.tbl_codigo_ref_i18n_cdri (cdri_cdrf_pk, cdri_idioma, cdri_texto) VALUES (51901, 'es_ES', '4');
		INSERT INTO portico.tbl_codigo_ref_i18n_cdri (cdri_cdrf_pk, cdri_idioma, cdri_texto) VALUES (51902, 'es_ES', '7');
		INSERT INTO portico.tbl_codigo_ref_i18n_cdri (cdri_cdrf_pk, cdri_idioma, cdri_texto) VALUES (51903, 'es_ES', '8');
INSERT INTO portico.tbl_tipo_dato_tpdt (tpdt_pk, tpdt_tipo_html, tpdt_tipo_elemento, tpdt_enti_pk, tpdt_codigo, tpdt_nombre) VALUES (43190, 'S', 'CR', NULL , 'ESTADO_EMB_DEP', 'Estado de Embarcación Autónomica');
    INSERT INTO portico.tbl_codigo_ref_cdrf (cdrf_pk, cdrf_tpdt_pk, cdrf_valor, cdrf_orden) VALUES (51950, portico.getTipoDato('ESTADO_EMB_DEP'), 'A',  1);
    INSERT INTO portico.tbl_codigo_ref_cdrf (cdrf_pk, cdrf_tpdt_pk, cdrf_valor, cdrf_orden) VALUES (51951, portico.getTipoDato('ESTADO_EMB_DEP'), 'F',  2);
    INSERT INTO portico.tbl_codigo_ref_cdrf (cdrf_pk, cdrf_tpdt_pk, cdrf_valor, cdrf_orden) VALUES (51952, portico.getTipoDato('ESTADO_EMB_DEP'), 'V',  3);
		INSERT INTO portico.tbl_codigo_ref_i18n_cdri (cdri_cdrf_pk, cdri_idioma, cdri_texto) VALUES (51950, 'es_ES', 'A');
		INSERT INTO portico.tbl_codigo_ref_i18n_cdri (cdri_cdrf_pk, cdri_idioma, cdri_texto) VALUES (51951, 'es_ES', 'F');
		INSERT INTO portico.tbl_codigo_ref_i18n_cdri (cdri_cdrf_pk, cdri_idioma, cdri_texto) VALUES (51952, 'es_ES', 'V');
INSERT INTO portico.tbl_tipo_dato_tpdt (tpdt_pk, tpdt_tipo_html, tpdt_tipo_elemento, tpdt_enti_pk, tpdt_codigo, tpdt_nombre) VALUES (43195, 'S', 'CR', NULL , 'ESTADO_AMA_DEP', 'Estado de Amarre Deportivo');
    INSERT INTO portico.tbl_codigo_ref_cdrf (cdrf_pk, cdrf_tpdt_pk, cdrf_valor, cdrf_orden) VALUES (52000, portico.getTipoDato('ESTADO_AMA_DEP'), 'B',  1);
    INSERT INTO portico.tbl_codigo_ref_cdrf (cdrf_pk, cdrf_tpdt_pk, cdrf_valor, cdrf_orden) VALUES (52001, portico.getTipoDato('ESTADO_AMA_DEP'), 'D',  2);
    INSERT INTO portico.tbl_codigo_ref_cdrf (cdrf_pk, cdrf_tpdt_pk, cdrf_valor, cdrf_orden) VALUES (52002, portico.getTipoDato('ESTADO_AMA_DEP'), 'L',  3);
    INSERT INTO portico.tbl_codigo_ref_cdrf (cdrf_pk, cdrf_tpdt_pk, cdrf_valor, cdrf_orden) VALUES (52003, portico.getTipoDato('ESTADO_AMA_DEP'), 'O',  4);
    INSERT INTO portico.tbl_codigo_ref_cdrf (cdrf_pk, cdrf_tpdt_pk, cdrf_valor, cdrf_orden) VALUES (52004, portico.getTipoDato('ESTADO_AMA_DEP'), 'R',  5);
    INSERT INTO portico.tbl_codigo_ref_cdrf (cdrf_pk, cdrf_tpdt_pk, cdrf_valor, cdrf_orden) VALUES (52005, portico.getTipoDato('ESTADO_AMA_DEP'), 'T',  6);
		INSERT INTO portico.tbl_codigo_ref_i18n_cdri (cdri_cdrf_pk, cdri_idioma, cdri_texto) VALUES (52000, 'es_ES', 'B');
		INSERT INTO portico.tbl_codigo_ref_i18n_cdri (cdri_cdrf_pk, cdri_idioma, cdri_texto) VALUES (52001, 'es_ES', 'D');
		INSERT INTO portico.tbl_codigo_ref_i18n_cdri (cdri_cdrf_pk, cdri_idioma, cdri_texto) VALUES (52002, 'es_ES', 'L');
		INSERT INTO portico.tbl_codigo_ref_i18n_cdri (cdri_cdrf_pk, cdri_idioma, cdri_texto) VALUES (52003, 'es_ES', 'O');
		INSERT INTO portico.tbl_codigo_ref_i18n_cdri (cdri_cdrf_pk, cdri_idioma, cdri_texto) VALUES (52004, 'es_ES', 'R');
		INSERT INTO portico.tbl_codigo_ref_i18n_cdri (cdri_cdrf_pk, cdri_idioma, cdri_texto) VALUES (52005, 'es_ES', 'T');
INSERT INTO portico.tbl_tipo_dato_tpdt (tpdt_pk, tpdt_tipo_html, tpdt_tipo_elemento, tpdt_enti_pk, tpdt_codigo, tpdt_nombre) VALUES (43200, 'S', 'CR', NULL , 'ESTADO_ASIG_AMA', 'Estado de Asignacion Amarre');
    INSERT INTO portico.tbl_codigo_ref_cdrf (cdrf_pk, cdrf_tpdt_pk, cdrf_valor, cdrf_orden) VALUES (52050, 43200, 'A',  1);
    INSERT INTO portico.tbl_codigo_ref_cdrf (cdrf_pk, cdrf_tpdt_pk, cdrf_valor, cdrf_orden) VALUES (52051, 43200, 'B',  2);
    INSERT INTO portico.tbl_codigo_ref_cdrf (cdrf_pk, cdrf_tpdt_pk, cdrf_valor, cdrf_orden) VALUES (52052, 43200, 'F',  3);
    INSERT INTO portico.tbl_codigo_ref_cdrf (cdrf_pk, cdrf_tpdt_pk, cdrf_valor, cdrf_orden) VALUES (52053, 43200, 'P',  4);
    INSERT INTO portico.tbl_codigo_ref_cdrf (cdrf_pk, cdrf_tpdt_pk, cdrf_valor, cdrf_orden) VALUES (52054, 43200, 'R',  5);
		INSERT INTO portico.tbl_codigo_ref_i18n_cdri (cdri_cdrf_pk, cdri_idioma, cdri_texto) VALUES (52050, 'es_ES', 'A');
		INSERT INTO portico.tbl_codigo_ref_i18n_cdri (cdri_cdrf_pk, cdri_idioma, cdri_texto) VALUES (52051, 'es_ES', 'B');
		INSERT INTO portico.tbl_codigo_ref_i18n_cdri (cdri_cdrf_pk, cdri_idioma, cdri_texto) VALUES (52052, 'es_ES', 'F');
		INSERT INTO portico.tbl_codigo_ref_i18n_cdri (cdri_cdrf_pk, cdri_idioma, cdri_texto) VALUES (52053, 'es_ES', 'P');
		INSERT INTO portico.tbl_codigo_ref_i18n_cdri (cdri_cdrf_pk, cdri_idioma, cdri_texto) VALUES (52054, 'es_ES', 'R');
INSERT INTO portico.tbl_tipo_dato_tpdt (tpdt_pk, tpdt_tipo_html, tpdt_tipo_elemento, tpdt_enti_pk, tpdt_codigo, tpdt_nombre) VALUES (43205, 'S', 'CR', NULL , 'ESTADO_BIEN_HIST', 'Estado de Bien Histórico');
    INSERT INTO portico.tbl_codigo_ref_cdrf (cdrf_pk, cdrf_tpdt_pk, cdrf_valor, cdrf_orden) VALUES (52100, 43205, 'AE',  1);
    INSERT INTO portico.tbl_codigo_ref_cdrf (cdrf_pk, cdrf_tpdt_pk, cdrf_valor, cdrf_orden) VALUES (52101, 43205, 'AS',  2);
    INSERT INTO portico.tbl_codigo_ref_cdrf (cdrf_pk, cdrf_tpdt_pk, cdrf_valor, cdrf_orden) VALUES (52102, 43205, 'FU',  3);
    INSERT INTO portico.tbl_codigo_ref_cdrf (cdrf_pk, cdrf_tpdt_pk, cdrf_valor, cdrf_orden) VALUES (52103, 43205, 'LI',  4);
    INSERT INTO portico.tbl_codigo_ref_cdrf (cdrf_pk, cdrf_tpdt_pk, cdrf_valor, cdrf_orden) VALUES (52104, 43205, 'OB',  5);
		INSERT INTO portico.tbl_codigo_ref_i18n_cdri (cdri_cdrf_pk, cdri_idioma, cdri_texto) VALUES (52100, 'es_ES', 'AE');
		INSERT INTO portico.tbl_codigo_ref_i18n_cdri (cdri_cdrf_pk, cdri_idioma, cdri_texto) VALUES (52101, 'es_ES', 'AS');
		INSERT INTO portico.tbl_codigo_ref_i18n_cdri (cdri_cdrf_pk, cdri_idioma, cdri_texto) VALUES (52102, 'es_ES', 'FU');
		INSERT INTO portico.tbl_codigo_ref_i18n_cdri (cdri_cdrf_pk, cdri_idioma, cdri_texto) VALUES (52103, 'es_ES', 'LI');
		INSERT INTO portico.tbl_codigo_ref_i18n_cdri (cdri_cdrf_pk, cdri_idioma, cdri_texto) VALUES (52104, 'es_ES', 'OB');
INSERT INTO portico.tbl_tipo_dato_tpdt (tpdt_pk, tpdt_tipo_html, tpdt_tipo_elemento, tpdt_enti_pk, tpdt_codigo, tpdt_nombre) VALUES (43210, 'S', 'CR', NULL , 'ESTADO_EXP_CONS', 'Estado de Expediente Consejo');
    INSERT INTO portico.tbl_codigo_ref_cdrf (cdrf_pk, cdrf_tpdt_pk, cdrf_valor, cdrf_orden) VALUES (52150, 43210, 'D',  1);
    INSERT INTO portico.tbl_codigo_ref_cdrf (cdrf_pk, cdrf_tpdt_pk, cdrf_valor, cdrf_orden) VALUES (52151, 43210, 'P',  2);
    INSERT INTO portico.tbl_codigo_ref_cdrf (cdrf_pk, cdrf_tpdt_pk, cdrf_valor, cdrf_orden) VALUES (52152, 43210, 'R',  3);
		INSERT INTO portico.tbl_codigo_ref_i18n_cdri (cdri_cdrf_pk, cdri_idioma, cdri_texto) VALUES (52150, 'es_ES', 'D');
		INSERT INTO portico.tbl_codigo_ref_i18n_cdri (cdri_cdrf_pk, cdri_idioma, cdri_texto) VALUES (52151, 'es_ES', 'P');
		INSERT INTO portico.tbl_codigo_ref_i18n_cdri (cdri_cdrf_pk, cdri_idioma, cdri_texto) VALUES (52152, 'es_ES', 'R');
INSERT INTO portico.tbl_tipo_dato_tpdt (tpdt_pk, tpdt_tipo_html, tpdt_tipo_elemento, tpdt_enti_pk, tpdt_codigo, tpdt_nombre) VALUES (43215, 'S', 'CR', NULL , 'ESTADO_FACT', 'Estado de Factura');
    INSERT INTO portico.tbl_codigo_ref_cdrf (cdrf_pk, cdrf_tpdt_pk, cdrf_valor, cdrf_orden) VALUES (52200, 43215, 'NO',  1);
    INSERT INTO portico.tbl_codigo_ref_cdrf (cdrf_pk, cdrf_tpdt_pk, cdrf_valor, cdrf_orden) VALUES (52201, 43215, 'AN',  2);
    INSERT INTO portico.tbl_codigo_ref_cdrf (cdrf_pk, cdrf_tpdt_pk, cdrf_valor, cdrf_orden) VALUES (52202, 43215, 'RN',  3);
    INSERT INTO portico.tbl_codigo_ref_cdrf (cdrf_pk, cdrf_tpdt_pk, cdrf_valor, cdrf_orden) VALUES (52203, 43215, 'RP',  4);
		INSERT INTO portico.tbl_codigo_ref_i18n_cdri (cdri_cdrf_pk, cdri_idioma, cdri_texto) VALUES (52200, 'es_ES', 'NO');
		INSERT INTO portico.tbl_codigo_ref_i18n_cdri (cdri_cdrf_pk, cdri_idioma, cdri_texto) VALUES (52201, 'es_ES', 'AN');
		INSERT INTO portico.tbl_codigo_ref_i18n_cdri (cdri_cdrf_pk, cdri_idioma, cdri_texto) VALUES (52202, 'es_ES', 'RN');
		INSERT INTO portico.tbl_codigo_ref_i18n_cdri (cdri_cdrf_pk, cdri_idioma, cdri_texto) VALUES (52203, 'es_ES', 'RP');
INSERT INTO portico.tbl_tipo_dato_tpdt (tpdt_pk, tpdt_tipo_html, tpdt_tipo_elemento, tpdt_enti_pk, tpdt_codigo, tpdt_nombre) VALUES (43220, 'S', 'CR', NULL , 'ESTADO_PET_AMA', 'Estado de Petición de Amarre');
    INSERT INTO portico.tbl_codigo_ref_cdrf (cdrf_pk, cdrf_tpdt_pk, cdrf_valor, cdrf_orden) VALUES (52250, 43220, 'A',  1);
    INSERT INTO portico.tbl_codigo_ref_cdrf (cdrf_pk, cdrf_tpdt_pk, cdrf_valor, cdrf_orden) VALUES (52251, 43220, 'B',  2);
    INSERT INTO portico.tbl_codigo_ref_cdrf (cdrf_pk, cdrf_tpdt_pk, cdrf_valor, cdrf_orden) VALUES (52252, 43220, 'D',  3);
    INSERT INTO portico.tbl_codigo_ref_cdrf (cdrf_pk, cdrf_tpdt_pk, cdrf_valor, cdrf_orden) VALUES (52253, 43220, 'R',  4);
    INSERT INTO portico.tbl_codigo_ref_cdrf (cdrf_pk, cdrf_tpdt_pk, cdrf_valor, cdrf_orden) VALUES (52254, 43220, 'S',  5);
    INSERT INTO portico.tbl_codigo_ref_cdrf (cdrf_pk, cdrf_tpdt_pk, cdrf_valor, cdrf_orden) VALUES (52255, 43220, 'V',  6);
		INSERT INTO portico.tbl_codigo_ref_i18n_cdri (cdri_cdrf_pk, cdri_idioma, cdri_texto) VALUES (52250, 'es_ES', 'A');
		INSERT INTO portico.tbl_codigo_ref_i18n_cdri (cdri_cdrf_pk, cdri_idioma, cdri_texto) VALUES (52251, 'es_ES', 'B');
		INSERT INTO portico.tbl_codigo_ref_i18n_cdri (cdri_cdrf_pk, cdri_idioma, cdri_texto) VALUES (52252, 'es_ES', 'D');
		INSERT INTO portico.tbl_codigo_ref_i18n_cdri (cdri_cdrf_pk, cdri_idioma, cdri_texto) VALUES (52253, 'es_ES', 'R');
		INSERT INTO portico.tbl_codigo_ref_i18n_cdri (cdri_cdrf_pk, cdri_idioma, cdri_texto) VALUES (52254, 'es_ES', 'S');
		INSERT INTO portico.tbl_codigo_ref_i18n_cdri (cdri_cdrf_pk, cdri_idioma, cdri_texto) VALUES (52255, 'es_ES', 'V');
INSERT INTO portico.tbl_tipo_dato_tpdt (tpdt_pk, tpdt_tipo_html, tpdt_tipo_elemento, tpdt_enti_pk, tpdt_codigo, tpdt_nombre) VALUES (43225, 'S', 'CR', NULL , 'ESTADO_PROC_FACT', 'Estado de Proceso de Facturación');
    INSERT INTO portico.tbl_codigo_ref_cdrf (cdrf_pk, cdrf_tpdt_pk, cdrf_valor, cdrf_orden) VALUES (52300, 43225, 'C',  1);
    INSERT INTO portico.tbl_codigo_ref_cdrf (cdrf_pk, cdrf_tpdt_pk, cdrf_valor, cdrf_orden) VALUES (52301, 43225, 'E',  2);
    INSERT INTO portico.tbl_codigo_ref_cdrf (cdrf_pk, cdrf_tpdt_pk, cdrf_valor, cdrf_orden) VALUES (52302, 43225, 'F',  3);
    INSERT INTO portico.tbl_codigo_ref_cdrf (cdrf_pk, cdrf_tpdt_pk, cdrf_valor, cdrf_orden) VALUES (52303, 43225, 'I',  4);
		INSERT INTO portico.tbl_codigo_ref_i18n_cdri (cdri_cdrf_pk, cdri_idioma, cdri_texto) VALUES (52300, 'es_ES', 'C');
		INSERT INTO portico.tbl_codigo_ref_i18n_cdri (cdri_cdrf_pk, cdri_idioma, cdri_texto) VALUES (52301, 'es_ES', 'E');
		INSERT INTO portico.tbl_codigo_ref_i18n_cdri (cdri_cdrf_pk, cdri_idioma, cdri_texto) VALUES (52302, 'es_ES', 'F');
		INSERT INTO portico.tbl_codigo_ref_i18n_cdri (cdri_cdrf_pk, cdri_idioma, cdri_texto) VALUES (52303, 'es_ES', 'I');
INSERT INTO portico.tbl_tipo_dato_tpdt (tpdt_pk, tpdt_tipo_html, tpdt_tipo_elemento, tpdt_enti_pk, tpdt_codigo, tpdt_nombre) VALUES (43230, 'S', 'CR', NULL , 'ESTADO_AMA', 'Estado de Amarre');
    INSERT INTO portico.tbl_codigo_ref_cdrf (cdrf_pk, cdrf_tpdt_pk, cdrf_valor, cdrf_orden) VALUES (52350, 43230, 'F',  1);
    INSERT INTO portico.tbl_codigo_ref_cdrf (cdrf_pk, cdrf_tpdt_pk, cdrf_valor, cdrf_orden) VALUES (52351, 43230, 'S',  2);
		INSERT INTO portico.tbl_codigo_ref_i18n_cdri (cdri_cdrf_pk, cdri_idioma, cdri_texto) VALUES (52350, 'es_ES', 'F');
		INSERT INTO portico.tbl_codigo_ref_i18n_cdri (cdri_cdrf_pk, cdri_idioma, cdri_texto) VALUES (52351, 'es_ES', 'S');
INSERT INTO portico.tbl_tipo_dato_tpdt (tpdt_pk, tpdt_tipo_html, tpdt_tipo_elemento, tpdt_enti_pk, tpdt_codigo, tpdt_nombre) VALUES (43235, 'S', 'CR', NULL , 'ESTADO_ATR', 'Estado de Atraque');
    INSERT INTO portico.tbl_codigo_ref_cdrf (cdrf_pk, cdrf_tpdt_pk, cdrf_valor, cdrf_orden) VALUES (52400, 43235, 'A',  1);
    INSERT INTO portico.tbl_codigo_ref_cdrf (cdrf_pk, cdrf_tpdt_pk, cdrf_valor, cdrf_orden) VALUES (52401, 43235, 'C',  2);
    INSERT INTO portico.tbl_codigo_ref_cdrf (cdrf_pk, cdrf_tpdt_pk, cdrf_valor, cdrf_orden) VALUES (52402, 43235, 'D',  3);
    INSERT INTO portico.tbl_codigo_ref_cdrf (cdrf_pk, cdrf_tpdt_pk, cdrf_valor, cdrf_orden) VALUES (52403, 43235, 'F',  4);
    INSERT INTO portico.tbl_codigo_ref_cdrf (cdrf_pk, cdrf_tpdt_pk, cdrf_valor, cdrf_orden) VALUES (52404, 43235, 'I',  5);
    INSERT INTO portico.tbl_codigo_ref_cdrf (cdrf_pk, cdrf_tpdt_pk, cdrf_valor, cdrf_orden) VALUES (52405, 43235, 'S',  6);
		INSERT INTO portico.tbl_codigo_ref_i18n_cdri (cdri_cdrf_pk, cdri_idioma, cdri_texto) VALUES (52400, 'es_ES', 'A');
		INSERT INTO portico.tbl_codigo_ref_i18n_cdri (cdri_cdrf_pk, cdri_idioma, cdri_texto) VALUES (52401, 'es_ES', 'C');
		INSERT INTO portico.tbl_codigo_ref_i18n_cdri (cdri_cdrf_pk, cdri_idioma, cdri_texto) VALUES (52402, 'es_ES', 'D');
		INSERT INTO portico.tbl_codigo_ref_i18n_cdri (cdri_cdrf_pk, cdri_idioma, cdri_texto) VALUES (52403, 'es_ES', 'F');
		INSERT INTO portico.tbl_codigo_ref_i18n_cdri (cdri_cdrf_pk, cdri_idioma, cdri_texto) VALUES (52404, 'es_ES', 'I');
		INSERT INTO portico.tbl_codigo_ref_i18n_cdri (cdri_cdrf_pk, cdri_idioma, cdri_texto) VALUES (52405, 'es_ES', 'S');
INSERT INTO portico.tbl_tipo_dato_tpdt (tpdt_pk, tpdt_tipo_html, tpdt_tipo_elemento, tpdt_enti_pk, tpdt_codigo, tpdt_nombre) VALUES (43240, 'S', 'CR', NULL , 'ESTADO_BAS_EXP', 'Estado Básico de Expediente');
    INSERT INTO portico.tbl_codigo_ref_cdrf (cdrf_pk, cdrf_tpdt_pk, cdrf_valor, cdrf_orden) VALUES (52450, 43240, 'EX',  1);
    INSERT INTO portico.tbl_codigo_ref_cdrf (cdrf_pk, cdrf_tpdt_pk, cdrf_valor, cdrf_orden) VALUES (52451, 43240, 'FE',  2);
    INSERT INTO portico.tbl_codigo_ref_cdrf (cdrf_pk, cdrf_tpdt_pk, cdrf_valor, cdrf_orden) VALUES (52452, 43240, 'FT',  3);
    INSERT INTO portico.tbl_codigo_ref_cdrf (cdrf_pk, cdrf_tpdt_pk, cdrf_valor, cdrf_orden) VALUES (52453, 43240, 'OB',  4);
    INSERT INTO portico.tbl_codigo_ref_cdrf (cdrf_pk, cdrf_tpdt_pk, cdrf_valor, cdrf_orden) VALUES (52454, 43240, 'OT',  5);
    INSERT INTO portico.tbl_codigo_ref_cdrf (cdrf_pk, cdrf_tpdt_pk, cdrf_valor, cdrf_orden) VALUES (52455, 43240, 'TR',  6);
		INSERT INTO portico.tbl_codigo_ref_i18n_cdri (cdri_cdrf_pk, cdri_idioma, cdri_texto) VALUES (52450, 'es_ES', 'EX');
		INSERT INTO portico.tbl_codigo_ref_i18n_cdri (cdri_cdrf_pk, cdri_idioma, cdri_texto) VALUES (52451, 'es_ES', 'FE');
		INSERT INTO portico.tbl_codigo_ref_i18n_cdri (cdri_cdrf_pk, cdri_idioma, cdri_texto) VALUES (52452, 'es_ES', 'FT');
		INSERT INTO portico.tbl_codigo_ref_i18n_cdri (cdri_cdrf_pk, cdri_idioma, cdri_texto) VALUES (52453, 'es_ES', 'OB');
		INSERT INTO portico.tbl_codigo_ref_i18n_cdri (cdri_cdrf_pk, cdri_idioma, cdri_texto) VALUES (52454, 'es_ES', 'OT');
		INSERT INTO portico.tbl_codigo_ref_i18n_cdri (cdri_cdrf_pk, cdri_idioma, cdri_texto) VALUES (52455, 'es_ES', 'TR');
INSERT INTO portico.tbl_tipo_dato_tpdt (tpdt_pk, tpdt_tipo_html, tpdt_tipo_elemento, tpdt_enti_pk, tpdt_codigo, tpdt_nombre) VALUES (43245, 'S', 'CR', NULL , 'ESTADO_CM', 'Estado de Capitanía Marítima Escala');
    INSERT INTO portico.tbl_codigo_ref_cdrf (cdrf_pk, cdrf_tpdt_pk, cdrf_valor, cdrf_orden) VALUES (52500, 43245, 'A',  1);
    INSERT INTO portico.tbl_codigo_ref_cdrf (cdrf_pk, cdrf_tpdt_pk, cdrf_valor, cdrf_orden) VALUES (52501, 43245, 'D',  1);
    INSERT INTO portico.tbl_codigo_ref_cdrf (cdrf_pk, cdrf_tpdt_pk, cdrf_valor, cdrf_orden) VALUES (52502, 43245, 'S',  1);
		INSERT INTO portico.tbl_codigo_ref_i18n_cdri (cdri_cdrf_pk, cdri_idioma, cdri_texto) VALUES (52500, 'es_ES', 'A');
		INSERT INTO portico.tbl_codigo_ref_i18n_cdri (cdri_cdrf_pk, cdri_idioma, cdri_texto) VALUES (52501, 'es_ES', 'D');
		INSERT INTO portico.tbl_codigo_ref_i18n_cdri (cdri_cdrf_pk, cdri_idioma, cdri_texto) VALUES (52502, 'es_ES', 'S');
INSERT INTO portico.tbl_tipo_dato_tpdt (tpdt_pk, tpdt_tipo_html, tpdt_tipo_elemento, tpdt_enti_pk, tpdt_codigo, tpdt_nombre) VALUES (43250, 'S', 'CR', NULL , 'ESTADO_CONT_SUM', 'Estado de Contador de Suministro');
    INSERT INTO portico.tbl_codigo_ref_cdrf (cdrf_pk, cdrf_tpdt_pk, cdrf_valor, cdrf_orden) VALUES (52550, 43250, 'A',  1);
    INSERT INTO portico.tbl_codigo_ref_cdrf (cdrf_pk, cdrf_tpdt_pk, cdrf_valor, cdrf_orden) VALUES (52551, 43250, 'D',  2);
		INSERT INTO portico.tbl_codigo_ref_i18n_cdri (cdri_cdrf_pk, cdri_idioma, cdri_texto) VALUES (52550, 'es_ES', 'A');
		INSERT INTO portico.tbl_codigo_ref_i18n_cdri (cdri_cdrf_pk, cdri_idioma, cdri_texto) VALUES (52551, 'es_ES', 'D');
INSERT INTO portico.tbl_tipo_dato_tpdt (tpdt_pk, tpdt_tipo_html, tpdt_tipo_elemento, tpdt_enti_pk, tpdt_codigo, tpdt_nombre) VALUES (43255, 'S', 'CR', NULL , 'ESTADO_SER_DIV', 'Estado de Servicio Diverso');
    INSERT INTO portico.tbl_codigo_ref_cdrf (cdrf_pk, cdrf_tpdt_pk, cdrf_valor, cdrf_orden) VALUES (52600, 43255, 'C',  1);
    INSERT INTO portico.tbl_codigo_ref_cdrf (cdrf_pk, cdrf_tpdt_pk, cdrf_valor, cdrf_orden) VALUES (52601, 43255, 'F',  2);
    INSERT INTO portico.tbl_codigo_ref_cdrf (cdrf_pk, cdrf_tpdt_pk, cdrf_valor, cdrf_orden) VALUES (52602, 43255, 'I',  3);
    INSERT INTO portico.tbl_codigo_ref_cdrf (cdrf_pk, cdrf_tpdt_pk, cdrf_valor, cdrf_orden) VALUES (52603, 43255, 'S',  4);
		INSERT INTO portico.tbl_codigo_ref_i18n_cdri (cdri_cdrf_pk, cdri_idioma, cdri_texto) VALUES (52600, 'es_ES', 'C');
		INSERT INTO portico.tbl_codigo_ref_i18n_cdri (cdri_cdrf_pk, cdri_idioma, cdri_texto) VALUES (52601, 'es_ES', 'F');
		INSERT INTO portico.tbl_codigo_ref_i18n_cdri (cdri_cdrf_pk, cdri_idioma, cdri_texto) VALUES (52602, 'es_ES', 'I');
		INSERT INTO portico.tbl_codigo_ref_i18n_cdri (cdri_cdrf_pk, cdri_idioma, cdri_texto) VALUES (52603, 'es_ES', 'S');
INSERT INTO portico.tbl_tipo_dato_tpdt (tpdt_pk, tpdt_tipo_html, tpdt_tipo_elemento, tpdt_enti_pk, tpdt_codigo, tpdt_nombre) VALUES (43260, 'S', 'CR', NULL , 'ESTADO_SER_EMBAUT', 'Estado de Servicio de Embarcación Autonómica');
    INSERT INTO portico.tbl_codigo_ref_cdrf (cdrf_pk, cdrf_tpdt_pk, cdrf_valor, cdrf_orden) VALUES (52650, 43260, 'A',  1);
		INSERT INTO portico.tbl_codigo_ref_i18n_cdri (cdri_cdrf_pk, cdri_idioma, cdri_texto) VALUES (52650, 'es_ES', 'A');
INSERT INTO portico.tbl_tipo_dato_tpdt (tpdt_pk, tpdt_tipo_html, tpdt_tipo_elemento, tpdt_enti_pk, tpdt_codigo, tpdt_nombre) VALUES (43265, 'S', 'CR', NULL , 'ESTADO_ESCALA', 'Estado de Escala');
    INSERT INTO portico.tbl_codigo_ref_cdrf (cdrf_pk, cdrf_tpdt_pk, cdrf_valor, cdrf_orden) VALUES (52700, 43265, 'A',  1);
    INSERT INTO portico.tbl_codigo_ref_cdrf (cdrf_pk, cdrf_tpdt_pk, cdrf_valor, cdrf_orden) VALUES (52701, 43265, 'C',  2);
    INSERT INTO portico.tbl_codigo_ref_cdrf (cdrf_pk, cdrf_tpdt_pk, cdrf_valor, cdrf_orden) VALUES (52702, 43265, 'D',  3);
    INSERT INTO portico.tbl_codigo_ref_cdrf (cdrf_pk, cdrf_tpdt_pk, cdrf_valor, cdrf_orden) VALUES (52703, 43265, 'F',  4);
    INSERT INTO portico.tbl_codigo_ref_cdrf (cdrf_pk, cdrf_tpdt_pk, cdrf_valor, cdrf_orden) VALUES (52704, 43265, 'I',  5);
    INSERT INTO portico.tbl_codigo_ref_cdrf (cdrf_pk, cdrf_tpdt_pk, cdrf_valor, cdrf_orden) VALUES (52705, 43265, 'S',  6);
		INSERT INTO portico.tbl_codigo_ref_i18n_cdri (cdri_cdrf_pk, cdri_idioma, cdri_texto) VALUES (52700, 'es_ES', 'A - ANULADA');
		INSERT INTO portico.tbl_codigo_ref_i18n_cdri (cdri_cdrf_pk, cdri_idioma, cdri_texto) VALUES (52701, 'es_ES', 'C - AUTORIZADA');
		INSERT INTO portico.tbl_codigo_ref_i18n_cdri (cdri_cdrf_pk, cdri_idioma, cdri_texto) VALUES (52702, 'es_ES', 'D - DENEGADA');
		INSERT INTO portico.tbl_codigo_ref_i18n_cdri (cdri_cdrf_pk, cdri_idioma, cdri_texto) VALUES (52703, 'es_ES', 'F - FINALIZADA');
		INSERT INTO portico.tbl_codigo_ref_i18n_cdri (cdri_cdrf_pk, cdri_idioma, cdri_texto) VALUES (52704, 'es_ES', 'I - INICIADA');
		INSERT INTO portico.tbl_codigo_ref_i18n_cdri (cdri_cdrf_pk, cdri_idioma, cdri_texto) VALUES (52705, 'es_ES', 'S - SOLICITADA');
INSERT INTO portico.tbl_tipo_dato_tpdt (tpdt_pk, tpdt_tipo_html, tpdt_tipo_elemento, tpdt_enti_pk, tpdt_codigo, tpdt_nombre) VALUES (43270, 'S', 'CR', NULL , 'ESTADO_INCID', 'Estado de Incidencia');
    INSERT INTO portico.tbl_codigo_ref_cdrf (cdrf_pk, cdrf_tpdt_pk, cdrf_valor, cdrf_orden) VALUES (52750, 43270, 'AB',  1);
    INSERT INTO portico.tbl_codigo_ref_cdrf (cdrf_pk, cdrf_tpdt_pk, cdrf_valor, cdrf_orden) VALUES (52751, 43270, 'CE',  2);
		INSERT INTO portico.tbl_codigo_ref_i18n_cdri (cdri_cdrf_pk, cdri_idioma, cdri_texto) VALUES (52750, 'es_ES', 'AB');
		INSERT INTO portico.tbl_codigo_ref_i18n_cdri (cdri_cdrf_pk, cdri_idioma, cdri_texto) VALUES (52751, 'es_ES', 'CE');
INSERT INTO portico.tbl_tipo_dato_tpdt (tpdt_pk, tpdt_tipo_html, tpdt_tipo_elemento, tpdt_enti_pk, tpdt_codigo, tpdt_nombre) VALUES (43275, 'S', 'CR', NULL , 'ESTADO_PRAC', 'Estado de Practicaje');
    INSERT INTO portico.tbl_codigo_ref_cdrf (cdrf_pk, cdrf_tpdt_pk, cdrf_valor, cdrf_orden) VALUES (52800, 43275, 'F',  1);
    INSERT INTO portico.tbl_codigo_ref_cdrf (cdrf_pk, cdrf_tpdt_pk, cdrf_valor, cdrf_orden) VALUES (52801, 43275, 'S',  2);
		INSERT INTO portico.tbl_codigo_ref_i18n_cdri (cdri_cdrf_pk, cdri_idioma, cdri_texto) VALUES (52800, 'es_ES', 'F');
		INSERT INTO portico.tbl_codigo_ref_i18n_cdri (cdri_cdrf_pk, cdri_idioma, cdri_texto) VALUES (52801, 'es_ES', 'S');
INSERT INTO portico.tbl_tipo_dato_tpdt (tpdt_pk, tpdt_tipo_html, tpdt_tipo_elemento, tpdt_enti_pk, tpdt_codigo, tpdt_nombre) VALUES (43280, 'S', 'CR', NULL , 'ESTADO_REM', 'Estado de Remolque');
    INSERT INTO portico.tbl_codigo_ref_cdrf (cdrf_pk, cdrf_tpdt_pk, cdrf_valor, cdrf_orden) VALUES (52850, 43280, 'F',  1);
    INSERT INTO portico.tbl_codigo_ref_cdrf (cdrf_pk, cdrf_tpdt_pk, cdrf_valor, cdrf_orden) VALUES (52851, 43280, 'S',  2);
		INSERT INTO portico.tbl_codigo_ref_i18n_cdri (cdri_cdrf_pk, cdri_idioma, cdri_texto) VALUES (52850, 'es_ES', 'F');
		INSERT INTO portico.tbl_codigo_ref_i18n_cdri (cdri_cdrf_pk, cdri_idioma, cdri_texto) VALUES (52851, 'es_ES', 'S');
INSERT INTO portico.tbl_tipo_dato_tpdt (tpdt_pk, tpdt_tipo_html, tpdt_tipo_elemento, tpdt_enti_pk, tpdt_codigo, tpdt_nombre) VALUES (43285, 'S', 'CR', NULL , 'ESTADO_SER_MUL', 'Estado de Servicio Múltiple');
    INSERT INTO portico.tbl_codigo_ref_cdrf (cdrf_pk, cdrf_tpdt_pk, cdrf_valor, cdrf_orden) VALUES (52900, 43285, 'A_ESC',  1);
    INSERT INTO portico.tbl_codigo_ref_cdrf (cdrf_pk, cdrf_tpdt_pk, cdrf_valor, cdrf_orden) VALUES (52901, 43285, 'A_MAN',  2);
    INSERT INTO portico.tbl_codigo_ref_cdrf (cdrf_pk, cdrf_tpdt_pk, cdrf_valor, cdrf_orden) VALUES (52902, 43285, 'A_SUB',  3);
    INSERT INTO portico.tbl_codigo_ref_cdrf (cdrf_pk, cdrf_tpdt_pk, cdrf_valor, cdrf_orden) VALUES (52903, 43285, 'A_SUP',  4);
    INSERT INTO portico.tbl_codigo_ref_cdrf (cdrf_pk, cdrf_tpdt_pk, cdrf_valor, cdrf_orden) VALUES (52904, 43285, 'B_MAN',  5);
    INSERT INTO portico.tbl_codigo_ref_cdrf (cdrf_pk, cdrf_tpdt_pk, cdrf_valor, cdrf_orden) VALUES (52905, 43285, 'C_DIV',  6);
    INSERT INTO portico.tbl_codigo_ref_cdrf (cdrf_pk, cdrf_tpdt_pk, cdrf_valor, cdrf_orden) VALUES (52906, 43285, 'C_ESC',  7);
    INSERT INTO portico.tbl_codigo_ref_cdrf (cdrf_pk, cdrf_tpdt_pk, cdrf_valor, cdrf_orden) VALUES (52907, 43285, 'C_MAN',  8);
    INSERT INTO portico.tbl_codigo_ref_cdrf (cdrf_pk, cdrf_tpdt_pk, cdrf_valor, cdrf_orden) VALUES (52908, 43285, 'C_SUB',  9);
    INSERT INTO portico.tbl_codigo_ref_cdrf (cdrf_pk, cdrf_tpdt_pk, cdrf_valor, cdrf_orden) VALUES (52909, 43285, 'C_SUP',  10);
    INSERT INTO portico.tbl_codigo_ref_cdrf (cdrf_pk, cdrf_tpdt_pk, cdrf_valor, cdrf_orden) VALUES (52910, 43285, 'D_ESC',  11);
    INSERT INTO portico.tbl_codigo_ref_cdrf (cdrf_pk, cdrf_tpdt_pk, cdrf_valor, cdrf_orden) VALUES (52911, 43285, 'D_SUB',  12);
    INSERT INTO portico.tbl_codigo_ref_cdrf (cdrf_pk, cdrf_tpdt_pk, cdrf_valor, cdrf_orden) VALUES (52912, 43285, 'D_SUP',  13);
		INSERT INTO portico.tbl_codigo_ref_i18n_cdri (cdri_cdrf_pk, cdri_idioma, cdri_texto) VALUES (52900, 'es_ES', 'A_ESC');
		INSERT INTO portico.tbl_codigo_ref_i18n_cdri (cdri_cdrf_pk, cdri_idioma, cdri_texto) VALUES (52901, 'es_ES', 'A_MAN');
		INSERT INTO portico.tbl_codigo_ref_i18n_cdri (cdri_cdrf_pk, cdri_idioma, cdri_texto) VALUES (52902, 'es_ES', 'A_SUB');
		INSERT INTO portico.tbl_codigo_ref_i18n_cdri (cdri_cdrf_pk, cdri_idioma, cdri_texto) VALUES (52903, 'es_ES', 'A_SUP');
		INSERT INTO portico.tbl_codigo_ref_i18n_cdri (cdri_cdrf_pk, cdri_idioma, cdri_texto) VALUES (52904, 'es_ES', 'B_MAN');
		INSERT INTO portico.tbl_codigo_ref_i18n_cdri (cdri_cdrf_pk, cdri_idioma, cdri_texto) VALUES (52905, 'es_ES', 'C_DIV');
		INSERT INTO portico.tbl_codigo_ref_i18n_cdri (cdri_cdrf_pk, cdri_idioma, cdri_texto) VALUES (52906, 'es_ES', 'C_ESC');
		INSERT INTO portico.tbl_codigo_ref_i18n_cdri (cdri_cdrf_pk, cdri_idioma, cdri_texto) VALUES (52907, 'es_ES', 'C_MAN');
		INSERT INTO portico.tbl_codigo_ref_i18n_cdri (cdri_cdrf_pk, cdri_idioma, cdri_texto) VALUES (52908, 'es_ES', 'C_SUB');
		INSERT INTO portico.tbl_codigo_ref_i18n_cdri (cdri_cdrf_pk, cdri_idioma, cdri_texto) VALUES (52909, 'es_ES', 'C_SUP');
		INSERT INTO portico.tbl_codigo_ref_i18n_cdri (cdri_cdrf_pk, cdri_idioma, cdri_texto) VALUES (52910, 'es_ES', 'D_ESC');
		INSERT INTO portico.tbl_codigo_ref_i18n_cdri (cdri_cdrf_pk, cdri_idioma, cdri_texto) VALUES (52911, 'es_ES', 'D_SUB');
		INSERT INTO portico.tbl_codigo_ref_i18n_cdri (cdri_cdrf_pk, cdri_idioma, cdri_texto) VALUES (52912, 'es_ES', 'D_SUP');
-- FIXME FALTAN
INSERT INTO portico.tbl_tipo_dato_tpdt (tpdt_pk, tpdt_tipo_html, tpdt_tipo_elemento, tpdt_enti_pk, tpdt_codigo, tpdt_nombre) VALUES (43290, 'S', 'CR', NULL , 'ESTADO_SUP', 'Estado de Superficie');
    INSERT INTO portico.tbl_codigo_ref_cdrf (cdrf_pk, cdrf_tpdt_pk, cdrf_valor, cdrf_orden) VALUES (52950, 43290, 'A',  1);
    INSERT INTO portico.tbl_codigo_ref_cdrf (cdrf_pk, cdrf_tpdt_pk, cdrf_valor, cdrf_orden) VALUES (52951, 43290, 'C',  2);
    INSERT INTO portico.tbl_codigo_ref_cdrf (cdrf_pk, cdrf_tpdt_pk, cdrf_valor, cdrf_orden) VALUES (52952, 43290, 'D',  3);
    INSERT INTO portico.tbl_codigo_ref_cdrf (cdrf_pk, cdrf_tpdt_pk, cdrf_valor, cdrf_orden) VALUES (52953, 43290, 'F',  4);
    INSERT INTO portico.tbl_codigo_ref_cdrf (cdrf_pk, cdrf_tpdt_pk, cdrf_valor, cdrf_orden) VALUES (52954, 43290, 'I',  5);
    INSERT INTO portico.tbl_codigo_ref_cdrf (cdrf_pk, cdrf_tpdt_pk, cdrf_valor, cdrf_orden) VALUES (52955, 43290, 'S',  6);
		INSERT INTO portico.tbl_codigo_ref_i18n_cdri (cdri_cdrf_pk, cdri_idioma, cdri_texto) VALUES (52950, 'es_ES', 'A');
		INSERT INTO portico.tbl_codigo_ref_i18n_cdri (cdri_cdrf_pk, cdri_idioma, cdri_texto) VALUES (52951, 'es_ES', 'C');
		INSERT INTO portico.tbl_codigo_ref_i18n_cdri (cdri_cdrf_pk, cdri_idioma, cdri_texto) VALUES (52952, 'es_ES', 'D');
		INSERT INTO portico.tbl_codigo_ref_i18n_cdri (cdri_cdrf_pk, cdri_idioma, cdri_texto) VALUES (52953, 'es_ES', 'F');
		INSERT INTO portico.tbl_codigo_ref_i18n_cdri (cdri_cdrf_pk, cdri_idioma, cdri_texto) VALUES (52954, 'es_ES', 'I');
		INSERT INTO portico.tbl_codigo_ref_i18n_cdri (cdri_cdrf_pk, cdri_idioma, cdri_texto) VALUES (52955, 'es_ES', 'S');
INSERT INTO portico.tbl_tipo_dato_tpdt (tpdt_pk, tpdt_tipo_html, tpdt_tipo_elemento, tpdt_enti_pk, tpdt_codigo, tpdt_nombre) VALUES (43295, 'S', 'CR', NULL , 'ESTADO_SUM', 'Estado de Suministro');
    INSERT INTO portico.tbl_codigo_ref_cdrf (cdrf_pk, cdrf_tpdt_pk, cdrf_valor, cdrf_orden) VALUES (53000, 43295, 'A',  1);
    INSERT INTO portico.tbl_codigo_ref_cdrf (cdrf_pk, cdrf_tpdt_pk, cdrf_valor, cdrf_orden) VALUES (53001, 43295, 'C',  2);
    INSERT INTO portico.tbl_codigo_ref_cdrf (cdrf_pk, cdrf_tpdt_pk, cdrf_valor, cdrf_orden) VALUES (53002, 43295, 'D',  3);
    INSERT INTO portico.tbl_codigo_ref_cdrf (cdrf_pk, cdrf_tpdt_pk, cdrf_valor, cdrf_orden) VALUES (53003, 43295, 'F',  4);
    INSERT INTO portico.tbl_codigo_ref_cdrf (cdrf_pk, cdrf_tpdt_pk, cdrf_valor, cdrf_orden) VALUES (53004, 43295, 'I',  5);
    INSERT INTO portico.tbl_codigo_ref_cdrf (cdrf_pk, cdrf_tpdt_pk, cdrf_valor, cdrf_orden) VALUES (53005, 43295, 'S',  6);
		INSERT INTO portico.tbl_codigo_ref_i18n_cdri (cdri_cdrf_pk, cdri_idioma, cdri_texto) VALUES (53000, 'es_ES', 'A');
		INSERT INTO portico.tbl_codigo_ref_i18n_cdri (cdri_cdrf_pk, cdri_idioma, cdri_texto) VALUES (53001, 'es_ES', 'C');
		INSERT INTO portico.tbl_codigo_ref_i18n_cdri (cdri_cdrf_pk, cdri_idioma, cdri_texto) VALUES (53002, 'es_ES', 'D');
		INSERT INTO portico.tbl_codigo_ref_i18n_cdri (cdri_cdrf_pk, cdri_idioma, cdri_texto) VALUES (53003, 'es_ES', 'F');
		INSERT INTO portico.tbl_codigo_ref_i18n_cdri (cdri_cdrf_pk, cdri_idioma, cdri_texto) VALUES (53004, 'es_ES', 'I');
		INSERT INTO portico.tbl_codigo_ref_i18n_cdri (cdri_cdrf_pk, cdri_idioma, cdri_texto) VALUES (53005, 'es_ES', 'S');
INSERT INTO portico.tbl_tipo_dato_tpdt (tpdt_pk, tpdt_tipo_html, tpdt_tipo_elemento, tpdt_enti_pk, tpdt_codigo, tpdt_nombre) VALUES (43300, 'S', 'CR', NULL , 'ESTADO_TASA_SERV', 'Estado de Tasa de Servicio');
    INSERT INTO portico.tbl_codigo_ref_cdrf (cdrf_pk, cdrf_tpdt_pk, cdrf_valor, cdrf_orden) VALUES (53050, 43300, 'E',  1);
    INSERT INTO portico.tbl_codigo_ref_cdrf (cdrf_pk, cdrf_tpdt_pk, cdrf_valor, cdrf_orden) VALUES (53051, 43300, 'L',  2);
    INSERT INTO portico.tbl_codigo_ref_cdrf (cdrf_pk, cdrf_tpdt_pk, cdrf_valor, cdrf_orden) VALUES (53052, 43300, 'N',  3);
    INSERT INTO portico.tbl_codigo_ref_cdrf (cdrf_pk, cdrf_tpdt_pk, cdrf_valor, cdrf_orden) VALUES (53053, 43300, 'P',  4);
    INSERT INTO portico.tbl_codigo_ref_cdrf (cdrf_pk, cdrf_tpdt_pk, cdrf_valor, cdrf_orden) VALUES (53054, 43300, 'T',  5);
    INSERT INTO portico.tbl_codigo_ref_cdrf (cdrf_pk, cdrf_tpdt_pk, cdrf_valor, cdrf_orden) VALUES (53055, 43300, 'V',  6);
    INSERT INTO portico.tbl_codigo_ref_cdrf (cdrf_pk, cdrf_tpdt_pk, cdrf_valor, cdrf_orden) VALUES (53056, 43300, 'X',  7);
		INSERT INTO portico.tbl_codigo_ref_i18n_cdri (cdri_cdrf_pk, cdri_idioma, cdri_texto) VALUES (53050, 'es_ES', 'E');
		INSERT INTO portico.tbl_codigo_ref_i18n_cdri (cdri_cdrf_pk, cdri_idioma, cdri_texto) VALUES (53051, 'es_ES', 'L');
		INSERT INTO portico.tbl_codigo_ref_i18n_cdri (cdri_cdrf_pk, cdri_idioma, cdri_texto) VALUES (53052, 'es_ES', 'N');
		INSERT INTO portico.tbl_codigo_ref_i18n_cdri (cdri_cdrf_pk, cdri_idioma, cdri_texto) VALUES (53053, 'es_ES', 'P');
		INSERT INTO portico.tbl_codigo_ref_i18n_cdri (cdri_cdrf_pk, cdri_idioma, cdri_texto) VALUES (53054, 'es_ES', 'T');
		INSERT INTO portico.tbl_codigo_ref_i18n_cdri (cdri_cdrf_pk, cdri_idioma, cdri_texto) VALUES (53055, 'es_ES', 'V');
		INSERT INTO portico.tbl_codigo_ref_i18n_cdri (cdri_cdrf_pk, cdri_idioma, cdri_texto) VALUES (53056, 'es_ES', 'X');
INSERT INTO portico.tbl_tipo_dato_tpdt (tpdt_pk, tpdt_tipo_html, tpdt_tipo_elemento, tpdt_enti_pk, tpdt_codigo, tpdt_nombre) VALUES (43305, 'S', 'CR', NULL , 'ESTADO_VALOR', 'Estado de Valoración');
    INSERT INTO portico.tbl_codigo_ref_cdrf (cdrf_pk, cdrf_tpdt_pk, cdrf_valor, cdrf_orden) VALUES (53100, 43305, 'A',  1);
    INSERT INTO portico.tbl_codigo_ref_cdrf (cdrf_pk, cdrf_tpdt_pk, cdrf_valor, cdrf_orden) VALUES (53101, 43305, 'B',  2);
		INSERT INTO portico.tbl_codigo_ref_i18n_cdri (cdri_cdrf_pk, cdri_idioma, cdri_texto) VALUES (53100, 'es_ES', 'A');
		INSERT INTO portico.tbl_codigo_ref_i18n_cdri (cdri_cdrf_pk, cdri_idioma, cdri_texto) VALUES (53101, 'es_ES', 'B');
INSERT INTO portico.tbl_tipo_dato_tpdt (tpdt_pk, tpdt_tipo_html, tpdt_tipo_elemento, tpdt_enti_pk, tpdt_codigo, tpdt_nombre) VALUES (43310, 'S', 'CR', NULL , 'ZONA', 'Zona');
    INSERT INTO portico.tbl_codigo_ref_cdrf (cdrf_pk, cdrf_tpdt_pk, cdrf_valor, cdrf_orden) VALUES (53150, 43310, 'I',  1);
    INSERT INTO portico.tbl_codigo_ref_cdrf (cdrf_pk, cdrf_tpdt_pk, cdrf_valor, cdrf_orden) VALUES (53151, 43310, 'II',  2);
		INSERT INTO portico.tbl_codigo_ref_i18n_cdri (cdri_cdrf_pk, cdri_idioma, cdri_texto) VALUES (53150, 'es_ES', 'I');
		INSERT INTO portico.tbl_codigo_ref_i18n_cdri (cdri_cdrf_pk, cdri_idioma, cdri_texto) VALUES (53151, 'es_ES', 'II');
INSERT INTO portico.tbl_tipo_dato_tpdt (tpdt_pk, tpdt_tipo_html, tpdt_tipo_elemento, tpdt_enti_pk, tpdt_codigo, tpdt_nombre) VALUES (43315, 'S', 'CR', NULL , 'UNID_MED_BERMAN', 'Unidad de Medida Berman');
    INSERT INTO portico.tbl_codigo_ref_cdrf (cdrf_pk, cdrf_tpdt_pk, cdrf_valor, cdrf_orden) VALUES (53200, 43315, 'KGM',  1);
    INSERT INTO portico.tbl_codigo_ref_cdrf (cdrf_pk, cdrf_tpdt_pk, cdrf_valor, cdrf_orden) VALUES (53201, 43315, 'MTQ',  2);
    INSERT INTO portico.tbl_codigo_ref_cdrf (cdrf_pk, cdrf_tpdt_pk, cdrf_valor, cdrf_orden) VALUES (53202, 43315, 'MTR',  3);
    INSERT INTO portico.tbl_codigo_ref_cdrf (cdrf_pk, cdrf_tpdt_pk, cdrf_valor, cdrf_orden) VALUES (53203, 43315, 'NPT',  4);
    INSERT INTO portico.tbl_codigo_ref_cdrf (cdrf_pk, cdrf_tpdt_pk, cdrf_valor, cdrf_orden) VALUES (53204, 43315, 'TNE',  5);
		INSERT INTO portico.tbl_codigo_ref_i18n_cdri (cdri_cdrf_pk, cdri_idioma, cdri_texto) VALUES (53200, 'es_ES', 'KGM');
		INSERT INTO portico.tbl_codigo_ref_i18n_cdri (cdri_cdrf_pk, cdri_idioma, cdri_texto) VALUES (53201, 'es_ES', 'MTQ');
		INSERT INTO portico.tbl_codigo_ref_i18n_cdri (cdri_cdrf_pk, cdri_idioma, cdri_texto) VALUES (53202, 'es_ES', 'MTR');
		INSERT INTO portico.tbl_codigo_ref_i18n_cdri (cdri_cdrf_pk, cdri_idioma, cdri_texto) VALUES (53203, 'es_ES', 'NPT');
		INSERT INTO portico.tbl_codigo_ref_i18n_cdri (cdri_cdrf_pk, cdri_idioma, cdri_texto) VALUES (53204, 'es_ES', 'TNE');
INSERT INTO portico.tbl_tipo_dato_tpdt (tpdt_pk, tpdt_tipo_html, tpdt_tipo_elemento, tpdt_enti_pk, tpdt_codigo, tpdt_nombre) VALUES (43320, 'S', 'CR', NULL , 'UNID_PLAZO_EXP', 'Unidad de Plazo de Expediente');
    INSERT INTO portico.tbl_codigo_ref_cdrf (cdrf_pk, cdrf_tpdt_pk, cdrf_valor, cdrf_orden) VALUES (53250, 43320, 'D',  1);
    INSERT INTO portico.tbl_codigo_ref_cdrf (cdrf_pk, cdrf_tpdt_pk, cdrf_valor, cdrf_orden) VALUES (53251, 43320, 'M',  2);
    INSERT INTO portico.tbl_codigo_ref_cdrf (cdrf_pk, cdrf_tpdt_pk, cdrf_valor, cdrf_orden) VALUES (53252, 43320, 'A',  3);
		INSERT INTO portico.tbl_codigo_ref_i18n_cdri (cdri_cdrf_pk, cdri_idioma, cdri_texto) VALUES (53250, 'es_ES', 'D');
		INSERT INTO portico.tbl_codigo_ref_i18n_cdri (cdri_cdrf_pk, cdri_idioma, cdri_texto) VALUES (53251, 'es_ES', 'M');
		INSERT INTO portico.tbl_codigo_ref_i18n_cdri (cdri_cdrf_pk, cdri_idioma, cdri_texto) VALUES (53252, 'es_ES', 'A');
INSERT INTO portico.tbl_tipo_dato_tpdt (tpdt_pk, tpdt_tipo_html, tpdt_tipo_elemento, tpdt_enti_pk, tpdt_codigo, tpdt_nombre) VALUES (43325, 'S', 'CR', NULL , 'UNID_MED_SUP', 'Unidad de Medida de Superficie');
    INSERT INTO portico.tbl_codigo_ref_cdrf (cdrf_pk, cdrf_tpdt_pk, cdrf_valor, cdrf_orden) VALUES (53300, 43325, 'm1',  1);
    INSERT INTO portico.tbl_codigo_ref_cdrf (cdrf_pk, cdrf_tpdt_pk, cdrf_valor, cdrf_orden) VALUES (53301, 43325, 'm2',  2);
		INSERT INTO portico.tbl_codigo_ref_i18n_cdri (cdri_cdrf_pk, cdri_idioma, cdri_texto) VALUES (53300, 'es_ES', 'm1');
		INSERT INTO portico.tbl_codigo_ref_i18n_cdri (cdri_cdrf_pk, cdri_idioma, cdri_texto) VALUES (53301, 'es_ES', 'm2');
INSERT INTO portico.tbl_tipo_dato_tpdt (tpdt_pk, tpdt_tipo_html, tpdt_tipo_elemento, tpdt_enti_pk, tpdt_codigo, tpdt_nombre) VALUES (43330, 'S', 'CR', NULL , 'TRANS_SIMPL', 'Tránsito Simplificado');
    INSERT INTO portico.tbl_codigo_ref_cdrf (cdrf_pk, cdrf_tpdt_pk, cdrf_valor, cdrf_orden) VALUES (53350, 43330, 'ZS1',  1);
    INSERT INTO portico.tbl_codigo_ref_cdrf (cdrf_pk, cdrf_tpdt_pk, cdrf_valor, cdrf_orden) VALUES (53351, 43330, 'ZS2',  2);
    INSERT INTO portico.tbl_codigo_ref_cdrf (cdrf_pk, cdrf_tpdt_pk, cdrf_valor, cdrf_orden) VALUES (53352, 43330, 'ZS4',  3);
		INSERT INTO portico.tbl_codigo_ref_i18n_cdri (cdri_cdrf_pk, cdri_idioma, cdri_texto) VALUES (53350, 'es_ES', 'ZS1');
		INSERT INTO portico.tbl_codigo_ref_i18n_cdri (cdri_cdrf_pk, cdri_idioma, cdri_texto) VALUES (53351, 'es_ES', 'ZS2');
		INSERT INTO portico.tbl_codigo_ref_i18n_cdri (cdri_cdrf_pk, cdri_idioma, cdri_texto) VALUES (53352, 'es_ES', 'ZS4');
INSERT INTO portico.tbl_tipo_dato_tpdt (tpdt_pk, tpdt_tipo_html, tpdt_tipo_elemento, tpdt_enti_pk, tpdt_codigo, tpdt_nombre) VALUES (43335, 'S', 'CR', NULL , 'TIPO_VEHIC', 'Tipo de Vehículo');
    INSERT INTO portico.tbl_codigo_ref_cdrf (cdrf_pk, cdrf_tpdt_pk, cdrf_valor, cdrf_orden) VALUES (53400, 43335, 'AU',  1);
    INSERT INTO portico.tbl_codigo_ref_cdrf (cdrf_pk, cdrf_tpdt_pk, cdrf_valor, cdrf_orden) VALUES (53401, 43335, 'CA',  2);
    INSERT INTO portico.tbl_codigo_ref_cdrf (cdrf_pk, cdrf_tpdt_pk, cdrf_valor, cdrf_orden) VALUES (53402, 43335, 'FU',  3);
    INSERT INTO portico.tbl_codigo_ref_cdrf (cdrf_pk, cdrf_tpdt_pk, cdrf_valor, cdrf_orden) VALUES (53403, 43335, 'MN',  4);
    INSERT INTO portico.tbl_codigo_ref_cdrf (cdrf_pk, cdrf_tpdt_pk, cdrf_valor, cdrf_orden) VALUES (53404, 43335, 'MO',  5);
    INSERT INTO portico.tbl_codigo_ref_cdrf (cdrf_pk, cdrf_tpdt_pk, cdrf_valor, cdrf_orden) VALUES (53405, 43335, 'RE',  6);
    INSERT INTO portico.tbl_codigo_ref_cdrf (cdrf_pk, cdrf_tpdt_pk, cdrf_valor, cdrf_orden) VALUES (53406, 43335, 'SM',  7);
    INSERT INTO portico.tbl_codigo_ref_cdrf (cdrf_pk, cdrf_tpdt_pk, cdrf_valor, cdrf_orden) VALUES (53407, 43335, 'TT',  8);
		INSERT INTO portico.tbl_codigo_ref_i18n_cdri (cdri_cdrf_pk, cdri_idioma, cdri_texto) VALUES (53400, 'es_ES', 'AU');
		INSERT INTO portico.tbl_codigo_ref_i18n_cdri (cdri_cdrf_pk, cdri_idioma, cdri_texto) VALUES (53401, 'es_ES', 'CA');
		INSERT INTO portico.tbl_codigo_ref_i18n_cdri (cdri_cdrf_pk, cdri_idioma, cdri_texto) VALUES (53402, 'es_ES', 'FU');
		INSERT INTO portico.tbl_codigo_ref_i18n_cdri (cdri_cdrf_pk, cdri_idioma, cdri_texto) VALUES (53403, 'es_ES', 'MN');
		INSERT INTO portico.tbl_codigo_ref_i18n_cdri (cdri_cdrf_pk, cdri_idioma, cdri_texto) VALUES (53404, 'es_ES', 'MO');
		INSERT INTO portico.tbl_codigo_ref_i18n_cdri (cdri_cdrf_pk, cdri_idioma, cdri_texto) VALUES (53405, 'es_ES', 'RE');
		INSERT INTO portico.tbl_codigo_ref_i18n_cdri (cdri_cdrf_pk, cdri_idioma, cdri_texto) VALUES (53406, 'es_ES', 'SM');
		INSERT INTO portico.tbl_codigo_ref_i18n_cdri (cdri_cdrf_pk, cdri_idioma, cdri_texto) VALUES (53407, 'es_ES', 'TT');
INSERT INTO portico.tbl_tipo_dato_tpdt (tpdt_pk, tpdt_tipo_html, tpdt_tipo_elemento, tpdt_enti_pk, tpdt_codigo, tpdt_nombre) VALUES (43340, 'S', 'CR', NULL , 'TIPO_VAL_SUP', 'Tipo de Valoración de Superficie');
    INSERT INTO portico.tbl_codigo_ref_cdrf (cdrf_pk, cdrf_tpdt_pk, cdrf_valor, cdrf_orden) VALUES (53450, 43340, 'C',  1);
    INSERT INTO portico.tbl_codigo_ref_cdrf (cdrf_pk, cdrf_tpdt_pk, cdrf_valor, cdrf_orden) VALUES (53451, 43340, 'R',  2);
		INSERT INTO portico.tbl_codigo_ref_i18n_cdri (cdri_cdrf_pk, cdri_idioma, cdri_texto) VALUES (53450, 'es_ES', 'C');
		INSERT INTO portico.tbl_codigo_ref_i18n_cdri (cdri_cdrf_pk, cdri_idioma, cdri_texto) VALUES (53451, 'es_ES', 'R');
INSERT INTO portico.tbl_tipo_dato_tpdt (tpdt_pk, tpdt_tipo_html, tpdt_tipo_elemento, tpdt_enti_pk, tpdt_codigo, tpdt_nombre) VALUES (43345, 'S', 'CR', NULL , 'TIPO_UNIDAD', 'Tipo de Unidad');
    INSERT INTO portico.tbl_codigo_ref_cdrf (cdrf_pk, cdrf_tpdt_pk, cdrf_valor, cdrf_orden) VALUES (53500, 43345, 'EM2',  1);
    INSERT INTO portico.tbl_codigo_ref_cdrf (cdrf_pk, cdrf_tpdt_pk, cdrf_valor, cdrf_orden) VALUES (53501, 43345, 'EUR',  2);
    INSERT INTO portico.tbl_codigo_ref_cdrf (cdrf_pk, cdrf_tpdt_pk, cdrf_valor, cdrf_orden) VALUES (53502, 43345, 'GTS',  3);
    INSERT INTO portico.tbl_codigo_ref_cdrf (cdrf_pk, cdrf_tpdt_pk, cdrf_valor, cdrf_orden) VALUES (53503, 43345, 'LTR',  4);
    INSERT INTO portico.tbl_codigo_ref_cdrf (cdrf_pk, cdrf_tpdt_pk, cdrf_valor, cdrf_orden) VALUES (53504, 43345, 'MAN',  5);
    INSERT INTO portico.tbl_codigo_ref_cdrf (cdrf_pk, cdrf_tpdt_pk, cdrf_valor, cdrf_orden) VALUES (53505, 43345, 'MIN',  6);
    INSERT INTO portico.tbl_codigo_ref_cdrf (cdrf_pk, cdrf_tpdt_pk, cdrf_valor, cdrf_orden) VALUES (53506, 43345, 'MPH',  7);
    INSERT INTO portico.tbl_codigo_ref_cdrf (cdrf_pk, cdrf_tpdt_pk, cdrf_valor, cdrf_orden) VALUES (53507, 43345, 'PAX',  8);
    INSERT INTO portico.tbl_codigo_ref_cdrf (cdrf_pk, cdrf_tpdt_pk, cdrf_valor, cdrf_orden) VALUES (53508, 43345, 'PCE',  9);
    INSERT INTO portico.tbl_codigo_ref_cdrf (cdrf_pk, cdrf_tpdt_pk, cdrf_valor, cdrf_orden) VALUES (53509, 43345, 'REC',  10);
    INSERT INTO portico.tbl_codigo_ref_cdrf (cdrf_pk, cdrf_tpdt_pk, cdrf_valor, cdrf_orden) VALUES (53510, 43345, 'SRV',  11);
    INSERT INTO portico.tbl_codigo_ref_cdrf (cdrf_pk, cdrf_tpdt_pk, cdrf_valor, cdrf_orden) VALUES (53511, 43345, 'TBJ',  12);
    INSERT INTO portico.tbl_codigo_ref_cdrf (cdrf_pk, cdrf_tpdt_pk, cdrf_valor, cdrf_orden) VALUES (53512, 43345, 'TEU',  13);
    INSERT INTO portico.tbl_codigo_ref_cdrf (cdrf_pk, cdrf_tpdt_pk, cdrf_valor, cdrf_orden) VALUES (53513, 43345, 'TNE',  14);
    INSERT INTO portico.tbl_codigo_ref_cdrf (cdrf_pk, cdrf_tpdt_pk, cdrf_valor, cdrf_orden) VALUES (53514, 43345, 'TNR',  15);
    INSERT INTO portico.tbl_codigo_ref_cdrf (cdrf_pk, cdrf_tpdt_pk, cdrf_valor, cdrf_orden) VALUES (53515, 43345, 'TPH',  16);
    INSERT INTO portico.tbl_codigo_ref_cdrf (cdrf_pk, cdrf_tpdt_pk, cdrf_valor, cdrf_orden) VALUES (53516, 43345, 'VPN',  17);
		INSERT INTO portico.tbl_codigo_ref_i18n_cdri (cdri_cdrf_pk, cdri_idioma, cdri_texto) VALUES (53500, 'es_ES', 'EM2');
		INSERT INTO portico.tbl_codigo_ref_i18n_cdri (cdri_cdrf_pk, cdri_idioma, cdri_texto) VALUES (53501, 'es_ES', 'EUR');
		INSERT INTO portico.tbl_codigo_ref_i18n_cdri (cdri_cdrf_pk, cdri_idioma, cdri_texto) VALUES (53502, 'es_ES', 'GTS');
		INSERT INTO portico.tbl_codigo_ref_i18n_cdri (cdri_cdrf_pk, cdri_idioma, cdri_texto) VALUES (53503, 'es_ES', 'LTR');
		INSERT INTO portico.tbl_codigo_ref_i18n_cdri (cdri_cdrf_pk, cdri_idioma, cdri_texto) VALUES (53504, 'es_ES', 'MAN');
		INSERT INTO portico.tbl_codigo_ref_i18n_cdri (cdri_cdrf_pk, cdri_idioma, cdri_texto) VALUES (53505, 'es_ES', 'MIN');
		INSERT INTO portico.tbl_codigo_ref_i18n_cdri (cdri_cdrf_pk, cdri_idioma, cdri_texto) VALUES (53506, 'es_ES', 'MPH');
		INSERT INTO portico.tbl_codigo_ref_i18n_cdri (cdri_cdrf_pk, cdri_idioma, cdri_texto) VALUES (53507, 'es_ES', 'PAX');
		INSERT INTO portico.tbl_codigo_ref_i18n_cdri (cdri_cdrf_pk, cdri_idioma, cdri_texto) VALUES (53508, 'es_ES', 'PCE');
		INSERT INTO portico.tbl_codigo_ref_i18n_cdri (cdri_cdrf_pk, cdri_idioma, cdri_texto) VALUES (53509, 'es_ES', 'REC');
		INSERT INTO portico.tbl_codigo_ref_i18n_cdri (cdri_cdrf_pk, cdri_idioma, cdri_texto) VALUES (53510, 'es_ES', 'SRV');
		INSERT INTO portico.tbl_codigo_ref_i18n_cdri (cdri_cdrf_pk, cdri_idioma, cdri_texto) VALUES (53511, 'es_ES', 'TBJ');
		INSERT INTO portico.tbl_codigo_ref_i18n_cdri (cdri_cdrf_pk, cdri_idioma, cdri_texto) VALUES (53512, 'es_ES', 'TEU');
		INSERT INTO portico.tbl_codigo_ref_i18n_cdri (cdri_cdrf_pk, cdri_idioma, cdri_texto) VALUES (53513, 'es_ES', 'TNE');
		INSERT INTO portico.tbl_codigo_ref_i18n_cdri (cdri_cdrf_pk, cdri_idioma, cdri_texto) VALUES (53514, 'es_ES', 'TNR');
		INSERT INTO portico.tbl_codigo_ref_i18n_cdri (cdri_cdrf_pk, cdri_idioma, cdri_texto) VALUES (53515, 'es_ES', 'TPH');
		INSERT INTO portico.tbl_codigo_ref_i18n_cdri (cdri_cdrf_pk, cdri_idioma, cdri_texto) VALUES (53516, 'es_ES', 'VPN');
INSERT INTO portico.tbl_tipo_dato_tpdt (tpdt_pk, tpdt_tipo_html, tpdt_tipo_elemento, tpdt_enti_pk, tpdt_codigo, tpdt_nombre) VALUES (43350, 'S', 'CR', NULL , 'TIPO_TASATARIFA', 'Tipo de Tasa-Tarifa');
    INSERT INTO portico.tbl_codigo_ref_cdrf (cdrf_pk, cdrf_tpdt_pk, cdrf_valor, cdrf_orden) VALUES (53550, 43350, 'T',  1);
    INSERT INTO portico.tbl_codigo_ref_cdrf (cdrf_pk, cdrf_tpdt_pk, cdrf_valor, cdrf_orden) VALUES (53551, 43350, 'B',  2);
		INSERT INTO portico.tbl_codigo_ref_i18n_cdri (cdri_cdrf_pk, cdri_idioma, cdri_texto) VALUES (53550, 'es_ES', 'T');
		INSERT INTO portico.tbl_codigo_ref_i18n_cdri (cdri_cdrf_pk, cdri_idioma, cdri_texto) VALUES (53551, 'es_ES', 'B');
INSERT INTO portico.tbl_tipo_dato_tpdt (tpdt_pk, tpdt_tipo_html, tpdt_tipo_elemento, tpdt_enti_pk, tpdt_codigo, tpdt_nombre) VALUES (43355, 'S', 'CR', NULL , 'TIPO_SERV_DOC', 'Tipo de Servicio de Documento');
    INSERT INTO portico.tbl_codigo_ref_cdrf (cdrf_pk, cdrf_tpdt_pk, cdrf_valor, cdrf_orden) VALUES (53600, 43355, 'ESC',  1);
    INSERT INTO portico.tbl_codigo_ref_cdrf (cdrf_pk, cdrf_tpdt_pk, cdrf_valor, cdrf_orden) VALUES (53601, 43355, 'INC',  2);
    INSERT INTO portico.tbl_codigo_ref_cdrf (cdrf_pk, cdrf_tpdt_pk, cdrf_valor, cdrf_orden) VALUES (53602, 43355, 'MAN',  3);
    INSERT INTO portico.tbl_codigo_ref_cdrf (cdrf_pk, cdrf_tpdt_pk, cdrf_valor, cdrf_orden) VALUES (53603, 43355, 'N-A',  4);
		INSERT INTO portico.tbl_codigo_ref_i18n_cdri (cdri_cdrf_pk, cdri_idioma, cdri_texto) VALUES (53600, 'es_ES', 'ESC');
		INSERT INTO portico.tbl_codigo_ref_i18n_cdri (cdri_cdrf_pk, cdri_idioma, cdri_texto) VALUES (53601, 'es_ES', 'INC');
		INSERT INTO portico.tbl_codigo_ref_i18n_cdri (cdri_cdrf_pk, cdri_idioma, cdri_texto) VALUES (53602, 'es_ES', 'MAN');
		INSERT INTO portico.tbl_codigo_ref_i18n_cdri (cdri_cdrf_pk, cdri_idioma, cdri_texto) VALUES (53603, 'es_ES', 'N-A');
INSERT INTO portico.tbl_tipo_dato_tpdt (tpdt_pk, tpdt_tipo_html, tpdt_tipo_elemento, tpdt_enti_pk, tpdt_codigo, tpdt_nombre) VALUES (43360, 'S', 'CR', NULL , 'TIPO_SERV', 'Tipo de Servicio');
    INSERT INTO portico.tbl_codigo_ref_cdrf (cdrf_pk, cdrf_tpdt_pk, cdrf_valor, cdrf_orden) VALUES (53650, 43360, 'AMA',  1);
    INSERT INTO portico.tbl_codigo_ref_cdrf (cdrf_pk, cdrf_tpdt_pk, cdrf_valor, cdrf_orden) VALUES (53651, 43360, 'CEN',  2);
    INSERT INTO portico.tbl_codigo_ref_cdrf (cdrf_pk, cdrf_tpdt_pk, cdrf_valor, cdrf_orden) VALUES (53652, 43360, 'DOC',  3);
    INSERT INTO portico.tbl_codigo_ref_cdrf (cdrf_pk, cdrf_tpdt_pk, cdrf_valor, cdrf_orden) VALUES (53653, 43360, 'DOM',  4);
    INSERT INTO portico.tbl_codigo_ref_cdrf (cdrf_pk, cdrf_tpdt_pk, cdrf_valor, cdrf_orden) VALUES (53654, 43360, 'EAU',  5);
    INSERT INTO portico.tbl_codigo_ref_cdrf (cdrf_pk, cdrf_tpdt_pk, cdrf_valor, cdrf_orden) VALUES (53655, 43360, 'EMA',  6);
    INSERT INTO portico.tbl_codigo_ref_cdrf (cdrf_pk, cdrf_tpdt_pk, cdrf_valor, cdrf_orden) VALUES (53656, 43360, 'EMB',  7);
    INSERT INTO portico.tbl_codigo_ref_cdrf (cdrf_pk, cdrf_tpdt_pk, cdrf_valor, cdrf_orden) VALUES (53657, 43360, 'ESC',  8);
    INSERT INTO portico.tbl_codigo_ref_cdrf (cdrf_pk, cdrf_tpdt_pk, cdrf_valor, cdrf_orden) VALUES (53658, 43360, 'EST',  9);
    INSERT INTO portico.tbl_codigo_ref_cdrf (cdrf_pk, cdrf_tpdt_pk, cdrf_valor, cdrf_orden) VALUES (53659, 43360, 'FAC',  10);
    INSERT INTO portico.tbl_codigo_ref_cdrf (cdrf_pk, cdrf_tpdt_pk, cdrf_valor, cdrf_orden) VALUES (53660, 43360, 'FAP',  11);
    INSERT INTO portico.tbl_codigo_ref_cdrf (cdrf_pk, cdrf_tpdt_pk, cdrf_valor, cdrf_orden) VALUES (53661, 43360, 'GEN',  12);
    INSERT INTO portico.tbl_codigo_ref_cdrf (cdrf_pk, cdrf_tpdt_pk, cdrf_valor, cdrf_orden) VALUES (53662, 43360, 'INC',  13);
    INSERT INTO portico.tbl_codigo_ref_cdrf (cdrf_pk, cdrf_tpdt_pk, cdrf_valor, cdrf_orden) VALUES (53663, 43360, 'MAN',  14);
    INSERT INTO portico.tbl_codigo_ref_cdrf (cdrf_pk, cdrf_tpdt_pk, cdrf_valor, cdrf_orden) VALUES (53664, 43360, 'MAS',  15);
    INSERT INTO portico.tbl_codigo_ref_cdrf (cdrf_pk, cdrf_tpdt_pk, cdrf_valor, cdrf_orden) VALUES (53665, 43360, 'PES',  16);
    INSERT INTO portico.tbl_codigo_ref_cdrf (cdrf_pk, cdrf_tpdt_pk, cdrf_valor, cdrf_orden) VALUES (53666, 43360, 'PRA',  17);
    INSERT INTO portico.tbl_codigo_ref_cdrf (cdrf_pk, cdrf_tpdt_pk, cdrf_valor, cdrf_orden) VALUES (53667, 43360, 'REM',  18);
    INSERT INTO portico.tbl_codigo_ref_cdrf (cdrf_pk, cdrf_tpdt_pk, cdrf_valor, cdrf_orden) VALUES (53668, 43360, 'SEG',  19);
    INSERT INTO portico.tbl_codigo_ref_cdrf (cdrf_pk, cdrf_tpdt_pk, cdrf_valor, cdrf_orden) VALUES (53669, 43360, 'SER',  20);
    INSERT INTO portico.tbl_codigo_ref_cdrf (cdrf_pk, cdrf_tpdt_pk, cdrf_valor, cdrf_orden) VALUES (53670, 43360, 'SIM',  21);
    INSERT INTO portico.tbl_codigo_ref_cdrf (cdrf_pk, cdrf_tpdt_pk, cdrf_valor, cdrf_orden) VALUES (53671, 43360, 'SUB',  22);
    INSERT INTO portico.tbl_codigo_ref_cdrf (cdrf_pk, cdrf_tpdt_pk, cdrf_valor, cdrf_orden) VALUES (53672, 43360, 'SUM',  23);
    INSERT INTO portico.tbl_codigo_ref_cdrf (cdrf_pk, cdrf_tpdt_pk, cdrf_valor, cdrf_orden) VALUES (53673, 43360, 'SUP',  24);
		INSERT INTO portico.tbl_codigo_ref_i18n_cdri (cdri_cdrf_pk, cdri_idioma, cdri_texto) VALUES (53650, 'es_ES', 'AMA');
		INSERT INTO portico.tbl_codigo_ref_i18n_cdri (cdri_cdrf_pk, cdri_idioma, cdri_texto) VALUES (53651, 'es_ES', 'CEN');
		INSERT INTO portico.tbl_codigo_ref_i18n_cdri (cdri_cdrf_pk, cdri_idioma, cdri_texto) VALUES (53652, 'es_ES', 'DOC');
		INSERT INTO portico.tbl_codigo_ref_i18n_cdri (cdri_cdrf_pk, cdri_idioma, cdri_texto) VALUES (53653, 'es_ES', 'DOM');
		INSERT INTO portico.tbl_codigo_ref_i18n_cdri (cdri_cdrf_pk, cdri_idioma, cdri_texto) VALUES (53654, 'es_ES', 'EAU');
		INSERT INTO portico.tbl_codigo_ref_i18n_cdri (cdri_cdrf_pk, cdri_idioma, cdri_texto) VALUES (53655, 'es_ES', 'EMA');
		INSERT INTO portico.tbl_codigo_ref_i18n_cdri (cdri_cdrf_pk, cdri_idioma, cdri_texto) VALUES (53656, 'es_ES', 'EMB');
		INSERT INTO portico.tbl_codigo_ref_i18n_cdri (cdri_cdrf_pk, cdri_idioma, cdri_texto) VALUES (53657, 'es_ES', 'ESC');
		INSERT INTO portico.tbl_codigo_ref_i18n_cdri (cdri_cdrf_pk, cdri_idioma, cdri_texto) VALUES (53658, 'es_ES', 'EST');
		INSERT INTO portico.tbl_codigo_ref_i18n_cdri (cdri_cdrf_pk, cdri_idioma, cdri_texto) VALUES (53659, 'es_ES', 'FAC');
		INSERT INTO portico.tbl_codigo_ref_i18n_cdri (cdri_cdrf_pk, cdri_idioma, cdri_texto) VALUES (53660, 'es_ES', 'FAP');
		INSERT INTO portico.tbl_codigo_ref_i18n_cdri (cdri_cdrf_pk, cdri_idioma, cdri_texto) VALUES (53661, 'es_ES', 'GEN');
		INSERT INTO portico.tbl_codigo_ref_i18n_cdri (cdri_cdrf_pk, cdri_idioma, cdri_texto) VALUES (53662, 'es_ES', 'INC');
		INSERT INTO portico.tbl_codigo_ref_i18n_cdri (cdri_cdrf_pk, cdri_idioma, cdri_texto) VALUES (53663, 'es_ES', 'MAN');
		INSERT INTO portico.tbl_codigo_ref_i18n_cdri (cdri_cdrf_pk, cdri_idioma, cdri_texto) VALUES (53664, 'es_ES', 'MAS');
		INSERT INTO portico.tbl_codigo_ref_i18n_cdri (cdri_cdrf_pk, cdri_idioma, cdri_texto) VALUES (53665, 'es_ES', 'PES');
		INSERT INTO portico.tbl_codigo_ref_i18n_cdri (cdri_cdrf_pk, cdri_idioma, cdri_texto) VALUES (53666, 'es_ES', 'PRA');
		INSERT INTO portico.tbl_codigo_ref_i18n_cdri (cdri_cdrf_pk, cdri_idioma, cdri_texto) VALUES (53667, 'es_ES', 'REM');
		INSERT INTO portico.tbl_codigo_ref_i18n_cdri (cdri_cdrf_pk, cdri_idioma, cdri_texto) VALUES (53668, 'es_ES', 'SEG');
		INSERT INTO portico.tbl_codigo_ref_i18n_cdri (cdri_cdrf_pk, cdri_idioma, cdri_texto) VALUES (53669, 'es_ES', 'SER');
		INSERT INTO portico.tbl_codigo_ref_i18n_cdri (cdri_cdrf_pk, cdri_idioma, cdri_texto) VALUES (53670, 'es_ES', 'SIM');
		INSERT INTO portico.tbl_codigo_ref_i18n_cdri (cdri_cdrf_pk, cdri_idioma, cdri_texto) VALUES (53671, 'es_ES', 'SUB');
		INSERT INTO portico.tbl_codigo_ref_i18n_cdri (cdri_cdrf_pk, cdri_idioma, cdri_texto) VALUES (53672, 'es_ES', 'SUM');
		INSERT INTO portico.tbl_codigo_ref_i18n_cdri (cdri_cdrf_pk, cdri_idioma, cdri_texto) VALUES (53673, 'es_ES', 'SUP');
INSERT INTO portico.tbl_tipo_dato_tpdt (tpdt_pk, tpdt_tipo_html, tpdt_tipo_elemento, tpdt_enti_pk, tpdt_codigo, tpdt_nombre) VALUES (43365, 'S', 'CR', NULL , 'TIPO_RED_SUM', 'Tipo de Red de Suministro');
    INSERT INTO portico.tbl_codigo_ref_cdrf (cdrf_pk, cdrf_tpdt_pk, cdrf_valor, cdrf_orden) VALUES (53700, 43365, 'A',  1);
    INSERT INTO portico.tbl_codigo_ref_cdrf (cdrf_pk, cdrf_tpdt_pk, cdrf_valor, cdrf_orden) VALUES (53701, 43365, 'E',  2);
    INSERT INTO portico.tbl_codigo_ref_cdrf (cdrf_pk, cdrf_tpdt_pk, cdrf_valor, cdrf_orden) VALUES (53702, 43365, 'G',  3);
    INSERT INTO portico.tbl_codigo_ref_cdrf (cdrf_pk, cdrf_tpdt_pk, cdrf_valor, cdrf_orden) VALUES (53703, 43365, 'O',  4);
		INSERT INTO portico.tbl_codigo_ref_i18n_cdri (cdri_cdrf_pk, cdri_idioma, cdri_texto) VALUES (53700, 'es_ES', 'A');
		INSERT INTO portico.tbl_codigo_ref_i18n_cdri (cdri_cdrf_pk, cdri_idioma, cdri_texto) VALUES (53701, 'es_ES', 'E');
		INSERT INTO portico.tbl_codigo_ref_i18n_cdri (cdri_cdrf_pk, cdri_idioma, cdri_texto) VALUES (53702, 'es_ES', 'G');
		INSERT INTO portico.tbl_codigo_ref_i18n_cdri (cdri_cdrf_pk, cdri_idioma, cdri_texto) VALUES (53703, 'es_ES', 'O');
INSERT INTO portico.tbl_tipo_dato_tpdt (tpdt_pk, tpdt_tipo_html, tpdt_tipo_elemento, tpdt_enti_pk, tpdt_codigo, tpdt_nombre) VALUES (43370, 'S', 'CR', NULL , 'TIPO_PROP', 'Tipo de Propulsión');
    INSERT INTO portico.tbl_codigo_ref_cdrf (cdrf_pk, cdrf_tpdt_pk, cdrf_valor, cdrf_orden) VALUES (53800, 43370, '001',  1);
    INSERT INTO portico.tbl_codigo_ref_cdrf (cdrf_pk, cdrf_tpdt_pk, cdrf_valor, cdrf_orden) VALUES (53801, 43370, '002',  2);
    INSERT INTO portico.tbl_codigo_ref_cdrf (cdrf_pk, cdrf_tpdt_pk, cdrf_valor, cdrf_orden) VALUES (53802, 43370, '003',  3);
    INSERT INTO portico.tbl_codigo_ref_cdrf (cdrf_pk, cdrf_tpdt_pk, cdrf_valor, cdrf_orden) VALUES (53803, 43370, '004',  4);
    INSERT INTO portico.tbl_codigo_ref_cdrf (cdrf_pk, cdrf_tpdt_pk, cdrf_valor, cdrf_orden) VALUES (53804, 43370, '005',  5);
    INSERT INTO portico.tbl_codigo_ref_cdrf (cdrf_pk, cdrf_tpdt_pk, cdrf_valor, cdrf_orden) VALUES (53805, 43370, '006',  6);
    INSERT INTO portico.tbl_codigo_ref_cdrf (cdrf_pk, cdrf_tpdt_pk, cdrf_valor, cdrf_orden) VALUES (53806, 43370, '007',  7);
    INSERT INTO portico.tbl_codigo_ref_cdrf (cdrf_pk, cdrf_tpdt_pk, cdrf_valor, cdrf_orden) VALUES (53807, 43370, '008',  8);
    INSERT INTO portico.tbl_codigo_ref_cdrf (cdrf_pk, cdrf_tpdt_pk, cdrf_valor, cdrf_orden) VALUES (53808, 43370, '009',  9);
    INSERT INTO portico.tbl_codigo_ref_cdrf (cdrf_pk, cdrf_tpdt_pk, cdrf_valor, cdrf_orden) VALUES (53809, 43370, '010',  10);
		INSERT INTO portico.tbl_codigo_ref_i18n_cdri (cdri_cdrf_pk, cdri_idioma, cdri_texto) VALUES (53800, 'es_ES', '001');
		INSERT INTO portico.tbl_codigo_ref_i18n_cdri (cdri_cdrf_pk, cdri_idioma, cdri_texto) VALUES (53801, 'es_ES', '002');
		INSERT INTO portico.tbl_codigo_ref_i18n_cdri (cdri_cdrf_pk, cdri_idioma, cdri_texto) VALUES (53802, 'es_ES', '003');
		INSERT INTO portico.tbl_codigo_ref_i18n_cdri (cdri_cdrf_pk, cdri_idioma, cdri_texto) VALUES (53803, 'es_ES', '004');
		INSERT INTO portico.tbl_codigo_ref_i18n_cdri (cdri_cdrf_pk, cdri_idioma, cdri_texto) VALUES (53804, 'es_ES', '005');
		INSERT INTO portico.tbl_codigo_ref_i18n_cdri (cdri_cdrf_pk, cdri_idioma, cdri_texto) VALUES (53805, 'es_ES', '006');
		INSERT INTO portico.tbl_codigo_ref_i18n_cdri (cdri_cdrf_pk, cdri_idioma, cdri_texto) VALUES (53806, 'es_ES', '007');
		INSERT INTO portico.tbl_codigo_ref_i18n_cdri (cdri_cdrf_pk, cdri_idioma, cdri_texto) VALUES (53807, 'es_ES', '008');
		INSERT INTO portico.tbl_codigo_ref_i18n_cdri (cdri_cdrf_pk, cdri_idioma, cdri_texto) VALUES (53808, 'es_ES', '009');
		INSERT INTO portico.tbl_codigo_ref_i18n_cdri (cdri_cdrf_pk, cdri_idioma, cdri_texto) VALUES (53809, 'es_ES', '010');
INSERT INTO portico.tbl_tipo_dato_tpdt (tpdt_pk, tpdt_tipo_html, tpdt_tipo_elemento, tpdt_enti_pk, tpdt_codigo, tpdt_nombre) VALUES (43375, 'S', 'CR', NULL , 'TIPO_PREST', 'Tipo de Prestador');
    INSERT INTO portico.tbl_codigo_ref_cdrf (cdrf_pk, cdrf_tpdt_pk, cdrf_valor, cdrf_orden) VALUES (53850, 43375, 'AMARRA',  1);
    INSERT INTO portico.tbl_codigo_ref_cdrf (cdrf_pk, cdrf_tpdt_pk, cdrf_valor, cdrf_orden) VALUES (53851, 43375, 'NINGUN',  2);
    INSERT INTO portico.tbl_codigo_ref_cdrf (cdrf_pk, cdrf_tpdt_pk, cdrf_valor, cdrf_orden) VALUES (53852, 43375, 'PRACTI',  3);
    INSERT INTO portico.tbl_codigo_ref_cdrf (cdrf_pk, cdrf_tpdt_pk, cdrf_valor, cdrf_orden) VALUES (53853, 43375, 'REMOLC',  4);
		INSERT INTO portico.tbl_codigo_ref_i18n_cdri (cdri_cdrf_pk, cdri_idioma, cdri_texto) VALUES (53850, 'es_ES', 'AMARRA');
		INSERT INTO portico.tbl_codigo_ref_i18n_cdri (cdri_cdrf_pk, cdri_idioma, cdri_texto) VALUES (53851, 'es_ES', 'NINGUN');
		INSERT INTO portico.tbl_codigo_ref_i18n_cdri (cdri_cdrf_pk, cdri_idioma, cdri_texto) VALUES (53852, 'es_ES', 'PRACTI');
		INSERT INTO portico.tbl_codigo_ref_i18n_cdri (cdri_cdrf_pk, cdri_idioma, cdri_texto) VALUES (53853, 'es_ES', 'REMOLC');
INSERT INTO portico.tbl_tipo_dato_tpdt (tpdt_pk, tpdt_tipo_html, tpdt_tipo_elemento, tpdt_enti_pk, tpdt_codigo, tpdt_nombre) VALUES (43380, 'S', 'CR', NULL , 'TIPO_ORGA', 'Tipo de Organización');
    INSERT INTO portico.tbl_codigo_ref_cdrf (cdrf_pk, cdrf_tpdt_pk, cdrf_valor, cdrf_orden) VALUES (53900, 43380, 'ADUANA',  1);
    INSERT INTO portico.tbl_codigo_ref_cdrf (cdrf_pk, cdrf_tpdt_pk, cdrf_valor, cdrf_orden) VALUES (53901, 43380, 'APORTU',  2);
    INSERT INTO portico.tbl_codigo_ref_cdrf (cdrf_pk, cdrf_tpdt_pk, cdrf_valor, cdrf_orden) VALUES (53902, 43380, 'ARMADO',  3);
    INSERT INTO portico.tbl_codigo_ref_cdrf (cdrf_pk, cdrf_tpdt_pk, cdrf_valor, cdrf_orden) VALUES (53903, 43380, 'COFRAD',  4);
    INSERT INTO portico.tbl_codigo_ref_cdrf (cdrf_pk, cdrf_tpdt_pk, cdrf_valor, cdrf_orden) VALUES (53904, 43380, 'CONCES',  5);
    INSERT INTO portico.tbl_codigo_ref_cdrf (cdrf_pk, cdrf_tpdt_pk, cdrf_valor, cdrf_orden) VALUES (53905, 43380, 'CONSIG',  6);
    INSERT INTO portico.tbl_codigo_ref_cdrf (cdrf_pk, cdrf_tpdt_pk, cdrf_valor, cdrf_orden) VALUES (53906, 43380, 'ESTIBA',  7);
    INSERT INTO portico.tbl_codigo_ref_cdrf (cdrf_pk, cdrf_tpdt_pk, cdrf_valor, cdrf_orden) VALUES (53907, 43380, 'NINGUN',  8);
    INSERT INTO portico.tbl_codigo_ref_cdrf (cdrf_pk, cdrf_tpdt_pk, cdrf_valor, cdrf_orden) VALUES (53908, 43380, 'PATDEP',  9);
    INSERT INTO portico.tbl_codigo_ref_cdrf (cdrf_pk, cdrf_tpdt_pk, cdrf_valor, cdrf_orden) VALUES (53909, 43380, 'PATPES',  10);
    INSERT INTO portico.tbl_codigo_ref_cdrf (cdrf_pk, cdrf_tpdt_pk, cdrf_valor, cdrf_orden) VALUES (53910, 43380, 'TALLER',  11);
    INSERT INTO portico.tbl_codigo_ref_cdrf (cdrf_pk, cdrf_tpdt_pk, cdrf_valor, cdrf_orden) VALUES (53911, 43380, 'TRANSE',  12);
    INSERT INTO portico.tbl_codigo_ref_cdrf (cdrf_pk, cdrf_tpdt_pk, cdrf_valor, cdrf_orden) VALUES (53912, 43380, 'TRANSI',  13);
		INSERT INTO portico.tbl_codigo_ref_i18n_cdri (cdri_cdrf_pk, cdri_idioma, cdri_texto) VALUES (53900, 'es_ES', 'ADUANA');
		INSERT INTO portico.tbl_codigo_ref_i18n_cdri (cdri_cdrf_pk, cdri_idioma, cdri_texto) VALUES (53901, 'es_ES', 'APORTU');
		INSERT INTO portico.tbl_codigo_ref_i18n_cdri (cdri_cdrf_pk, cdri_idioma, cdri_texto) VALUES (53902, 'es_ES', 'ARMADO');
		INSERT INTO portico.tbl_codigo_ref_i18n_cdri (cdri_cdrf_pk, cdri_idioma, cdri_texto) VALUES (53903, 'es_ES', 'COFRAD');
		INSERT INTO portico.tbl_codigo_ref_i18n_cdri (cdri_cdrf_pk, cdri_idioma, cdri_texto) VALUES (53904, 'es_ES', 'CONCES');
		INSERT INTO portico.tbl_codigo_ref_i18n_cdri (cdri_cdrf_pk, cdri_idioma, cdri_texto) VALUES (53905, 'es_ES', 'CONSIG');
		INSERT INTO portico.tbl_codigo_ref_i18n_cdri (cdri_cdrf_pk, cdri_idioma, cdri_texto) VALUES (53906, 'es_ES', 'ESTIBA');
		INSERT INTO portico.tbl_codigo_ref_i18n_cdri (cdri_cdrf_pk, cdri_idioma, cdri_texto) VALUES (53907, 'es_ES', 'NINGUN');
		INSERT INTO portico.tbl_codigo_ref_i18n_cdri (cdri_cdrf_pk, cdri_idioma, cdri_texto) VALUES (53908, 'es_ES', 'PATDEP');
		INSERT INTO portico.tbl_codigo_ref_i18n_cdri (cdri_cdrf_pk, cdri_idioma, cdri_texto) VALUES (53909, 'es_ES', 'PATPES');
		INSERT INTO portico.tbl_codigo_ref_i18n_cdri (cdri_cdrf_pk, cdri_idioma, cdri_texto) VALUES (53910, 'es_ES', 'TALLER');
		INSERT INTO portico.tbl_codigo_ref_i18n_cdri (cdri_cdrf_pk, cdri_idioma, cdri_texto) VALUES (53911, 'es_ES', 'TRANSE');
		INSERT INTO portico.tbl_codigo_ref_i18n_cdri (cdri_cdrf_pk, cdri_idioma, cdri_texto) VALUES (53912, 'es_ES', 'TRANSI');
INSERT INTO portico.tbl_tipo_dato_tpdt (tpdt_pk, tpdt_tipo_html, tpdt_tipo_elemento, tpdt_enti_pk, tpdt_codigo, tpdt_nombre) VALUES (43385, 'S', 'CR', NULL , 'TIPO_LIST', 'Tipo de Listado');
    INSERT INTO portico.tbl_codigo_ref_cdrf (cdrf_pk, cdrf_tpdt_pk, cdrf_valor, cdrf_orden) VALUES (53950, 43385, 'G',  1);
    INSERT INTO portico.tbl_codigo_ref_cdrf (cdrf_pk, cdrf_tpdt_pk, cdrf_valor, cdrf_orden) VALUES (53951, 43385, 'D',  2);
		INSERT INTO portico.tbl_codigo_ref_i18n_cdri (cdri_cdrf_pk, cdri_idioma, cdri_texto) VALUES (53950, 'es_ES', 'G');
		INSERT INTO portico.tbl_codigo_ref_i18n_cdri (cdri_cdrf_pk, cdri_idioma, cdri_texto) VALUES (53951, 'es_ES', 'D');
INSERT INTO portico.tbl_tipo_dato_tpdt (tpdt_pk, tpdt_tipo_html, tpdt_tipo_elemento, tpdt_enti_pk, tpdt_codigo, tpdt_nombre) VALUES (43390, 'S', 'CR', NULL , 'TIPO_DEST', 'Tipo de Destino');
    INSERT INTO portico.tbl_codigo_ref_cdrf (cdrf_pk, cdrf_tpdt_pk, cdrf_valor, cdrf_orden) VALUES (54000, 43390, 'ZAH',  1);
    INSERT INTO portico.tbl_codigo_ref_cdrf (cdrf_pk, cdrf_tpdt_pk, cdrf_valor, cdrf_orden) VALUES (54001, 43390, 'ZEM',  2);
    INSERT INTO portico.tbl_codigo_ref_cdrf (cdrf_pk, cdrf_tpdt_pk, cdrf_valor, cdrf_orden) VALUES (54002, 43390, 'ZPE',  3);
		INSERT INTO portico.tbl_codigo_ref_i18n_cdri (cdri_cdrf_pk, cdri_idioma, cdri_texto) VALUES (54000, 'es_ES', 'ZAH');
		INSERT INTO portico.tbl_codigo_ref_i18n_cdri (cdri_cdrf_pk, cdri_idioma, cdri_texto) VALUES (54001, 'es_ES', 'ZEM');
		INSERT INTO portico.tbl_codigo_ref_i18n_cdri (cdri_cdrf_pk, cdri_idioma, cdri_texto) VALUES (54002, 'es_ES', 'ZPE');
INSERT INTO portico.tbl_tipo_dato_tpdt (tpdt_pk, tpdt_tipo_html, tpdt_tipo_elemento, tpdt_enti_pk, tpdt_codigo, tpdt_nombre) VALUES (43395, 'S', 'CR', NULL , 'TIPO_DATO', 'Tipo de Dato');
    INSERT INTO portico.tbl_codigo_ref_cdrf (cdrf_pk, cdrf_tpdt_pk, cdrf_valor, cdrf_orden) VALUES (54050, 43395, 'CAD',  1);
    INSERT INTO portico.tbl_codigo_ref_cdrf (cdrf_pk, cdrf_tpdt_pk, cdrf_valor, cdrf_orden) VALUES (54051, 43395, 'FEC',  2);
    INSERT INTO portico.tbl_codigo_ref_cdrf (cdrf_pk, cdrf_tpdt_pk, cdrf_valor, cdrf_orden) VALUES (54052, 43395, 'NUM',  3);
		INSERT INTO portico.tbl_codigo_ref_i18n_cdri (cdri_cdrf_pk, cdri_idioma, cdri_texto) VALUES (54050, 'es_ES', 'CAD');
		INSERT INTO portico.tbl_codigo_ref_i18n_cdri (cdri_cdrf_pk, cdri_idioma, cdri_texto) VALUES (54051, 'es_ES', 'FEC');
		INSERT INTO portico.tbl_codigo_ref_i18n_cdri (cdri_cdrf_pk, cdri_idioma, cdri_texto) VALUES (54052, 'es_ES', 'NUM');
INSERT INTO portico.tbl_tipo_dato_tpdt (tpdt_pk, tpdt_tipo_html, tpdt_tipo_elemento, tpdt_enti_pk, tpdt_codigo, tpdt_nombre) VALUES (43400, 'S', 'CR', NULL , 'TIPO_DATO_SER_DIV', 'Tipo de Dato de Servicio Diverso');
    INSERT INTO portico.tbl_codigo_ref_cdrf (cdrf_pk, cdrf_tpdt_pk, cdrf_valor, cdrf_orden) VALUES (54100, 43400, 'B',  1);
    INSERT INTO portico.tbl_codigo_ref_cdrf (cdrf_pk, cdrf_tpdt_pk, cdrf_valor, cdrf_orden) VALUES (54101, 43400, 'C',  2);
    INSERT INTO portico.tbl_codigo_ref_cdrf (cdrf_pk, cdrf_tpdt_pk, cdrf_valor, cdrf_orden) VALUES (54102, 43400, 'F',  3);
    INSERT INTO portico.tbl_codigo_ref_cdrf (cdrf_pk, cdrf_tpdt_pk, cdrf_valor, cdrf_orden) VALUES (54103, 43400, 'M',  4);
    INSERT INTO portico.tbl_codigo_ref_cdrf (cdrf_pk, cdrf_tpdt_pk, cdrf_valor, cdrf_orden) VALUES (54104, 43400, 'N',  5);
    INSERT INTO portico.tbl_codigo_ref_cdrf (cdrf_pk, cdrf_tpdt_pk, cdrf_valor, cdrf_orden) VALUES (54105, 43400, 'U',  6);
		INSERT INTO portico.tbl_codigo_ref_i18n_cdri (cdri_cdrf_pk, cdri_idioma, cdri_texto) VALUES (54100, 'es_ES', 'B');
		INSERT INTO portico.tbl_codigo_ref_i18n_cdri (cdri_cdrf_pk, cdri_idioma, cdri_texto) VALUES (54101, 'es_ES', 'C');
		INSERT INTO portico.tbl_codigo_ref_i18n_cdri (cdri_cdrf_pk, cdri_idioma, cdri_texto) VALUES (54102, 'es_ES', 'F');
		INSERT INTO portico.tbl_codigo_ref_i18n_cdri (cdri_cdrf_pk, cdri_idioma, cdri_texto) VALUES (54103, 'es_ES', 'M');
		INSERT INTO portico.tbl_codigo_ref_i18n_cdri (cdri_cdrf_pk, cdri_idioma, cdri_texto) VALUES (54104, 'es_ES', 'N');
		INSERT INTO portico.tbl_codigo_ref_i18n_cdri (cdri_cdrf_pk, cdri_idioma, cdri_texto) VALUES (54105, 'es_ES', 'U');
INSERT INTO portico.tbl_tipo_dato_tpdt (tpdt_pk, tpdt_tipo_html, tpdt_tipo_elemento, tpdt_enti_pk, tpdt_codigo, tpdt_nombre) VALUES (43405, 'S', 'CR', NULL , 'TIPO_ASOC_DOC', 'Tipo de Asociación de Documento');
    INSERT INTO portico.tbl_codigo_ref_cdrf (cdrf_pk, cdrf_tpdt_pk, cdrf_valor, cdrf_orden) VALUES (54150, 43405, 'I',  1);
    INSERT INTO portico.tbl_codigo_ref_cdrf (cdrf_pk, cdrf_tpdt_pk, cdrf_valor, cdrf_orden) VALUES (54151, 43405, 'S',  2);
		INSERT INTO portico.tbl_codigo_ref_i18n_cdri (cdri_cdrf_pk, cdri_idioma, cdri_texto) VALUES (54150, 'es_ES', 'I');
		INSERT INTO portico.tbl_codigo_ref_i18n_cdri (cdri_cdrf_pk, cdri_idioma, cdri_texto) VALUES (54151, 'es_ES', 'S');
INSERT INTO portico.tbl_tipo_dato_tpdt (tpdt_pk, tpdt_tipo_html, tpdt_tipo_elemento, tpdt_enti_pk, tpdt_codigo, tpdt_nombre) VALUES (43410, 'S', 'CR', NULL , 'TIPO_ANTIINC', 'Tipo de Antiincendios');
    INSERT INTO portico.tbl_codigo_ref_cdrf (cdrf_pk, cdrf_tpdt_pk, cdrf_valor, cdrf_orden) VALUES (54200, 43410, '001',  1);
    INSERT INTO portico.tbl_codigo_ref_cdrf (cdrf_pk, cdrf_tpdt_pk, cdrf_valor, cdrf_orden) VALUES (54201, 43410, '002',  2);
    INSERT INTO portico.tbl_codigo_ref_cdrf (cdrf_pk, cdrf_tpdt_pk, cdrf_valor, cdrf_orden) VALUES (54202, 43410, '003',  3);
    INSERT INTO portico.tbl_codigo_ref_cdrf (cdrf_pk, cdrf_tpdt_pk, cdrf_valor, cdrf_orden) VALUES (54203, 43410, '004',  4);
    INSERT INTO portico.tbl_codigo_ref_cdrf (cdrf_pk, cdrf_tpdt_pk, cdrf_valor, cdrf_orden) VALUES (54204, 43410, '005',  5);
    INSERT INTO portico.tbl_codigo_ref_cdrf (cdrf_pk, cdrf_tpdt_pk, cdrf_valor, cdrf_orden) VALUES (54205, 43410, '006',  6);
		INSERT INTO portico.tbl_codigo_ref_i18n_cdri (cdri_cdrf_pk, cdri_idioma, cdri_texto) VALUES (54200, 'es_ES', '001');
		INSERT INTO portico.tbl_codigo_ref_i18n_cdri (cdri_cdrf_pk, cdri_idioma, cdri_texto) VALUES (54201, 'es_ES', '002');
		INSERT INTO portico.tbl_codigo_ref_i18n_cdri (cdri_cdrf_pk, cdri_idioma, cdri_texto) VALUES (54202, 'es_ES', '003');
		INSERT INTO portico.tbl_codigo_ref_i18n_cdri (cdri_cdrf_pk, cdri_idioma, cdri_texto) VALUES (54203, 'es_ES', '004');
		INSERT INTO portico.tbl_codigo_ref_i18n_cdri (cdri_cdrf_pk, cdri_idioma, cdri_texto) VALUES (54204, 'es_ES', '005');
		INSERT INTO portico.tbl_codigo_ref_i18n_cdri (cdri_cdrf_pk, cdri_idioma, cdri_texto) VALUES (54205, 'es_ES', '006');
INSERT INTO portico.tbl_tipo_dato_tpdt (tpdt_pk, tpdt_tipo_html, tpdt_tipo_elemento, tpdt_enti_pk, tpdt_codigo, tpdt_nombre) VALUES (43415, 'S', 'CR', NULL , 'TIPO_PROP_BIENHIST', 'Tipo de Propietario de Bien Histórico');
    INSERT INTO portico.tbl_codigo_ref_cdrf (cdrf_pk, cdrf_tpdt_pk, cdrf_valor, cdrf_orden) VALUES (54250, 43415, 'CC',  1);
    INSERT INTO portico.tbl_codigo_ref_cdrf (cdrf_pk, cdrf_tpdt_pk, cdrf_valor, cdrf_orden) VALUES (54251, 43415, 'PA',  2);
    INSERT INTO portico.tbl_codigo_ref_cdrf (cdrf_pk, cdrf_tpdt_pk, cdrf_valor, cdrf_orden) VALUES (54252, 43415, 'PU',  3);
		INSERT INTO portico.tbl_codigo_ref_i18n_cdri (cdri_cdrf_pk, cdri_idioma, cdri_texto) VALUES (54250, 'es_ES', 'CC');
		INSERT INTO portico.tbl_codigo_ref_i18n_cdri (cdri_cdrf_pk, cdri_idioma, cdri_texto) VALUES (54251, 'es_ES', 'PA');
		INSERT INTO portico.tbl_codigo_ref_i18n_cdri (cdri_cdrf_pk, cdri_idioma, cdri_texto) VALUES (54252, 'es_ES', 'PU');
INSERT INTO portico.tbl_tipo_dato_tpdt (tpdt_pk, tpdt_tipo_html, tpdt_tipo_elemento, tpdt_enti_pk, tpdt_codigo, tpdt_nombre) VALUES (43420, 'S', 'CR', NULL , 'TIPO_PROC_EDI', 'Tipo de Proceso EDI');
    INSERT INTO portico.tbl_codigo_ref_cdrf (cdrf_pk, cdrf_tpdt_pk, cdrf_valor, cdrf_orden) VALUES (54300, 43420, 'E',  1);
    INSERT INTO portico.tbl_codigo_ref_cdrf (cdrf_pk, cdrf_tpdt_pk, cdrf_valor, cdrf_orden) VALUES (54301, 43420, 'R',  2);
		INSERT INTO portico.tbl_codigo_ref_i18n_cdri (cdri_cdrf_pk, cdri_idioma, cdri_texto) VALUES (54300, 'es_ES', 'E');
		INSERT INTO portico.tbl_codigo_ref_i18n_cdri (cdri_cdrf_pk, cdri_idioma, cdri_texto) VALUES (54301, 'es_ES', 'R');
INSERT INTO portico.tbl_tipo_dato_tpdt (tpdt_pk, tpdt_tipo_html, tpdt_tipo_elemento, tpdt_enti_pk, tpdt_codigo, tpdt_nombre) VALUES (43425, 'S', 'CR', NULL , 'TIPO_PROCESO', 'Tipo de Proceso');
    INSERT INTO portico.tbl_codigo_ref_cdrf (cdrf_pk, cdrf_tpdt_pk, cdrf_valor, cdrf_orden) VALUES (54350, 43425, 'A',  1);
    INSERT INTO portico.tbl_codigo_ref_cdrf (cdrf_pk, cdrf_tpdt_pk, cdrf_valor, cdrf_orden) VALUES (54351, 43425, 'B',  2);
    INSERT INTO portico.tbl_codigo_ref_cdrf (cdrf_pk, cdrf_tpdt_pk, cdrf_valor, cdrf_orden) VALUES (54352, 43425, 'F',  3);
    INSERT INTO portico.tbl_codigo_ref_cdrf (cdrf_pk, cdrf_tpdt_pk, cdrf_valor, cdrf_orden) VALUES (54353, 43425, 'P',  4);
    INSERT INTO portico.tbl_codigo_ref_cdrf (cdrf_pk, cdrf_tpdt_pk, cdrf_valor, cdrf_orden) VALUES (54354, 43425, 'R',  5);
    INSERT INTO portico.tbl_codigo_ref_cdrf (cdrf_pk, cdrf_tpdt_pk, cdrf_valor, cdrf_orden) VALUES (54355, 43425, 'V',  6);
		INSERT INTO portico.tbl_codigo_ref_i18n_cdri (cdri_cdrf_pk, cdri_idioma, cdri_texto) VALUES (54350, 'es_ES', 'A');
		INSERT INTO portico.tbl_codigo_ref_i18n_cdri (cdri_cdrf_pk, cdri_idioma, cdri_texto) VALUES (54351, 'es_ES', 'B');
		INSERT INTO portico.tbl_codigo_ref_i18n_cdri (cdri_cdrf_pk, cdri_idioma, cdri_texto) VALUES (54352, 'es_ES', 'F');
		INSERT INTO portico.tbl_codigo_ref_i18n_cdri (cdri_cdrf_pk, cdri_idioma, cdri_texto) VALUES (54353, 'es_ES', 'P');
		INSERT INTO portico.tbl_codigo_ref_i18n_cdri (cdri_cdrf_pk, cdri_idioma, cdri_texto) VALUES (54354, 'es_ES', 'R');
		INSERT INTO portico.tbl_codigo_ref_i18n_cdri (cdri_cdrf_pk, cdri_idioma, cdri_texto) VALUES (54355, 'es_ES', 'V');
INSERT INTO portico.tbl_tipo_dato_tpdt (tpdt_pk, tpdt_tipo_html, tpdt_tipo_elemento, tpdt_enti_pk, tpdt_codigo, tpdt_nombre) VALUES (43430, 'S', 'CR', NULL , 'TIPO_PROCED', 'Tipo de Procedimiento');
    INSERT INTO portico.tbl_codigo_ref_cdrf (cdrf_pk, cdrf_tpdt_pk, cdrf_valor, cdrf_orden) VALUES (54400, 43430, 'T',  1);
    INSERT INTO portico.tbl_codigo_ref_cdrf (cdrf_pk, cdrf_tpdt_pk, cdrf_valor, cdrf_orden) VALUES (54401, 43430, 'C',  2);
    INSERT INTO portico.tbl_codigo_ref_cdrf (cdrf_pk, cdrf_tpdt_pk, cdrf_valor, cdrf_orden) VALUES (54402, 43430, 'D',  3);
		INSERT INTO portico.tbl_codigo_ref_i18n_cdri (cdri_cdrf_pk, cdri_idioma, cdri_texto) VALUES (54400, 'es_ES', 'T');
		INSERT INTO portico.tbl_codigo_ref_i18n_cdri (cdri_cdrf_pk, cdri_idioma, cdri_texto) VALUES (54401, 'es_ES', 'C');
		INSERT INTO portico.tbl_codigo_ref_i18n_cdri (cdri_cdrf_pk, cdri_idioma, cdri_texto) VALUES (54402, 'es_ES', 'D');
INSERT INTO portico.tbl_tipo_dato_tpdt (tpdt_pk, tpdt_tipo_html, tpdt_tipo_elemento, tpdt_enti_pk, tpdt_codigo, tpdt_nombre) VALUES (43435, 'S', 'CR', NULL , 'TIPO_PET_AMA', 'Tipo de Petición de Amarre');
    INSERT INTO portico.tbl_codigo_ref_cdrf (cdrf_pk, cdrf_tpdt_pk, cdrf_valor, cdrf_orden) VALUES (54450, 43435, 'CA',  1);
    INSERT INTO portico.tbl_codigo_ref_cdrf (cdrf_pk, cdrf_tpdt_pk, cdrf_valor, cdrf_orden) VALUES (54451, 43435, 'CE',  2);
    INSERT INTO portico.tbl_codigo_ref_cdrf (cdrf_pk, cdrf_tpdt_pk, cdrf_valor, cdrf_orden) VALUES (54452, 43435, 'CT',  3);
    INSERT INTO portico.tbl_codigo_ref_cdrf (cdrf_pk, cdrf_tpdt_pk, cdrf_valor, cdrf_orden) VALUES (54453, 43435, 'NA',  4);
		INSERT INTO portico.tbl_codigo_ref_i18n_cdri (cdri_cdrf_pk, cdri_idioma, cdri_texto) VALUES (54450, 'es_ES', 'CA');
		INSERT INTO portico.tbl_codigo_ref_i18n_cdri (cdri_cdrf_pk, cdri_idioma, cdri_texto) VALUES (54451, 'es_ES', 'CE');
		INSERT INTO portico.tbl_codigo_ref_i18n_cdri (cdri_cdrf_pk, cdri_idioma, cdri_texto) VALUES (54452, 'es_ES', 'CT');
		INSERT INTO portico.tbl_codigo_ref_i18n_cdri (cdri_cdrf_pk, cdri_idioma, cdri_texto) VALUES (54453, 'es_ES', 'NA');
INSERT INTO portico.tbl_tipo_dato_tpdt (tpdt_pk, tpdt_tipo_html, tpdt_tipo_elemento, tpdt_enti_pk, tpdt_codigo, tpdt_nombre) VALUES (43440, 'S', 'CR', NULL , 'TIPO_GEN_EXP', 'Tipo General de Expediente');
    INSERT INTO portico.tbl_codigo_ref_cdrf (cdrf_pk, cdrf_tpdt_pk, cdrf_valor, cdrf_orden) VALUES (54500, 43440, 'AUT',  1);
    INSERT INTO portico.tbl_codigo_ref_cdrf (cdrf_pk, cdrf_tpdt_pk, cdrf_valor, cdrf_orden) VALUES (54501, 43440, 'CON',  2);
    INSERT INTO portico.tbl_codigo_ref_cdrf (cdrf_pk, cdrf_tpdt_pk, cdrf_valor, cdrf_orden) VALUES (54502, 43440, 'OTR',  3);
		INSERT INTO portico.tbl_codigo_ref_i18n_cdri (cdri_cdrf_pk, cdri_idioma, cdri_texto) VALUES (54500, 'es_ES', 'AUT');
		INSERT INTO portico.tbl_codigo_ref_i18n_cdri (cdri_cdrf_pk, cdri_idioma, cdri_texto) VALUES (54501, 'es_ES', 'CON');
		INSERT INTO portico.tbl_codigo_ref_i18n_cdri (cdri_cdrf_pk, cdri_idioma, cdri_texto) VALUES (54502, 'es_ES', 'OTR');
INSERT INTO portico.tbl_tipo_dato_tpdt (tpdt_pk, tpdt_tipo_html, tpdt_tipo_elemento, tpdt_enti_pk, tpdt_codigo, tpdt_nombre) VALUES (43445, 'S', 'CR', NULL , 'TIPO_FIC_MENS_EDI', 'Tipo de Fichero de Mensaje EDI');
    INSERT INTO portico.tbl_codigo_ref_cdrf (cdrf_pk, cdrf_tpdt_pk, cdrf_valor, cdrf_orden) VALUES (54550, 43445, 'A',  1);
    INSERT INTO portico.tbl_codigo_ref_cdrf (cdrf_pk, cdrf_tpdt_pk, cdrf_valor, cdrf_orden) VALUES (54551, 43445, 'B',  2);
    INSERT INTO portico.tbl_codigo_ref_cdrf (cdrf_pk, cdrf_tpdt_pk, cdrf_valor, cdrf_orden) VALUES (54552, 43445, 'C',  3);
    INSERT INTO portico.tbl_codigo_ref_cdrf (cdrf_pk, cdrf_tpdt_pk, cdrf_valor, cdrf_orden) VALUES (54553, 43445, 'D',  4);
    INSERT INTO portico.tbl_codigo_ref_cdrf (cdrf_pk, cdrf_tpdt_pk, cdrf_valor, cdrf_orden) VALUES (54554, 43445, 'E',  5);
    INSERT INTO portico.tbl_codigo_ref_cdrf (cdrf_pk, cdrf_tpdt_pk, cdrf_valor, cdrf_orden) VALUES (54555, 43445, 'I',  6);
    INSERT INTO portico.tbl_codigo_ref_cdrf (cdrf_pk, cdrf_tpdt_pk, cdrf_valor, cdrf_orden) VALUES (54556, 43445, 'P',  7);
    INSERT INTO portico.tbl_codigo_ref_cdrf (cdrf_pk, cdrf_tpdt_pk, cdrf_valor, cdrf_orden) VALUES (54557, 43445, 'R',  8);
    INSERT INTO portico.tbl_codigo_ref_cdrf (cdrf_pk, cdrf_tpdt_pk, cdrf_valor, cdrf_orden) VALUES (54558, 43445, 'S',  9);
    INSERT INTO portico.tbl_codigo_ref_cdrf (cdrf_pk, cdrf_tpdt_pk, cdrf_valor, cdrf_orden) VALUES (54559, 43445, 'V',  10);
    INSERT INTO portico.tbl_codigo_ref_cdrf (cdrf_pk, cdrf_tpdt_pk, cdrf_valor, cdrf_orden) VALUES (54560, 43445, 'ALT_EST',  11);
    INSERT INTO portico.tbl_codigo_ref_cdrf (cdrf_pk, cdrf_tpdt_pk, cdrf_valor, cdrf_orden) VALUES (54561, 43445, 'GEN_EST',  12);
    INSERT INTO portico.tbl_codigo_ref_cdrf (cdrf_pk, cdrf_tpdt_pk, cdrf_valor, cdrf_orden) VALUES (54562, 43445, 'GEN_EEE',  13);
		INSERT INTO portico.tbl_codigo_ref_i18n_cdri (cdri_cdrf_pk, cdri_idioma, cdri_texto) VALUES (54550, 'es_ES', 'A');
		INSERT INTO portico.tbl_codigo_ref_i18n_cdri (cdri_cdrf_pk, cdri_idioma, cdri_texto) VALUES (54551, 'es_ES', 'B');
		INSERT INTO portico.tbl_codigo_ref_i18n_cdri (cdri_cdrf_pk, cdri_idioma, cdri_texto) VALUES (54552, 'es_ES', 'C');
		INSERT INTO portico.tbl_codigo_ref_i18n_cdri (cdri_cdrf_pk, cdri_idioma, cdri_texto) VALUES (54553, 'es_ES', 'D');
		INSERT INTO portico.tbl_codigo_ref_i18n_cdri (cdri_cdrf_pk, cdri_idioma, cdri_texto) VALUES (54554, 'es_ES', 'E');
		INSERT INTO portico.tbl_codigo_ref_i18n_cdri (cdri_cdrf_pk, cdri_idioma, cdri_texto) VALUES (54555, 'es_ES', 'I');
		INSERT INTO portico.tbl_codigo_ref_i18n_cdri (cdri_cdrf_pk, cdri_idioma, cdri_texto) VALUES (54556, 'es_ES', 'P');
		INSERT INTO portico.tbl_codigo_ref_i18n_cdri (cdri_cdrf_pk, cdri_idioma, cdri_texto) VALUES (54557, 'es_ES', 'R');
		INSERT INTO portico.tbl_codigo_ref_i18n_cdri (cdri_cdrf_pk, cdri_idioma, cdri_texto) VALUES (54558, 'es_ES', 'S');
		INSERT INTO portico.tbl_codigo_ref_i18n_cdri (cdri_cdrf_pk, cdri_idioma, cdri_texto) VALUES (54559, 'es_ES', 'V');
		INSERT INTO portico.tbl_codigo_ref_i18n_cdri (cdri_cdrf_pk, cdri_idioma, cdri_texto) VALUES (54560, 'es_ES', 'ALT_EST');
		INSERT INTO portico.tbl_codigo_ref_i18n_cdri (cdri_cdrf_pk, cdri_idioma, cdri_texto) VALUES (54561, 'es_ES', 'GEN_EST');
		INSERT INTO portico.tbl_codigo_ref_i18n_cdri (cdri_cdrf_pk, cdri_idioma, cdri_texto) VALUES (54562, 'es_ES', 'GEN_EEE');
INSERT INTO portico.tbl_tipo_dato_tpdt (tpdt_pk, tpdt_tipo_html, tpdt_tipo_elemento, tpdt_enti_pk, tpdt_codigo, tpdt_nombre) VALUES (43450, 'S', 'CR', NULL , 'TIPO_ERR_EDI', 'Tipo de Error EDI');
    INSERT INTO portico.tbl_codigo_ref_cdrf (cdrf_pk, cdrf_tpdt_pk, cdrf_valor, cdrf_orden) VALUES (54600, 43450, 'E0',  1);
    INSERT INTO portico.tbl_codigo_ref_cdrf (cdrf_pk, cdrf_tpdt_pk, cdrf_valor, cdrf_orden) VALUES (54601, 43450, 'W1',  2);
    INSERT INTO portico.tbl_codigo_ref_cdrf (cdrf_pk, cdrf_tpdt_pk, cdrf_valor, cdrf_orden) VALUES (54602, 43450, 'W2',  3);
		INSERT INTO portico.tbl_codigo_ref_i18n_cdri (cdri_cdrf_pk, cdri_idioma, cdri_texto) VALUES (54600, 'es_ES', 'E0');
		INSERT INTO portico.tbl_codigo_ref_i18n_cdri (cdri_cdrf_pk, cdri_idioma, cdri_texto) VALUES (54601, 'es_ES', 'W1');
		INSERT INTO portico.tbl_codigo_ref_i18n_cdri (cdri_cdrf_pk, cdri_idioma, cdri_texto) VALUES (54602, 'es_ES', 'W2');
INSERT INTO portico.tbl_tipo_dato_tpdt (tpdt_pk, tpdt_tipo_html, tpdt_tipo_elemento, tpdt_enti_pk, tpdt_codigo, tpdt_nombre) VALUES (43455, 'S', 'CR', NULL , 'TIPO_DATO_EXPL', 'Tipo de Dato de Explotación');
    INSERT INTO portico.tbl_codigo_ref_cdrf (cdrf_pk, cdrf_tpdt_pk, cdrf_valor, cdrf_orden) VALUES (54650, 43455, 'DT',  1);
    INSERT INTO portico.tbl_codigo_ref_cdrf (cdrf_pk, cdrf_tpdt_pk, cdrf_valor, cdrf_orden) VALUES (54651, 43455, 'RC',  2);
    INSERT INTO portico.tbl_codigo_ref_cdrf (cdrf_pk, cdrf_tpdt_pk, cdrf_valor, cdrf_orden) VALUES (54652, 43455, 'RE',  3);
    INSERT INTO portico.tbl_codigo_ref_cdrf (cdrf_pk, cdrf_tpdt_pk, cdrf_valor, cdrf_orden) VALUES (54653, 43455, 'TR',  4);
    INSERT INTO portico.tbl_codigo_ref_cdrf (cdrf_pk, cdrf_tpdt_pk, cdrf_valor, cdrf_orden) VALUES (54654, 43455, 'VN',  5);
		INSERT INTO portico.tbl_codigo_ref_i18n_cdri (cdri_cdrf_pk, cdri_idioma, cdri_texto) VALUES (54650, 'es_ES', 'DT');
		INSERT INTO portico.tbl_codigo_ref_i18n_cdri (cdri_cdrf_pk, cdri_idioma, cdri_texto) VALUES (54651, 'es_ES', 'RC');
		INSERT INTO portico.tbl_codigo_ref_i18n_cdri (cdri_cdrf_pk, cdri_idioma, cdri_texto) VALUES (54652, 'es_ES', 'RE');
		INSERT INTO portico.tbl_codigo_ref_i18n_cdri (cdri_cdrf_pk, cdri_idioma, cdri_texto) VALUES (54653, 'es_ES', 'TR');
		INSERT INTO portico.tbl_codigo_ref_i18n_cdri (cdri_cdrf_pk, cdri_idioma, cdri_texto) VALUES (54654, 'es_ES', 'VN');
INSERT INTO portico.tbl_tipo_dato_tpdt (tpdt_pk, tpdt_tipo_html, tpdt_tipo_elemento, tpdt_enti_pk, tpdt_codigo, tpdt_nombre) VALUES (43460, 'S', 'CR', NULL , 'TIPO_ACTUAL_IPC', 'Tipo de Actualización de IPC');
    INSERT INTO portico.tbl_codigo_ref_cdrf (cdrf_pk, cdrf_tpdt_pk, cdrf_valor, cdrf_orden) VALUES (54700, 43460, 'BA',  1);
    INSERT INTO portico.tbl_codigo_ref_cdrf (cdrf_pk, cdrf_tpdt_pk, cdrf_valor, cdrf_orden) VALUES (54701, 43460, 'CA',  2);
    INSERT INTO portico.tbl_codigo_ref_cdrf (cdrf_pk, cdrf_tpdt_pk, cdrf_valor, cdrf_orden) VALUES (54702, 43460, 'MA',  3);
    INSERT INTO portico.tbl_codigo_ref_cdrf (cdrf_pk, cdrf_tpdt_pk, cdrf_valor, cdrf_orden) VALUES (54703, 43460, 'ZP',  4);
		INSERT INTO portico.tbl_codigo_ref_i18n_cdri (cdri_cdrf_pk, cdri_idioma, cdri_texto) VALUES (54700, 'es_ES', 'BA');
		INSERT INTO portico.tbl_codigo_ref_i18n_cdri (cdri_cdrf_pk, cdri_idioma, cdri_texto) VALUES (54701, 'es_ES', 'CA');
		INSERT INTO portico.tbl_codigo_ref_i18n_cdri (cdri_cdrf_pk, cdri_idioma, cdri_texto) VALUES (54702, 'es_ES', 'MA');
		INSERT INTO portico.tbl_codigo_ref_i18n_cdri (cdri_cdrf_pk, cdri_idioma, cdri_texto) VALUES (54703, 'es_ES', 'ZP');
INSERT INTO portico.tbl_tipo_dato_tpdt (tpdt_pk, tpdt_tipo_html, tpdt_tipo_elemento, tpdt_enti_pk, tpdt_codigo, tpdt_nombre) VALUES (43465, 'S', 'CR', NULL , 'TIPO_ACT_EST', 'Tipo de Actividad Est.');
    INSERT INTO portico.tbl_codigo_ref_cdrf (cdrf_pk, cdrf_tpdt_pk, cdrf_valor, cdrf_orden) VALUES (54750, 43465, 'CO',  1);
    INSERT INTO portico.tbl_codigo_ref_cdrf (cdrf_pk, cdrf_tpdt_pk, cdrf_valor, cdrf_orden) VALUES (54751, 43465, 'DE',  2);
    INSERT INTO portico.tbl_codigo_ref_cdrf (cdrf_pk, cdrf_tpdt_pk, cdrf_valor, cdrf_orden) VALUES (54752, 43465, 'SI',  3);
		INSERT INTO portico.tbl_codigo_ref_i18n_cdri (cdri_cdrf_pk, cdri_idioma, cdri_texto) VALUES (54750, 'es_ES', 'CO');
		INSERT INTO portico.tbl_codigo_ref_i18n_cdri (cdri_cdrf_pk, cdri_idioma, cdri_texto) VALUES (54751, 'es_ES', 'DE');
		INSERT INTO portico.tbl_codigo_ref_i18n_cdri (cdri_cdrf_pk, cdri_idioma, cdri_texto) VALUES (54752, 'es_ES', 'SI');
INSERT INTO portico.tbl_tipo_dato_tpdt (tpdt_pk, tpdt_tipo_html, tpdt_tipo_elemento, tpdt_enti_pk, tpdt_codigo, tpdt_nombre) VALUES (43470, 'S', 'CR', NULL , 'TASATARIFA_NORM', 'Tasa-Tarifa Normalizada');
    INSERT INTO portico.tbl_codigo_ref_cdrf (cdrf_pk, cdrf_tpdt_pk, cdrf_valor, cdrf_orden) VALUES (54800, portico.getTipoDato('TASATARIFA_NORM'), 'T0',  1);
    INSERT INTO portico.tbl_codigo_ref_cdrf (cdrf_pk, cdrf_tpdt_pk, cdrf_valor, cdrf_orden) VALUES (54801, portico.getTipoDato('TASATARIFA_NORM'), 'T1',  2);
    INSERT INTO portico.tbl_codigo_ref_cdrf (cdrf_pk, cdrf_tpdt_pk, cdrf_valor, cdrf_orden) VALUES (54802, portico.getTipoDato('TASATARIFA_NORM'), 'T2',  3);
    INSERT INTO portico.tbl_codigo_ref_cdrf (cdrf_pk, cdrf_tpdt_pk, cdrf_valor, cdrf_orden) VALUES (54803, portico.getTipoDato('TASATARIFA_NORM'), 'T3',  4);
    INSERT INTO portico.tbl_codigo_ref_cdrf (cdrf_pk, cdrf_tpdt_pk, cdrf_valor, cdrf_orden) VALUES (54804, portico.getTipoDato('TASATARIFA_NORM'), 'T4',  5);
    INSERT INTO portico.tbl_codigo_ref_cdrf (cdrf_pk, cdrf_tpdt_pk, cdrf_valor, cdrf_orden) VALUES (54805, portico.getTipoDato('TASATARIFA_NORM'), 'T5',  6);
    INSERT INTO portico.tbl_codigo_ref_cdrf (cdrf_pk, cdrf_tpdt_pk, cdrf_valor, cdrf_orden) VALUES (54806, portico.getTipoDato('TASATARIFA_NORM'), 'T6',  7);
    INSERT INTO portico.tbl_codigo_ref_cdrf (cdrf_pk, cdrf_tpdt_pk, cdrf_valor, cdrf_orden) VALUES (54807, portico.getTipoDato('TASATARIFA_NORM'), 'T7',  8);
    INSERT INTO portico.tbl_codigo_ref_cdrf (cdrf_pk, cdrf_tpdt_pk, cdrf_valor, cdrf_orden) VALUES (54808, portico.getTipoDato('TASATARIFA_NORM'), 'T8',  9);
    INSERT INTO portico.tbl_codigo_ref_cdrf (cdrf_pk, cdrf_tpdt_pk, cdrf_valor, cdrf_orden) VALUES (54809, portico.getTipoDato('TASATARIFA_NORM'), 'T9',  10);
    INSERT INTO portico.tbl_codigo_ref_cdrf (cdrf_pk, cdrf_tpdt_pk, cdrf_valor, cdrf_orden) VALUES (54810, portico.getTipoDato('TASATARIFA_NORM'), 'TA',  11);
    INSERT INTO portico.tbl_codigo_ref_cdrf (cdrf_pk, cdrf_tpdt_pk, cdrf_valor, cdrf_orden) VALUES (54811, portico.getTipoDato('TASATARIFA_NORM'), 'TO',  12);
    INSERT INTO portico.tbl_codigo_ref_cdrf (cdrf_pk, cdrf_tpdt_pk, cdrf_valor, cdrf_orden) VALUES (54812, portico.getTipoDato('TASATARIFA_NORM'), 'TR',  13);
    INSERT INTO portico.tbl_codigo_ref_cdrf (cdrf_pk, cdrf_tpdt_pk, cdrf_valor, cdrf_orden) VALUES (54813, portico.getTipoDato('TASATARIFA_NORM'), 'OT',  14);
		INSERT INTO portico.tbl_codigo_ref_i18n_cdri (cdri_cdrf_pk, cdri_idioma, cdri_texto) VALUES (54800, 'es_ES', 'T0');
		INSERT INTO portico.tbl_codigo_ref_i18n_cdri (cdri_cdrf_pk, cdri_idioma, cdri_texto) VALUES (54801, 'es_ES', 'T1');
		INSERT INTO portico.tbl_codigo_ref_i18n_cdri (cdri_cdrf_pk, cdri_idioma, cdri_texto) VALUES (54802, 'es_ES', 'T2');
		INSERT INTO portico.tbl_codigo_ref_i18n_cdri (cdri_cdrf_pk, cdri_idioma, cdri_texto) VALUES (54803, 'es_ES', 'T3');
		INSERT INTO portico.tbl_codigo_ref_i18n_cdri (cdri_cdrf_pk, cdri_idioma, cdri_texto) VALUES (54804, 'es_ES', 'T4');
		INSERT INTO portico.tbl_codigo_ref_i18n_cdri (cdri_cdrf_pk, cdri_idioma, cdri_texto) VALUES (54805, 'es_ES', 'T5');
		INSERT INTO portico.tbl_codigo_ref_i18n_cdri (cdri_cdrf_pk, cdri_idioma, cdri_texto) VALUES (54806, 'es_ES', 'T6');
		INSERT INTO portico.tbl_codigo_ref_i18n_cdri (cdri_cdrf_pk, cdri_idioma, cdri_texto) VALUES (54807, 'es_ES', 'T7');
		INSERT INTO portico.tbl_codigo_ref_i18n_cdri (cdri_cdrf_pk, cdri_idioma, cdri_texto) VALUES (54808, 'es_ES', 'T8');
		INSERT INTO portico.tbl_codigo_ref_i18n_cdri (cdri_cdrf_pk, cdri_idioma, cdri_texto) VALUES (54809, 'es_ES', 'T9');
		INSERT INTO portico.tbl_codigo_ref_i18n_cdri (cdri_cdrf_pk, cdri_idioma, cdri_texto) VALUES (54810, 'es_ES', 'TA');
		INSERT INTO portico.tbl_codigo_ref_i18n_cdri (cdri_cdrf_pk, cdri_idioma, cdri_texto) VALUES (54811, 'es_ES', 'TO');
		INSERT INTO portico.tbl_codigo_ref_i18n_cdri (cdri_cdrf_pk, cdri_idioma, cdri_texto) VALUES (54812, 'es_ES', 'TR');
		INSERT INTO portico.tbl_codigo_ref_i18n_cdri (cdri_cdrf_pk, cdri_idioma, cdri_texto) VALUES (54813, 'es_ES', 'OT');
INSERT INTO portico.tbl_tipo_dato_tpdt (tpdt_pk, tpdt_tipo_html, tpdt_tipo_elemento, tpdt_enti_pk, tpdt_codigo, tpdt_nombre) VALUES (43475, 'S', 'CR', NULL , 'SIT_EMB', 'Situación de Embarque');
    INSERT INTO portico.tbl_codigo_ref_cdrf (cdrf_pk, cdrf_tpdt_pk, cdrf_valor, cdrf_orden) VALUES (54850, portico.getTipoDato('SIT_EMB'), 'P',  1);
    INSERT INTO portico.tbl_codigo_ref_cdrf (cdrf_pk, cdrf_tpdt_pk, cdrf_valor, cdrf_orden) VALUES (54851, portico.getTipoDato('SIT_EMB'), 'R',  2);
    INSERT INTO portico.tbl_codigo_ref_cdrf (cdrf_pk, cdrf_tpdt_pk, cdrf_valor, cdrf_orden) VALUES (54852, portico.getTipoDato('SIT_EMB'), 'T',  3);
		INSERT INTO portico.tbl_codigo_ref_i18n_cdri (cdri_cdrf_pk, cdri_idioma, cdri_texto) VALUES (54850, 'es_ES', 'P');
		INSERT INTO portico.tbl_codigo_ref_i18n_cdri (cdri_cdrf_pk, cdri_idioma, cdri_texto) VALUES (54851, 'es_ES', 'R');
		INSERT INTO portico.tbl_codigo_ref_i18n_cdri (cdri_cdrf_pk, cdri_idioma, cdri_texto) VALUES (54852, 'es_ES', 'T');
INSERT INTO portico.tbl_tipo_dato_tpdt (tpdt_pk, tpdt_tipo_html, tpdt_tipo_elemento, tpdt_enti_pk, tpdt_codigo, tpdt_nombre) VALUES (43480, 'S', 'CR', NULL , 'SIT_ADU', 'Situación Aduanera');
    INSERT INTO portico.tbl_codigo_ref_cdrf (cdrf_pk, cdrf_tpdt_pk, cdrf_valor, cdrf_orden) VALUES (54900, portico.getTipoDato('SIT_ADU'), 'ZC',  1);
    INSERT INTO portico.tbl_codigo_ref_cdrf (cdrf_pk, cdrf_tpdt_pk, cdrf_valor, cdrf_orden) VALUES (54901, portico.getTipoDato('SIT_ADU'), 'ZE',  2);
    INSERT INTO portico.tbl_codigo_ref_cdrf (cdrf_pk, cdrf_tpdt_pk, cdrf_valor, cdrf_orden) VALUES (54902, portico.getTipoDato('SIT_ADU'), 'ZF',  3);
    INSERT INTO portico.tbl_codigo_ref_cdrf (cdrf_pk, cdrf_tpdt_pk, cdrf_valor, cdrf_orden) VALUES (54903, portico.getTipoDato('SIT_ADU'), 'ZLF',  4);
    INSERT INTO portico.tbl_codigo_ref_cdrf (cdrf_pk, cdrf_tpdt_pk, cdrf_valor, cdrf_orden) VALUES (54904, portico.getTipoDato('SIT_ADU'), 'ZN',  5);
    INSERT INTO portico.tbl_codigo_ref_cdrf (cdrf_pk, cdrf_tpdt_pk, cdrf_valor, cdrf_orden) VALUES (54905, portico.getTipoDato('SIT_ADU'), 'ZTD',  6);
    INSERT INTO portico.tbl_codigo_ref_cdrf (cdrf_pk, cdrf_tpdt_pk, cdrf_valor, cdrf_orden) VALUES (54906, portico.getTipoDato('SIT_ADU'), 'ZTF',  7);
    INSERT INTO portico.tbl_codigo_ref_cdrf (cdrf_pk, cdrf_tpdt_pk, cdrf_valor, cdrf_orden) VALUES (54907, portico.getTipoDato('SIT_ADU'), 'ZTL',  8);
    INSERT INTO portico.tbl_codigo_ref_cdrf (cdrf_pk, cdrf_tpdt_pk, cdrf_valor, cdrf_orden) VALUES (54908, portico.getTipoDato('SIT_ADU'), 'ZT1',  9);
    INSERT INTO portico.tbl_codigo_ref_cdrf (cdrf_pk, cdrf_tpdt_pk, cdrf_valor, cdrf_orden) VALUES (54909, portico.getTipoDato('SIT_ADU'), 'ZT2',  10);
    INSERT INTO portico.tbl_codigo_ref_cdrf (cdrf_pk, cdrf_tpdt_pk, cdrf_valor, cdrf_orden) VALUES (54910, portico.getTipoDato('SIT_ADU'), 'ZX',  11);
    INSERT INTO portico.tbl_codigo_ref_cdrf (cdrf_pk, cdrf_tpdt_pk, cdrf_valor, cdrf_orden) VALUES (54911, portico.getTipoDato('SIT_ADU'), 'ZZ1',  12);
    INSERT INTO portico.tbl_codigo_ref_cdrf (cdrf_pk, cdrf_tpdt_pk, cdrf_valor, cdrf_orden) VALUES (54912, portico.getTipoDato('SIT_ADU'), 'Z1',  13);
		INSERT INTO portico.tbl_codigo_ref_i18n_cdri (cdri_cdrf_pk, cdri_idioma, cdri_texto) VALUES (54900, 'es_ES', 'ZC');
		INSERT INTO portico.tbl_codigo_ref_i18n_cdri (cdri_cdrf_pk, cdri_idioma, cdri_texto) VALUES (54901, 'es_ES', 'ZE');
		INSERT INTO portico.tbl_codigo_ref_i18n_cdri (cdri_cdrf_pk, cdri_idioma, cdri_texto) VALUES (54902, 'es_ES', 'ZF');
		INSERT INTO portico.tbl_codigo_ref_i18n_cdri (cdri_cdrf_pk, cdri_idioma, cdri_texto) VALUES (54903, 'es_ES', 'ZLF');
		INSERT INTO portico.tbl_codigo_ref_i18n_cdri (cdri_cdrf_pk, cdri_idioma, cdri_texto) VALUES (54904, 'es_ES', 'ZN');
		INSERT INTO portico.tbl_codigo_ref_i18n_cdri (cdri_cdrf_pk, cdri_idioma, cdri_texto) VALUES (54905, 'es_ES', 'ZTD');
		INSERT INTO portico.tbl_codigo_ref_i18n_cdri (cdri_cdrf_pk, cdri_idioma, cdri_texto) VALUES (54906, 'es_ES', 'ZTF');
		INSERT INTO portico.tbl_codigo_ref_i18n_cdri (cdri_cdrf_pk, cdri_idioma, cdri_texto) VALUES (54907, 'es_ES', 'ZTL');
		INSERT INTO portico.tbl_codigo_ref_i18n_cdri (cdri_cdrf_pk, cdri_idioma, cdri_texto) VALUES (54908, 'es_ES', 'ZT1');
		INSERT INTO portico.tbl_codigo_ref_i18n_cdri (cdri_cdrf_pk, cdri_idioma, cdri_texto) VALUES (54909, 'es_ES', 'ZT2');
		INSERT INTO portico.tbl_codigo_ref_i18n_cdri (cdri_cdrf_pk, cdri_idioma, cdri_texto) VALUES (54910, 'es_ES', 'ZX');
		INSERT INTO portico.tbl_codigo_ref_i18n_cdri (cdri_cdrf_pk, cdri_idioma, cdri_texto) VALUES (54911, 'es_ES', 'ZZ1');
		INSERT INTO portico.tbl_codigo_ref_i18n_cdri (cdri_cdrf_pk, cdri_idioma, cdri_texto) VALUES (54912, 'es_ES', 'Z1');
INSERT INTO portico.tbl_tipo_dato_tpdt (tpdt_pk, tpdt_tipo_html, tpdt_tipo_elemento, tpdt_enti_pk, tpdt_codigo, tpdt_nombre) VALUES (43485, 'S', 'CR', NULL , 'SENT_RES_TRAMITE', 'Sentido de Resolución de Trámite');
    INSERT INTO portico.tbl_codigo_ref_cdrf (cdrf_pk, cdrf_tpdt_pk, cdrf_valor, cdrf_orden) VALUES (54950, portico.getTipoDato('SENT_RES_TRAMITE'), 'N',  1);
    INSERT INTO portico.tbl_codigo_ref_cdrf (cdrf_pk, cdrf_tpdt_pk, cdrf_valor, cdrf_orden) VALUES (54951, portico.getTipoDato('SENT_RES_TRAMITE'), 'P',  2);
    INSERT INTO portico.tbl_codigo_ref_cdrf (cdrf_pk, cdrf_tpdt_pk, cdrf_valor, cdrf_orden) VALUES (54952, portico.getTipoDato('SENT_RES_TRAMITE'), 'S',  3);
		INSERT INTO portico.tbl_codigo_ref_i18n_cdri (cdri_cdrf_pk, cdri_idioma, cdri_texto) VALUES (54950, 'es_ES', 'N');
		INSERT INTO portico.tbl_codigo_ref_i18n_cdri (cdri_cdrf_pk, cdri_idioma, cdri_texto) VALUES (54951, 'es_ES', 'P');
		INSERT INTO portico.tbl_codigo_ref_i18n_cdri (cdri_cdrf_pk, cdri_idioma, cdri_texto) VALUES (54952, 'es_ES', 'S');
INSERT INTO portico.tbl_tipo_dato_tpdt (tpdt_pk, tpdt_tipo_html, tpdt_tipo_elemento, tpdt_enti_pk, tpdt_codigo, tpdt_nombre) VALUES (43490, 'S', 'CR', NULL , 'RES_PROC_EDI', 'Resultado de Proceso EDI');
    INSERT INTO portico.tbl_codigo_ref_cdrf (cdrf_pk, cdrf_tpdt_pk, cdrf_valor, cdrf_orden) VALUES (55000, portico.getTipoDato('RES_PROC_EDI'), 'A',  1);
    INSERT INTO portico.tbl_codigo_ref_cdrf (cdrf_pk, cdrf_tpdt_pk, cdrf_valor, cdrf_orden) VALUES (55001, portico.getTipoDato('RES_PROC_EDI'), 'G',  2);
    INSERT INTO portico.tbl_codigo_ref_cdrf (cdrf_pk, cdrf_tpdt_pk, cdrf_valor, cdrf_orden) VALUES (55002, portico.getTipoDato('RES_PROC_EDI'), 'R',  3);
    INSERT INTO portico.tbl_codigo_ref_cdrf (cdrf_pk, cdrf_tpdt_pk, cdrf_valor, cdrf_orden) VALUES (55003, portico.getTipoDato('RES_PROC_EDI'), 'T',  4);
		INSERT INTO portico.tbl_codigo_ref_i18n_cdri (cdri_cdrf_pk, cdri_idioma, cdri_texto) VALUES (55000, 'es_ES', 'A');
		INSERT INTO portico.tbl_codigo_ref_i18n_cdri (cdri_cdrf_pk, cdri_idioma, cdri_texto) VALUES (55001, 'es_ES', 'G');
		INSERT INTO portico.tbl_codigo_ref_i18n_cdri (cdri_cdrf_pk, cdri_idioma, cdri_texto) VALUES (55002, 'es_ES', 'R');
		INSERT INTO portico.tbl_codigo_ref_i18n_cdri (cdri_cdrf_pk, cdri_idioma, cdri_texto) VALUES (55003, 'es_ES', 'T');
INSERT INTO portico.tbl_tipo_dato_tpdt (tpdt_pk, tpdt_tipo_html, tpdt_tipo_elemento, tpdt_enti_pk, tpdt_codigo, tpdt_nombre) VALUES (43495, 'S', 'CR', NULL , 'FUNC_MENS_EDI', 'Función de Mensaje EDI');
    INSERT INTO portico.tbl_codigo_ref_cdrf (cdrf_pk, cdrf_tpdt_pk, cdrf_valor, cdrf_orden) VALUES (55050, portico.getTipoDato('FUNC_MENS_EDI'), 'ALPES',  1);
    INSERT INTO portico.tbl_codigo_ref_cdrf (cdrf_pk, cdrf_tpdt_pk, cdrf_valor, cdrf_orden) VALUES (55051, portico.getTipoDato('FUNC_MENS_EDI'), 'ALPTR',  2);
    INSERT INTO portico.tbl_codigo_ref_cdrf (cdrf_pk, cdrf_tpdt_pk, cdrf_valor, cdrf_orden) VALUES (55052, portico.getTipoDato('FUNC_MENS_EDI'), 'ALSUP',  3);
    INSERT INTO portico.tbl_codigo_ref_cdrf (cdrf_pk, cdrf_tpdt_pk, cdrf_valor, cdrf_orden) VALUES (55053, portico.getTipoDato('FUNC_MENS_EDI'), 'ALT_ATR_13',  4);
    INSERT INTO portico.tbl_codigo_ref_cdrf (cdrf_pk, cdrf_tpdt_pk, cdrf_valor, cdrf_orden) VALUES (55054, portico.getTipoDato('FUNC_MENS_EDI'), 'ALT_BAS',  5);
    INSERT INTO portico.tbl_codigo_ref_cdrf (cdrf_pk, cdrf_tpdt_pk, cdrf_valor, cdrf_orden) VALUES (55055, portico.getTipoDato('FUNC_MENS_EDI'), 'ALT_ESC_47',  6);
    INSERT INTO portico.tbl_codigo_ref_cdrf (cdrf_pk, cdrf_tpdt_pk, cdrf_valor, cdrf_orden) VALUES (55056, portico.getTipoDato('FUNC_MENS_EDI'), 'ALT_MAN_47',  7);
    INSERT INTO portico.tbl_codigo_ref_cdrf (cdrf_pk, cdrf_tpdt_pk, cdrf_valor, cdrf_orden) VALUES (55057, portico.getTipoDato('FUNC_MENS_EDI'), 'ALT_PAR_2',  8);
    INSERT INTO portico.tbl_codigo_ref_cdrf (cdrf_pk, cdrf_tpdt_pk, cdrf_valor, cdrf_orden) VALUES (55058, portico.getTipoDato('FUNC_MENS_EDI'), 'AUT_ATR_51',  9);
    INSERT INTO portico.tbl_codigo_ref_cdrf (cdrf_pk, cdrf_tpdt_pk, cdrf_valor, cdrf_orden) VALUES (55059, portico.getTipoDato('FUNC_MENS_EDI'), 'AUT_ESC_51',  10);
    INSERT INTO portico.tbl_codigo_ref_cdrf (cdrf_pk, cdrf_tpdt_pk, cdrf_valor, cdrf_orden) VALUES (55060, portico.getTipoDato('FUNC_MENS_EDI'), 'BER_ATA',  11);
    INSERT INTO portico.tbl_codigo_ref_cdrf (cdrf_pk, cdrf_tpdt_pk, cdrf_valor, cdrf_orden) VALUES (55061, portico.getTipoDato('FUNC_MENS_EDI'), 'BER_ATD',  12);
    INSERT INTO portico.tbl_codigo_ref_cdrf (cdrf_pk, cdrf_tpdt_pk, cdrf_valor, cdrf_orden) VALUES (55062, portico.getTipoDato('FUNC_MENS_EDI'), 'BOR_BL_40',  13);
    INSERT INTO portico.tbl_codigo_ref_cdrf (cdrf_pk, cdrf_tpdt_pk, cdrf_valor, cdrf_orden) VALUES (55063, portico.getTipoDato('FUNC_MENS_EDI'), 'BOR_MAN_13',  14);
    INSERT INTO portico.tbl_codigo_ref_cdrf (cdrf_pk, cdrf_tpdt_pk, cdrf_valor, cdrf_orden) VALUES (55064, portico.getTipoDato('FUNC_MENS_EDI'), 'BOR_PAR_3',  15);
    INSERT INTO portico.tbl_codigo_ref_cdrf (cdrf_pk, cdrf_tpdt_pk, cdrf_valor, cdrf_orden) VALUES (55065, portico.getTipoDato('FUNC_MENS_EDI'), 'CAN_ATR_40',  16);
    INSERT INTO portico.tbl_codigo_ref_cdrf (cdrf_pk, cdrf_tpdt_pk, cdrf_valor, cdrf_orden) VALUES (55066, portico.getTipoDato('FUNC_MENS_EDI'), 'CAN_ESC_1',  17);
    INSERT INTO portico.tbl_codigo_ref_cdrf (cdrf_pk, cdrf_tpdt_pk, cdrf_valor, cdrf_orden) VALUES (55067, portico.getTipoDato('FUNC_MENS_EDI'), 'CAN_MAN_1',  18);
    INSERT INTO portico.tbl_codigo_ref_cdrf (cdrf_pk, cdrf_tpdt_pk, cdrf_valor, cdrf_orden) VALUES (55068, portico.getTipoDato('FUNC_MENS_EDI'), 'DEN_ATR_27',  19);
    INSERT INTO portico.tbl_codigo_ref_cdrf (cdrf_pk, cdrf_tpdt_pk, cdrf_valor, cdrf_orden) VALUES (55069, portico.getTipoDato('FUNC_MENS_EDI'), 'DEN_ESC_27',  20);
    INSERT INTO portico.tbl_codigo_ref_cdrf (cdrf_pk, cdrf_tpdt_pk, cdrf_valor, cdrf_orden) VALUES (55070, portico.getTipoDato('FUNC_MENS_EDI'), 'MOD_ATR_21',  21);
    INSERT INTO portico.tbl_codigo_ref_cdrf (cdrf_pk, cdrf_tpdt_pk, cdrf_valor, cdrf_orden) VALUES (55071, portico.getTipoDato('FUNC_MENS_EDI'), 'MOD_BL_4',  22);
    INSERT INTO portico.tbl_codigo_ref_cdrf (cdrf_pk, cdrf_tpdt_pk, cdrf_valor, cdrf_orden) VALUES (55072, portico.getTipoDato('FUNC_MENS_EDI'), 'MOD_ESC_33',  23);
    INSERT INTO portico.tbl_codigo_ref_cdrf (cdrf_pk, cdrf_tpdt_pk, cdrf_valor, cdrf_orden) VALUES (55073, portico.getTipoDato('FUNC_MENS_EDI'), 'MOD_MAN_33',  24);
    INSERT INTO portico.tbl_codigo_ref_cdrf (cdrf_pk, cdrf_tpdt_pk, cdrf_valor, cdrf_orden) VALUES (55074, portico.getTipoDato('FUNC_MENS_EDI'), 'MOD_ETA_54',  25);
    INSERT INTO portico.tbl_codigo_ref_cdrf (cdrf_pk, cdrf_tpdt_pk, cdrf_valor, cdrf_orden) VALUES (55075, portico.getTipoDato('FUNC_MENS_EDI'), 'MOD_PAR_36',  26);
    INSERT INTO portico.tbl_codigo_ref_cdrf (cdrf_pk, cdrf_tpdt_pk, cdrf_valor, cdrf_orden) VALUES (55076, portico.getTipoDato('FUNC_MENS_EDI'), 'NOT_PRA_99',  27);
    INSERT INTO portico.tbl_codigo_ref_cdrf (cdrf_pk, cdrf_tpdt_pk, cdrf_valor, cdrf_orden) VALUES (55077, portico.getTipoDato('FUNC_MENS_EDI'), 'NUM_ESC_30',  28);
    INSERT INTO portico.tbl_codigo_ref_cdrf (cdrf_pk, cdrf_tpdt_pk, cdrf_valor, cdrf_orden) VALUES (55078, portico.getTipoDato('FUNC_MENS_EDI'), 'UNKNOWN',  29);
		INSERT INTO portico.tbl_codigo_ref_i18n_cdri (cdri_cdrf_pk, cdri_idioma, cdri_texto) VALUES (55050, 'es_ES', 'ALPES');
		INSERT INTO portico.tbl_codigo_ref_i18n_cdri (cdri_cdrf_pk, cdri_idioma, cdri_texto) VALUES (55051, 'es_ES', 'ALPTR');
		INSERT INTO portico.tbl_codigo_ref_i18n_cdri (cdri_cdrf_pk, cdri_idioma, cdri_texto) VALUES (55052, 'es_ES', 'ALSUP');
		INSERT INTO portico.tbl_codigo_ref_i18n_cdri (cdri_cdrf_pk, cdri_idioma, cdri_texto) VALUES (55053, 'es_ES', 'ALT_ATR_13');
		INSERT INTO portico.tbl_codigo_ref_i18n_cdri (cdri_cdrf_pk, cdri_idioma, cdri_texto) VALUES (55054, 'es_ES', 'ALT_BAS');
		INSERT INTO portico.tbl_codigo_ref_i18n_cdri (cdri_cdrf_pk, cdri_idioma, cdri_texto) VALUES (55055, 'es_ES', 'ALT_ESC_47');
		INSERT INTO portico.tbl_codigo_ref_i18n_cdri (cdri_cdrf_pk, cdri_idioma, cdri_texto) VALUES (55056, 'es_ES', 'ALT_MAN_47');
		INSERT INTO portico.tbl_codigo_ref_i18n_cdri (cdri_cdrf_pk, cdri_idioma, cdri_texto) VALUES (55057, 'es_ES', 'ALT_PAR_2');
		INSERT INTO portico.tbl_codigo_ref_i18n_cdri (cdri_cdrf_pk, cdri_idioma, cdri_texto) VALUES (55058, 'es_ES', 'AUT_ATR_51');
		INSERT INTO portico.tbl_codigo_ref_i18n_cdri (cdri_cdrf_pk, cdri_idioma, cdri_texto) VALUES (55059, 'es_ES', 'AUT_ESC_51');
		INSERT INTO portico.tbl_codigo_ref_i18n_cdri (cdri_cdrf_pk, cdri_idioma, cdri_texto) VALUES (55060, 'es_ES', 'BER_ATA');
		INSERT INTO portico.tbl_codigo_ref_i18n_cdri (cdri_cdrf_pk, cdri_idioma, cdri_texto) VALUES (55061, 'es_ES', 'BER_ATD');
		INSERT INTO portico.tbl_codigo_ref_i18n_cdri (cdri_cdrf_pk, cdri_idioma, cdri_texto) VALUES (55062, 'es_ES', 'BOR_BL_40');
		INSERT INTO portico.tbl_codigo_ref_i18n_cdri (cdri_cdrf_pk, cdri_idioma, cdri_texto) VALUES (55063, 'es_ES', 'BOR_MAN_13');
		INSERT INTO portico.tbl_codigo_ref_i18n_cdri (cdri_cdrf_pk, cdri_idioma, cdri_texto) VALUES (55064, 'es_ES', 'BOR_PAR_3');
		INSERT INTO portico.tbl_codigo_ref_i18n_cdri (cdri_cdrf_pk, cdri_idioma, cdri_texto) VALUES (55065, 'es_ES', 'CAN_ATR_40');
		INSERT INTO portico.tbl_codigo_ref_i18n_cdri (cdri_cdrf_pk, cdri_idioma, cdri_texto) VALUES (55066, 'es_ES', 'CAN_ESC_1');
		INSERT INTO portico.tbl_codigo_ref_i18n_cdri (cdri_cdrf_pk, cdri_idioma, cdri_texto) VALUES (55067, 'es_ES', 'CAN_MAN_1');
		INSERT INTO portico.tbl_codigo_ref_i18n_cdri (cdri_cdrf_pk, cdri_idioma, cdri_texto) VALUES (55068, 'es_ES', 'DEN_ATR_27');
		INSERT INTO portico.tbl_codigo_ref_i18n_cdri (cdri_cdrf_pk, cdri_idioma, cdri_texto) VALUES (55069, 'es_ES', 'DEN_ESC_27');
		INSERT INTO portico.tbl_codigo_ref_i18n_cdri (cdri_cdrf_pk, cdri_idioma, cdri_texto) VALUES (55070, 'es_ES', 'MOD_ATR_21');
		INSERT INTO portico.tbl_codigo_ref_i18n_cdri (cdri_cdrf_pk, cdri_idioma, cdri_texto) VALUES (55071, 'es_ES', 'MOD_BL_4');
		INSERT INTO portico.tbl_codigo_ref_i18n_cdri (cdri_cdrf_pk, cdri_idioma, cdri_texto) VALUES (55072, 'es_ES', 'MOD_ESC_33');
		INSERT INTO portico.tbl_codigo_ref_i18n_cdri (cdri_cdrf_pk, cdri_idioma, cdri_texto) VALUES (55073, 'es_ES', 'MOD_MAN_33');
		INSERT INTO portico.tbl_codigo_ref_i18n_cdri (cdri_cdrf_pk, cdri_idioma, cdri_texto) VALUES (55074, 'es_ES', 'MOD_ETA_54');
		INSERT INTO portico.tbl_codigo_ref_i18n_cdri (cdri_cdrf_pk, cdri_idioma, cdri_texto) VALUES (55075, 'es_ES', 'MOD_PAR_36');
		INSERT INTO portico.tbl_codigo_ref_i18n_cdri (cdri_cdrf_pk, cdri_idioma, cdri_texto) VALUES (55076, 'es_ES', 'NOT_PRA_99');
		INSERT INTO portico.tbl_codigo_ref_i18n_cdri (cdri_cdrf_pk, cdri_idioma, cdri_texto) VALUES (55077, 'es_ES', 'NUM_ESC_30');
		INSERT INTO portico.tbl_codigo_ref_i18n_cdri (cdri_cdrf_pk, cdri_idioma, cdri_texto) VALUES (55078, 'es_ES', 'UNKNOWN');
INSERT INTO portico.tbl_tipo_dato_tpdt (tpdt_pk, tpdt_tipo_html, tpdt_tipo_elemento, tpdt_enti_pk, tpdt_codigo, tpdt_nombre) VALUES (43515, 'S', 'CR', NULL , 'COND_TANQUE_LASTRE', 'Condición Tanque Lastre');
    INSERT INTO portico.tbl_codigo_ref_cdrf (cdrf_pk, cdrf_tpdt_pk, cdrf_valor, cdrf_orden) VALUES (55100, portico.getTipoDato('COND_TANQUE_LASTRE'), 'L',  1);
    INSERT INTO portico.tbl_codigo_ref_cdrf (cdrf_pk, cdrf_tpdt_pk, cdrf_valor, cdrf_orden) VALUES (55101, portico.getTipoDato('COND_TANQUE_LASTRE'), 'V',  2);
    INSERT INTO portico.tbl_codigo_ref_cdrf (cdrf_pk, cdrf_tpdt_pk, cdrf_valor, cdrf_orden) VALUES (55102, portico.getTipoDato('COND_TANQUE_LASTRE'), 'I',  3);
		INSERT INTO portico.tbl_codigo_ref_i18n_cdri (cdri_cdrf_pk, cdri_idioma, cdri_texto) VALUES (55100, 'es_ES', 'L');
		INSERT INTO portico.tbl_codigo_ref_i18n_cdri (cdri_cdrf_pk, cdri_idioma, cdri_texto) VALUES (55101, 'es_ES', 'V');
		INSERT INTO portico.tbl_codigo_ref_i18n_cdri (cdri_cdrf_pk, cdri_idioma, cdri_texto) VALUES (55102, 'es_ES', 'I');
INSERT INTO portico.tbl_tipo_dato_tpdt (tpdt_pk, tpdt_tipo_html, tpdt_tipo_elemento, tpdt_enti_pk, tpdt_codigo, tpdt_nombre) VALUES (43520, 'S', 'CR', NULL , 'COND_TANQUE_CARGA', 'Condición Tanque Carga');
    INSERT INTO portico.tbl_codigo_ref_cdrf (cdrf_pk, cdrf_tpdt_pk, cdrf_valor, cdrf_orden) VALUES (55150, portico.getTipoDato('COND_TANQUE_CARGA'), 'L',  1);
    INSERT INTO portico.tbl_codigo_ref_cdrf (cdrf_pk, cdrf_tpdt_pk, cdrf_valor, cdrf_orden) VALUES (55151, portico.getTipoDato('COND_TANQUE_CARGA'), 'V',  2);
    INSERT INTO portico.tbl_codigo_ref_cdrf (cdrf_pk, cdrf_tpdt_pk, cdrf_valor, cdrf_orden) VALUES (55152, portico.getTipoDato('COND_TANQUE_CARGA'), 'I',  3);
		INSERT INTO portico.tbl_codigo_ref_i18n_cdri (cdri_cdrf_pk, cdri_idioma, cdri_texto) VALUES (55150, 'es_ES', 'L');
		INSERT INTO portico.tbl_codigo_ref_i18n_cdri (cdri_cdrf_pk, cdri_idioma, cdri_texto) VALUES (55151, 'es_ES', 'V');
		INSERT INTO portico.tbl_codigo_ref_i18n_cdri (cdri_cdrf_pk, cdri_idioma, cdri_texto) VALUES (55152, 'es_ES', 'I');
INSERT INTO portico.tbl_tipo_dato_tpdt (tpdt_pk, tpdt_tipo_html, tpdt_tipo_elemento, tpdt_enti_pk, tpdt_codigo, tpdt_nombre) VALUES (43525, 'S', 'CR', NULL , 'TIPO_ACT_EDI', 'Tipo de Actividad EDI');
    INSERT INTO portico.tbl_codigo_ref_cdrf (cdrf_pk, cdrf_tpdt_pk, cdrf_valor, cdrf_orden) VALUES (55200, portico.getTipoDato('TIPO_ACT_EDI'), 'ZOP',  1);
    INSERT INTO portico.tbl_codigo_ref_cdrf (cdrf_pk, cdrf_tpdt_pk, cdrf_valor, cdrf_orden) VALUES (55201, portico.getTipoDato('TIPO_ACT_EDI'), 'ZAB',  2);
    INSERT INTO portico.tbl_codigo_ref_cdrf (cdrf_pk, cdrf_tpdt_pk, cdrf_valor, cdrf_orden) VALUES (55202, portico.getTipoDato('TIPO_ACT_EDI'), 'ZAO',  3);
    INSERT INTO portico.tbl_codigo_ref_cdrf (cdrf_pk, cdrf_tpdt_pk, cdrf_valor, cdrf_orden) VALUES (55203, portico.getTipoDato('TIPO_ACT_EDI'), 'ZAR',  4);
    INSERT INTO portico.tbl_codigo_ref_cdrf (cdrf_pk, cdrf_tpdt_pk, cdrf_valor, cdrf_orden) VALUES (55204, portico.getTipoDato('TIPO_ACT_EDI'), 'ZCT',  5);
    INSERT INTO portico.tbl_codigo_ref_cdrf (cdrf_pk, cdrf_tpdt_pk, cdrf_valor, cdrf_orden) VALUES (55205, portico.getTipoDato('TIPO_ACT_EDI'), 'ZTI',  6);
    INSERT INTO portico.tbl_codigo_ref_cdrf (cdrf_pk, cdrf_tpdt_pk, cdrf_valor, cdrf_orden) VALUES (55206, portico.getTipoDato('TIPO_ACT_EDI'), 'ZVO',  7);
    INSERT INTO portico.tbl_codigo_ref_cdrf (cdrf_pk, cdrf_tpdt_pk, cdrf_valor, cdrf_orden) VALUES (55207, portico.getTipoDato('TIPO_ACT_EDI'), 'ZAF',  8);
    INSERT INTO portico.tbl_codigo_ref_cdrf (cdrf_pk, cdrf_tpdt_pk, cdrf_valor, cdrf_orden) VALUES (55208, portico.getTipoDato('TIPO_ACT_EDI'), 'ZIN',  9);
    INSERT INTO portico.tbl_codigo_ref_cdrf (cdrf_pk, cdrf_tpdt_pk, cdrf_valor, cdrf_orden) VALUES (55209, portico.getTipoDato('TIPO_ACT_EDI'), 'ZIP',  10);
    INSERT INTO portico.tbl_codigo_ref_cdrf (cdrf_pk, cdrf_tpdt_pk, cdrf_valor, cdrf_orden) VALUES (55210, portico.getTipoDato('TIPO_ACT_EDI'), 'ZBO',  11);
    INSERT INTO portico.tbl_codigo_ref_cdrf (cdrf_pk, cdrf_tpdt_pk, cdrf_valor, cdrf_orden) VALUES (55211, portico.getTipoDato('TIPO_ACT_EDI'), 'ZCO',  12);
    INSERT INTO portico.tbl_codigo_ref_cdrf (cdrf_pk, cdrf_tpdt_pk, cdrf_valor, cdrf_orden) VALUES (55212, portico.getTipoDato('TIPO_ACT_EDI'), 'ZCA',  13);
    INSERT INTO portico.tbl_codigo_ref_cdrf (cdrf_pk, cdrf_tpdt_pk, cdrf_valor, cdrf_orden) VALUES (55213, portico.getTipoDato('TIPO_ACT_EDI'), 'ZRA',  14);
    INSERT INTO portico.tbl_codigo_ref_cdrf (cdrf_pk, cdrf_tpdt_pk, cdrf_valor, cdrf_orden) VALUES (55214, portico.getTipoDato('TIPO_ACT_EDI'), 'ZRF',  15);
    INSERT INTO portico.tbl_codigo_ref_cdrf (cdrf_pk, cdrf_tpdt_pk, cdrf_valor, cdrf_orden) VALUES (55215, portico.getTipoDato('TIPO_ACT_EDI'), 'ZRT',  16);
    INSERT INTO portico.tbl_codigo_ref_cdrf (cdrf_pk, cdrf_tpdt_pk, cdrf_valor, cdrf_orden) VALUES (55216, portico.getTipoDato('TIPO_ACT_EDI'), 'ZDE',  17);
    INSERT INTO portico.tbl_codigo_ref_cdrf (cdrf_pk, cdrf_tpdt_pk, cdrf_valor, cdrf_orden) VALUES (55217, portico.getTipoDato('TIPO_ACT_EDI'), 'ZDA',  18);
    INSERT INTO portico.tbl_codigo_ref_cdrf (cdrf_pk, cdrf_tpdt_pk, cdrf_valor, cdrf_orden) VALUES (55218, portico.getTipoDato('TIPO_ACT_EDI'), 'ZTA',  19);
    INSERT INTO portico.tbl_codigo_ref_cdrf (cdrf_pk, cdrf_tpdt_pk, cdrf_valor, cdrf_orden) VALUES (55219, portico.getTipoDato('TIPO_ACT_EDI'), 'ZTF',  20);
    INSERT INTO portico.tbl_codigo_ref_cdrf (cdrf_pk, cdrf_tpdt_pk, cdrf_valor, cdrf_orden) VALUES (55220, portico.getTipoDato('TIPO_ACT_EDI'), 'ZAP',  21);
    INSERT INTO portico.tbl_codigo_ref_cdrf (cdrf_pk, cdrf_tpdt_pk, cdrf_valor, cdrf_orden) VALUES (55221, portico.getTipoDato('TIPO_ACT_EDI'), 'ZDR',  22);
    INSERT INTO portico.tbl_codigo_ref_cdrf (cdrf_pk, cdrf_tpdt_pk, cdrf_valor, cdrf_orden) VALUES (55222, portico.getTipoDato('TIPO_ACT_EDI'), 'ZPB',  23);
    INSERT INTO portico.tbl_codigo_ref_cdrf (cdrf_pk, cdrf_tpdt_pk, cdrf_valor, cdrf_orden) VALUES (55223, portico.getTipoDato('TIPO_ACT_EDI'), 'ZCL',  24);
    INSERT INTO portico.tbl_codigo_ref_cdrf (cdrf_pk, cdrf_tpdt_pk, cdrf_valor, cdrf_orden) VALUES (55224, portico.getTipoDato('TIPO_ACT_EDI'), 'ZDJ',  25);
    INSERT INTO portico.tbl_codigo_ref_cdrf (cdrf_pk, cdrf_tpdt_pk, cdrf_valor, cdrf_orden) VALUES (55225, portico.getTipoDato('TIPO_ACT_EDI'), 'ZMR',  26);
    INSERT INTO portico.tbl_codigo_ref_cdrf (cdrf_pk, cdrf_tpdt_pk, cdrf_valor, cdrf_orden) VALUES (55226, portico.getTipoDato('TIPO_ACT_EDI'), 'ZPR',  27);
    INSERT INTO portico.tbl_codigo_ref_cdrf (cdrf_pk, cdrf_tpdt_pk, cdrf_valor, cdrf_orden) VALUES (55227, portico.getTipoDato('TIPO_ACT_EDI'), 'ZRE',  28);
    INSERT INTO portico.tbl_codigo_ref_cdrf (cdrf_pk, cdrf_tpdt_pk, cdrf_valor, cdrf_orden) VALUES (55228, portico.getTipoDato('TIPO_ACT_EDI'), 'ZVA',  29);
    INSERT INTO portico.tbl_codigo_ref_cdrf (cdrf_pk, cdrf_tpdt_pk, cdrf_valor, cdrf_orden) VALUES (55229, portico.getTipoDato('TIPO_ACT_EDI'), 'ZDS',  30);
    INSERT INTO portico.tbl_codigo_ref_cdrf (cdrf_pk, cdrf_tpdt_pk, cdrf_valor, cdrf_orden) VALUES (55230, portico.getTipoDato('TIPO_ACT_EDI'), 'ZPV',  31);
    INSERT INTO portico.tbl_codigo_ref_cdrf (cdrf_pk, cdrf_tpdt_pk, cdrf_valor, cdrf_orden) VALUES (55231, portico.getTipoDato('TIPO_ACT_EDI'), 'ZOT',  32);
    INSERT INTO portico.tbl_codigo_ref_cdrf (cdrf_pk, cdrf_tpdt_pk, cdrf_valor, cdrf_orden) VALUES (55232, portico.getTipoDato('TIPO_ACT_EDI'), 'ZSV',  33);
		INSERT INTO portico.tbl_codigo_ref_i18n_cdri (cdri_cdrf_pk, cdri_idioma, cdri_texto) VALUES (55200, 'es_ES', 'ZOP');
		INSERT INTO portico.tbl_codigo_ref_i18n_cdri (cdri_cdrf_pk, cdri_idioma, cdri_texto) VALUES (55201, 'es_ES', 'ZAB');
		INSERT INTO portico.tbl_codigo_ref_i18n_cdri (cdri_cdrf_pk, cdri_idioma, cdri_texto) VALUES (55202, 'es_ES', 'ZAO');
		INSERT INTO portico.tbl_codigo_ref_i18n_cdri (cdri_cdrf_pk, cdri_idioma, cdri_texto) VALUES (55203, 'es_ES', 'ZAR');
		INSERT INTO portico.tbl_codigo_ref_i18n_cdri (cdri_cdrf_pk, cdri_idioma, cdri_texto) VALUES (55204, 'es_ES', 'ZCT');
		INSERT INTO portico.tbl_codigo_ref_i18n_cdri (cdri_cdrf_pk, cdri_idioma, cdri_texto) VALUES (55205, 'es_ES', 'ZTI');
		INSERT INTO portico.tbl_codigo_ref_i18n_cdri (cdri_cdrf_pk, cdri_idioma, cdri_texto) VALUES (55206, 'es_ES', 'ZVO');
		INSERT INTO portico.tbl_codigo_ref_i18n_cdri (cdri_cdrf_pk, cdri_idioma, cdri_texto) VALUES (55207, 'es_ES', 'ZAF');
		INSERT INTO portico.tbl_codigo_ref_i18n_cdri (cdri_cdrf_pk, cdri_idioma, cdri_texto) VALUES (55208, 'es_ES', 'ZIN');
		INSERT INTO portico.tbl_codigo_ref_i18n_cdri (cdri_cdrf_pk, cdri_idioma, cdri_texto) VALUES (55209, 'es_ES', 'ZIP');
		INSERT INTO portico.tbl_codigo_ref_i18n_cdri (cdri_cdrf_pk, cdri_idioma, cdri_texto) VALUES (55210, 'es_ES', 'ZBO');
		INSERT INTO portico.tbl_codigo_ref_i18n_cdri (cdri_cdrf_pk, cdri_idioma, cdri_texto) VALUES (55211, 'es_ES', 'ZCO');
		INSERT INTO portico.tbl_codigo_ref_i18n_cdri (cdri_cdrf_pk, cdri_idioma, cdri_texto) VALUES (55212, 'es_ES', 'ZCA');
		INSERT INTO portico.tbl_codigo_ref_i18n_cdri (cdri_cdrf_pk, cdri_idioma, cdri_texto) VALUES (55213, 'es_ES', 'ZRA');
		INSERT INTO portico.tbl_codigo_ref_i18n_cdri (cdri_cdrf_pk, cdri_idioma, cdri_texto) VALUES (55214, 'es_ES', 'ZRF');
		INSERT INTO portico.tbl_codigo_ref_i18n_cdri (cdri_cdrf_pk, cdri_idioma, cdri_texto) VALUES (55215, 'es_ES', 'ZRT');
		INSERT INTO portico.tbl_codigo_ref_i18n_cdri (cdri_cdrf_pk, cdri_idioma, cdri_texto) VALUES (55216, 'es_ES', 'ZDE');
		INSERT INTO portico.tbl_codigo_ref_i18n_cdri (cdri_cdrf_pk, cdri_idioma, cdri_texto) VALUES (55217, 'es_ES', 'ZDA');
		INSERT INTO portico.tbl_codigo_ref_i18n_cdri (cdri_cdrf_pk, cdri_idioma, cdri_texto) VALUES (55218, 'es_ES', 'ZTA');
		INSERT INTO portico.tbl_codigo_ref_i18n_cdri (cdri_cdrf_pk, cdri_idioma, cdri_texto) VALUES (55219, 'es_ES', 'ZTF');
		INSERT INTO portico.tbl_codigo_ref_i18n_cdri (cdri_cdrf_pk, cdri_idioma, cdri_texto) VALUES (55220, 'es_ES', 'ZAP');
		INSERT INTO portico.tbl_codigo_ref_i18n_cdri (cdri_cdrf_pk, cdri_idioma, cdri_texto) VALUES (55221, 'es_ES', 'ZDR');
		INSERT INTO portico.tbl_codigo_ref_i18n_cdri (cdri_cdrf_pk, cdri_idioma, cdri_texto) VALUES (55222, 'es_ES', 'ZPB');
		INSERT INTO portico.tbl_codigo_ref_i18n_cdri (cdri_cdrf_pk, cdri_idioma, cdri_texto) VALUES (55223, 'es_ES', 'ZCL');
		INSERT INTO portico.tbl_codigo_ref_i18n_cdri (cdri_cdrf_pk, cdri_idioma, cdri_texto) VALUES (55224, 'es_ES', 'ZDJ');
		INSERT INTO portico.tbl_codigo_ref_i18n_cdri (cdri_cdrf_pk, cdri_idioma, cdri_texto) VALUES (55225, 'es_ES', 'ZMR');
		INSERT INTO portico.tbl_codigo_ref_i18n_cdri (cdri_cdrf_pk, cdri_idioma, cdri_texto) VALUES (55226, 'es_ES', 'ZPR');
		INSERT INTO portico.tbl_codigo_ref_i18n_cdri (cdri_cdrf_pk, cdri_idioma, cdri_texto) VALUES (55227, 'es_ES', 'ZRE');
		INSERT INTO portico.tbl_codigo_ref_i18n_cdri (cdri_cdrf_pk, cdri_idioma, cdri_texto) VALUES (55228, 'es_ES', 'ZVA');
		INSERT INTO portico.tbl_codigo_ref_i18n_cdri (cdri_cdrf_pk, cdri_idioma, cdri_texto) VALUES (55229, 'es_ES', 'ZDS');
		INSERT INTO portico.tbl_codigo_ref_i18n_cdri (cdri_cdrf_pk, cdri_idioma, cdri_texto) VALUES (55230, 'es_ES', 'ZPV');
		INSERT INTO portico.tbl_codigo_ref_i18n_cdri (cdri_cdrf_pk, cdri_idioma, cdri_texto) VALUES (55231, 'es_ES', 'ZOT');
		INSERT INTO portico.tbl_codigo_ref_i18n_cdri (cdri_cdrf_pk, cdri_idioma, cdri_texto) VALUES (55232, 'es_ES', 'ZSV');
INSERT INTO portico.tbl_tipo_dato_tpdt (tpdt_pk, tpdt_tipo_html, tpdt_tipo_elemento, tpdt_enti_pk, tpdt_codigo, tpdt_nombre) VALUES (43526, 'S', 'CR', NULL , 'TIPO_ACT_EDI_2', 'Tipo de Actividad EDI 2');
    INSERT INTO portico.tbl_codigo_ref_cdrf (cdrf_pk, cdrf_tpdt_pk, cdrf_valor, cdrf_orden) VALUES (55250, portico.getTipoDato('TIPO_ACT_EDI_2'), 'ZOP',  1);
    INSERT INTO portico.tbl_codigo_ref_cdrf (cdrf_pk, cdrf_tpdt_pk, cdrf_valor, cdrf_orden) VALUES (55251, portico.getTipoDato('TIPO_ACT_EDI_2'), 'ZAB',  2);
    INSERT INTO portico.tbl_codigo_ref_cdrf (cdrf_pk, cdrf_tpdt_pk, cdrf_valor, cdrf_orden) VALUES (55252, portico.getTipoDato('TIPO_ACT_EDI_2'), 'ZAO',  3);
    INSERT INTO portico.tbl_codigo_ref_cdrf (cdrf_pk, cdrf_tpdt_pk, cdrf_valor, cdrf_orden) VALUES (55253, portico.getTipoDato('TIPO_ACT_EDI_2'), 'ZAR',  4);
    INSERT INTO portico.tbl_codigo_ref_cdrf (cdrf_pk, cdrf_tpdt_pk, cdrf_valor, cdrf_orden) VALUES (55254, portico.getTipoDato('TIPO_ACT_EDI_2'), 'ZCT',  5);
    INSERT INTO portico.tbl_codigo_ref_cdrf (cdrf_pk, cdrf_tpdt_pk, cdrf_valor, cdrf_orden) VALUES (55255, portico.getTipoDato('TIPO_ACT_EDI_2'), 'ZTI',  6);
    INSERT INTO portico.tbl_codigo_ref_cdrf (cdrf_pk, cdrf_tpdt_pk, cdrf_valor, cdrf_orden) VALUES (55256, portico.getTipoDato('TIPO_ACT_EDI_2'), 'ZVO',  7);
    INSERT INTO portico.tbl_codigo_ref_cdrf (cdrf_pk, cdrf_tpdt_pk, cdrf_valor, cdrf_orden) VALUES (55257, portico.getTipoDato('TIPO_ACT_EDI_2'), 'ZAF',  8);
    INSERT INTO portico.tbl_codigo_ref_cdrf (cdrf_pk, cdrf_tpdt_pk, cdrf_valor, cdrf_orden) VALUES (55258, portico.getTipoDato('TIPO_ACT_EDI_2'), 'ZIN',  9);
    INSERT INTO portico.tbl_codigo_ref_cdrf (cdrf_pk, cdrf_tpdt_pk, cdrf_valor, cdrf_orden) VALUES (55259, portico.getTipoDato('TIPO_ACT_EDI_2'), 'ZIP',  10);
    INSERT INTO portico.tbl_codigo_ref_cdrf (cdrf_pk, cdrf_tpdt_pk, cdrf_valor, cdrf_orden) VALUES (55260, portico.getTipoDato('TIPO_ACT_EDI_2'), 'ZBO',  11);
    INSERT INTO portico.tbl_codigo_ref_cdrf (cdrf_pk, cdrf_tpdt_pk, cdrf_valor, cdrf_orden) VALUES (55261, portico.getTipoDato('TIPO_ACT_EDI_2'), 'ZCO',  12);
    INSERT INTO portico.tbl_codigo_ref_cdrf (cdrf_pk, cdrf_tpdt_pk, cdrf_valor, cdrf_orden) VALUES (55262, portico.getTipoDato('TIPO_ACT_EDI_2'), 'ZCA',  13);
    INSERT INTO portico.tbl_codigo_ref_cdrf (cdrf_pk, cdrf_tpdt_pk, cdrf_valor, cdrf_orden) VALUES (55263, portico.getTipoDato('TIPO_ACT_EDI_2'), 'ZRA',  14);
    INSERT INTO portico.tbl_codigo_ref_cdrf (cdrf_pk, cdrf_tpdt_pk, cdrf_valor, cdrf_orden) VALUES (55264, portico.getTipoDato('TIPO_ACT_EDI_2'), 'ZRF',  15);
    INSERT INTO portico.tbl_codigo_ref_cdrf (cdrf_pk, cdrf_tpdt_pk, cdrf_valor, cdrf_orden) VALUES (55265, portico.getTipoDato('TIPO_ACT_EDI_2'), 'ZRT',  16);
    INSERT INTO portico.tbl_codigo_ref_cdrf (cdrf_pk, cdrf_tpdt_pk, cdrf_valor, cdrf_orden) VALUES (55266, portico.getTipoDato('TIPO_ACT_EDI_2'), 'ZDE',  17);
    INSERT INTO portico.tbl_codigo_ref_cdrf (cdrf_pk, cdrf_tpdt_pk, cdrf_valor, cdrf_orden) VALUES (55267, portico.getTipoDato('TIPO_ACT_EDI_2'), 'ZDA',  18);
    INSERT INTO portico.tbl_codigo_ref_cdrf (cdrf_pk, cdrf_tpdt_pk, cdrf_valor, cdrf_orden) VALUES (55268, portico.getTipoDato('TIPO_ACT_EDI_2'), 'ZTA',  19);
    INSERT INTO portico.tbl_codigo_ref_cdrf (cdrf_pk, cdrf_tpdt_pk, cdrf_valor, cdrf_orden) VALUES (55269, portico.getTipoDato('TIPO_ACT_EDI_2'), 'ZTF',  20);
    INSERT INTO portico.tbl_codigo_ref_cdrf (cdrf_pk, cdrf_tpdt_pk, cdrf_valor, cdrf_orden) VALUES (55270, portico.getTipoDato('TIPO_ACT_EDI_2'), 'ZAP',  21);
    INSERT INTO portico.tbl_codigo_ref_cdrf (cdrf_pk, cdrf_tpdt_pk, cdrf_valor, cdrf_orden) VALUES (55271, portico.getTipoDato('TIPO_ACT_EDI_2'), 'ZDR',  22);
    INSERT INTO portico.tbl_codigo_ref_cdrf (cdrf_pk, cdrf_tpdt_pk, cdrf_valor, cdrf_orden) VALUES (55272, portico.getTipoDato('TIPO_ACT_EDI_2'), 'ZPB',  23);
    INSERT INTO portico.tbl_codigo_ref_cdrf (cdrf_pk, cdrf_tpdt_pk, cdrf_valor, cdrf_orden) VALUES (55273, portico.getTipoDato('TIPO_ACT_EDI_2'), 'ZCL',  24);
    INSERT INTO portico.tbl_codigo_ref_cdrf (cdrf_pk, cdrf_tpdt_pk, cdrf_valor, cdrf_orden) VALUES (55274, portico.getTipoDato('TIPO_ACT_EDI_2'), 'ZDJ',  25);
    INSERT INTO portico.tbl_codigo_ref_cdrf (cdrf_pk, cdrf_tpdt_pk, cdrf_valor, cdrf_orden) VALUES (55275, portico.getTipoDato('TIPO_ACT_EDI_2'), 'ZMR',  26);
    INSERT INTO portico.tbl_codigo_ref_cdrf (cdrf_pk, cdrf_tpdt_pk, cdrf_valor, cdrf_orden) VALUES (55276, portico.getTipoDato('TIPO_ACT_EDI_2'), 'ZPR',  27);
    INSERT INTO portico.tbl_codigo_ref_cdrf (cdrf_pk, cdrf_tpdt_pk, cdrf_valor, cdrf_orden) VALUES (55277, portico.getTipoDato('TIPO_ACT_EDI_2'), 'ZRE',  28);
    INSERT INTO portico.tbl_codigo_ref_cdrf (cdrf_pk, cdrf_tpdt_pk, cdrf_valor, cdrf_orden) VALUES (55278, portico.getTipoDato('TIPO_ACT_EDI_2'), 'ZVA',  29);
    INSERT INTO portico.tbl_codigo_ref_cdrf (cdrf_pk, cdrf_tpdt_pk, cdrf_valor, cdrf_orden) VALUES (55279, portico.getTipoDato('TIPO_ACT_EDI_2'), 'ZDS',  30);
    INSERT INTO portico.tbl_codigo_ref_cdrf (cdrf_pk, cdrf_tpdt_pk, cdrf_valor, cdrf_orden) VALUES (55280, portico.getTipoDato('TIPO_ACT_EDI_2'), 'ZPV',  31);
    INSERT INTO portico.tbl_codigo_ref_cdrf (cdrf_pk, cdrf_tpdt_pk, cdrf_valor, cdrf_orden) VALUES (55281, portico.getTipoDato('TIPO_ACT_EDI_2'), 'ZOT',  32);
    INSERT INTO portico.tbl_codigo_ref_cdrf (cdrf_pk, cdrf_tpdt_pk, cdrf_valor, cdrf_orden) VALUES (55282, portico.getTipoDato('TIPO_ACT_EDI_2'), 'ZSV',  33);
		INSERT INTO portico.tbl_codigo_ref_i18n_cdri (cdri_cdrf_pk, cdri_idioma, cdri_texto) VALUES (55250, 'es_ES', 'ZOP');
		INSERT INTO portico.tbl_codigo_ref_i18n_cdri (cdri_cdrf_pk, cdri_idioma, cdri_texto) VALUES (55251, 'es_ES', 'ZAB');
		INSERT INTO portico.tbl_codigo_ref_i18n_cdri (cdri_cdrf_pk, cdri_idioma, cdri_texto) VALUES (55252, 'es_ES', 'ZAO');
		INSERT INTO portico.tbl_codigo_ref_i18n_cdri (cdri_cdrf_pk, cdri_idioma, cdri_texto) VALUES (55253, 'es_ES', 'ZAR');
		INSERT INTO portico.tbl_codigo_ref_i18n_cdri (cdri_cdrf_pk, cdri_idioma, cdri_texto) VALUES (55254, 'es_ES', 'ZCT');
		INSERT INTO portico.tbl_codigo_ref_i18n_cdri (cdri_cdrf_pk, cdri_idioma, cdri_texto) VALUES (55255, 'es_ES', 'ZTI');
		INSERT INTO portico.tbl_codigo_ref_i18n_cdri (cdri_cdrf_pk, cdri_idioma, cdri_texto) VALUES (55256, 'es_ES', 'ZVO');
		INSERT INTO portico.tbl_codigo_ref_i18n_cdri (cdri_cdrf_pk, cdri_idioma, cdri_texto) VALUES (55257, 'es_ES', 'ZAF');
		INSERT INTO portico.tbl_codigo_ref_i18n_cdri (cdri_cdrf_pk, cdri_idioma, cdri_texto) VALUES (55258, 'es_ES', 'ZIN');
		INSERT INTO portico.tbl_codigo_ref_i18n_cdri (cdri_cdrf_pk, cdri_idioma, cdri_texto) VALUES (55259, 'es_ES', 'ZIP');
		INSERT INTO portico.tbl_codigo_ref_i18n_cdri (cdri_cdrf_pk, cdri_idioma, cdri_texto) VALUES (55260, 'es_ES', 'ZBO');
		INSERT INTO portico.tbl_codigo_ref_i18n_cdri (cdri_cdrf_pk, cdri_idioma, cdri_texto) VALUES (55261, 'es_ES', 'ZCO');
		INSERT INTO portico.tbl_codigo_ref_i18n_cdri (cdri_cdrf_pk, cdri_idioma, cdri_texto) VALUES (55262, 'es_ES', 'ZCA');
		INSERT INTO portico.tbl_codigo_ref_i18n_cdri (cdri_cdrf_pk, cdri_idioma, cdri_texto) VALUES (55263, 'es_ES', 'ZRA');
		INSERT INTO portico.tbl_codigo_ref_i18n_cdri (cdri_cdrf_pk, cdri_idioma, cdri_texto) VALUES (55264, 'es_ES', 'ZRF');
		INSERT INTO portico.tbl_codigo_ref_i18n_cdri (cdri_cdrf_pk, cdri_idioma, cdri_texto) VALUES (55265, 'es_ES', 'ZRT');
		INSERT INTO portico.tbl_codigo_ref_i18n_cdri (cdri_cdrf_pk, cdri_idioma, cdri_texto) VALUES (55266, 'es_ES', 'ZDE');
		INSERT INTO portico.tbl_codigo_ref_i18n_cdri (cdri_cdrf_pk, cdri_idioma, cdri_texto) VALUES (55267, 'es_ES', 'ZDA');
		INSERT INTO portico.tbl_codigo_ref_i18n_cdri (cdri_cdrf_pk, cdri_idioma, cdri_texto) VALUES (55268, 'es_ES', 'ZTA');
		INSERT INTO portico.tbl_codigo_ref_i18n_cdri (cdri_cdrf_pk, cdri_idioma, cdri_texto) VALUES (55269, 'es_ES', 'ZTF');
		INSERT INTO portico.tbl_codigo_ref_i18n_cdri (cdri_cdrf_pk, cdri_idioma, cdri_texto) VALUES (55270, 'es_ES', 'ZAP');
		INSERT INTO portico.tbl_codigo_ref_i18n_cdri (cdri_cdrf_pk, cdri_idioma, cdri_texto) VALUES (55271, 'es_ES', 'ZDR');
		INSERT INTO portico.tbl_codigo_ref_i18n_cdri (cdri_cdrf_pk, cdri_idioma, cdri_texto) VALUES (55272, 'es_ES', 'ZPB');
		INSERT INTO portico.tbl_codigo_ref_i18n_cdri (cdri_cdrf_pk, cdri_idioma, cdri_texto) VALUES (55273, 'es_ES', 'ZCL');
		INSERT INTO portico.tbl_codigo_ref_i18n_cdri (cdri_cdrf_pk, cdri_idioma, cdri_texto) VALUES (55274, 'es_ES', 'ZDJ');
		INSERT INTO portico.tbl_codigo_ref_i18n_cdri (cdri_cdrf_pk, cdri_idioma, cdri_texto) VALUES (55275, 'es_ES', 'ZMR');
		INSERT INTO portico.tbl_codigo_ref_i18n_cdri (cdri_cdrf_pk, cdri_idioma, cdri_texto) VALUES (55276, 'es_ES', 'ZPR');
		INSERT INTO portico.tbl_codigo_ref_i18n_cdri (cdri_cdrf_pk, cdri_idioma, cdri_texto) VALUES (55277, 'es_ES', 'ZRE');
		INSERT INTO portico.tbl_codigo_ref_i18n_cdri (cdri_cdrf_pk, cdri_idioma, cdri_texto) VALUES (55278, 'es_ES', 'ZVA');
		INSERT INTO portico.tbl_codigo_ref_i18n_cdri (cdri_cdrf_pk, cdri_idioma, cdri_texto) VALUES (55279, 'es_ES', 'ZDS');
		INSERT INTO portico.tbl_codigo_ref_i18n_cdri (cdri_cdrf_pk, cdri_idioma, cdri_texto) VALUES (55280, 'es_ES', 'ZPV');
		INSERT INTO portico.tbl_codigo_ref_i18n_cdri (cdri_cdrf_pk, cdri_idioma, cdri_texto) VALUES (55281, 'es_ES', 'ZOT');
		INSERT INTO portico.tbl_codigo_ref_i18n_cdri (cdri_cdrf_pk, cdri_idioma, cdri_texto) VALUES (55282, 'es_ES', 'ZSV');
INSERT INTO portico.tbl_tipo_dato_tpdt (tpdt_pk, tpdt_tipo_html, tpdt_tipo_elemento, tpdt_enti_pk, tpdt_codigo, tpdt_nombre) VALUES (43527, 'S', 'CR', NULL , 'TIPO_ACT_EDI_3', 'Tipo de Actividad EDI 3');
    INSERT INTO portico.tbl_codigo_ref_cdrf (cdrf_pk, cdrf_tpdt_pk, cdrf_valor, cdrf_orden) VALUES (55300, portico.getTipoDato('TIPO_ACT_EDI_3'), 'ZOP',  1);
    INSERT INTO portico.tbl_codigo_ref_cdrf (cdrf_pk, cdrf_tpdt_pk, cdrf_valor, cdrf_orden) VALUES (55301, portico.getTipoDato('TIPO_ACT_EDI_3'), 'ZAB',  2);
    INSERT INTO portico.tbl_codigo_ref_cdrf (cdrf_pk, cdrf_tpdt_pk, cdrf_valor, cdrf_orden) VALUES (55302, portico.getTipoDato('TIPO_ACT_EDI_3'), 'ZAO',  3);
    INSERT INTO portico.tbl_codigo_ref_cdrf (cdrf_pk, cdrf_tpdt_pk, cdrf_valor, cdrf_orden) VALUES (55303, portico.getTipoDato('TIPO_ACT_EDI_3'), 'ZAR',  4);
    INSERT INTO portico.tbl_codigo_ref_cdrf (cdrf_pk, cdrf_tpdt_pk, cdrf_valor, cdrf_orden) VALUES (55304, portico.getTipoDato('TIPO_ACT_EDI_3'), 'ZCT',  5);
    INSERT INTO portico.tbl_codigo_ref_cdrf (cdrf_pk, cdrf_tpdt_pk, cdrf_valor, cdrf_orden) VALUES (55305, portico.getTipoDato('TIPO_ACT_EDI_3'), 'ZTI',  6);
    INSERT INTO portico.tbl_codigo_ref_cdrf (cdrf_pk, cdrf_tpdt_pk, cdrf_valor, cdrf_orden) VALUES (55306, portico.getTipoDato('TIPO_ACT_EDI_3'), 'ZVO',  7);
    INSERT INTO portico.tbl_codigo_ref_cdrf (cdrf_pk, cdrf_tpdt_pk, cdrf_valor, cdrf_orden) VALUES (55307, portico.getTipoDato('TIPO_ACT_EDI_3'), 'ZAF',  8);
    INSERT INTO portico.tbl_codigo_ref_cdrf (cdrf_pk, cdrf_tpdt_pk, cdrf_valor, cdrf_orden) VALUES (55308, portico.getTipoDato('TIPO_ACT_EDI_3'), 'ZIN',  9);
    INSERT INTO portico.tbl_codigo_ref_cdrf (cdrf_pk, cdrf_tpdt_pk, cdrf_valor, cdrf_orden) VALUES (55309, portico.getTipoDato('TIPO_ACT_EDI_3'), 'ZIP',  10);
    INSERT INTO portico.tbl_codigo_ref_cdrf (cdrf_pk, cdrf_tpdt_pk, cdrf_valor, cdrf_orden) VALUES (55310, portico.getTipoDato('TIPO_ACT_EDI_3'), 'ZBO',  11);
    INSERT INTO portico.tbl_codigo_ref_cdrf (cdrf_pk, cdrf_tpdt_pk, cdrf_valor, cdrf_orden) VALUES (55311, portico.getTipoDato('TIPO_ACT_EDI_3'), 'ZCO',  12);
    INSERT INTO portico.tbl_codigo_ref_cdrf (cdrf_pk, cdrf_tpdt_pk, cdrf_valor, cdrf_orden) VALUES (55312, portico.getTipoDato('TIPO_ACT_EDI_3'), 'ZCA',  13);
    INSERT INTO portico.tbl_codigo_ref_cdrf (cdrf_pk, cdrf_tpdt_pk, cdrf_valor, cdrf_orden) VALUES (55313, portico.getTipoDato('TIPO_ACT_EDI_3'), 'ZRA',  14);
    INSERT INTO portico.tbl_codigo_ref_cdrf (cdrf_pk, cdrf_tpdt_pk, cdrf_valor, cdrf_orden) VALUES (55314, portico.getTipoDato('TIPO_ACT_EDI_3'), 'ZRF',  15);
    INSERT INTO portico.tbl_codigo_ref_cdrf (cdrf_pk, cdrf_tpdt_pk, cdrf_valor, cdrf_orden) VALUES (55315, portico.getTipoDato('TIPO_ACT_EDI_3'), 'ZRT',  16);
    INSERT INTO portico.tbl_codigo_ref_cdrf (cdrf_pk, cdrf_tpdt_pk, cdrf_valor, cdrf_orden) VALUES (55316, portico.getTipoDato('TIPO_ACT_EDI_3'), 'ZDE',  17);
    INSERT INTO portico.tbl_codigo_ref_cdrf (cdrf_pk, cdrf_tpdt_pk, cdrf_valor, cdrf_orden) VALUES (55317, portico.getTipoDato('TIPO_ACT_EDI_3'), 'ZDA',  18);
    INSERT INTO portico.tbl_codigo_ref_cdrf (cdrf_pk, cdrf_tpdt_pk, cdrf_valor, cdrf_orden) VALUES (55318, portico.getTipoDato('TIPO_ACT_EDI_3'), 'ZTA',  19);
    INSERT INTO portico.tbl_codigo_ref_cdrf (cdrf_pk, cdrf_tpdt_pk, cdrf_valor, cdrf_orden) VALUES (55319, portico.getTipoDato('TIPO_ACT_EDI_3'), 'ZTF',  20);
    INSERT INTO portico.tbl_codigo_ref_cdrf (cdrf_pk, cdrf_tpdt_pk, cdrf_valor, cdrf_orden) VALUES (55320, portico.getTipoDato('TIPO_ACT_EDI_3'), 'ZAP',  21);
    INSERT INTO portico.tbl_codigo_ref_cdrf (cdrf_pk, cdrf_tpdt_pk, cdrf_valor, cdrf_orden) VALUES (55321, portico.getTipoDato('TIPO_ACT_EDI_3'), 'ZDR',  22);
    INSERT INTO portico.tbl_codigo_ref_cdrf (cdrf_pk, cdrf_tpdt_pk, cdrf_valor, cdrf_orden) VALUES (55322, portico.getTipoDato('TIPO_ACT_EDI_3'), 'ZPB',  23);
    INSERT INTO portico.tbl_codigo_ref_cdrf (cdrf_pk, cdrf_tpdt_pk, cdrf_valor, cdrf_orden) VALUES (55323, portico.getTipoDato('TIPO_ACT_EDI_3'), 'ZCL',  24);
    INSERT INTO portico.tbl_codigo_ref_cdrf (cdrf_pk, cdrf_tpdt_pk, cdrf_valor, cdrf_orden) VALUES (55324, portico.getTipoDato('TIPO_ACT_EDI_3'), 'ZDJ',  25);
    INSERT INTO portico.tbl_codigo_ref_cdrf (cdrf_pk, cdrf_tpdt_pk, cdrf_valor, cdrf_orden) VALUES (55325, portico.getTipoDato('TIPO_ACT_EDI_3'), 'ZMR',  26);
    INSERT INTO portico.tbl_codigo_ref_cdrf (cdrf_pk, cdrf_tpdt_pk, cdrf_valor, cdrf_orden) VALUES (55326, portico.getTipoDato('TIPO_ACT_EDI_3'), 'ZPR',  27);
    INSERT INTO portico.tbl_codigo_ref_cdrf (cdrf_pk, cdrf_tpdt_pk, cdrf_valor, cdrf_orden) VALUES (55327, portico.getTipoDato('TIPO_ACT_EDI_3'), 'ZRE',  28);
    INSERT INTO portico.tbl_codigo_ref_cdrf (cdrf_pk, cdrf_tpdt_pk, cdrf_valor, cdrf_orden) VALUES (55328, portico.getTipoDato('TIPO_ACT_EDI_3'), 'ZVA',  29);
    INSERT INTO portico.tbl_codigo_ref_cdrf (cdrf_pk, cdrf_tpdt_pk, cdrf_valor, cdrf_orden) VALUES (55329, portico.getTipoDato('TIPO_ACT_EDI_3'), 'ZDS',  30);
    INSERT INTO portico.tbl_codigo_ref_cdrf (cdrf_pk, cdrf_tpdt_pk, cdrf_valor, cdrf_orden) VALUES (55330, portico.getTipoDato('TIPO_ACT_EDI_3'), 'ZPV',  31);
    INSERT INTO portico.tbl_codigo_ref_cdrf (cdrf_pk, cdrf_tpdt_pk, cdrf_valor, cdrf_orden) VALUES (55331, portico.getTipoDato('TIPO_ACT_EDI_3'), 'ZOT',  32);
    INSERT INTO portico.tbl_codigo_ref_cdrf (cdrf_pk, cdrf_tpdt_pk, cdrf_valor, cdrf_orden) VALUES (55332, portico.getTipoDato('TIPO_ACT_EDI_3'), 'ZSV',  33);
		INSERT INTO portico.tbl_codigo_ref_i18n_cdri (cdri_cdrf_pk, cdri_idioma, cdri_texto) VALUES (55300, 'es_ES', 'ZOP');
		INSERT INTO portico.tbl_codigo_ref_i18n_cdri (cdri_cdrf_pk, cdri_idioma, cdri_texto) VALUES (55301, 'es_ES', 'ZAB');
		INSERT INTO portico.tbl_codigo_ref_i18n_cdri (cdri_cdrf_pk, cdri_idioma, cdri_texto) VALUES (55302, 'es_ES', 'ZAO');
		INSERT INTO portico.tbl_codigo_ref_i18n_cdri (cdri_cdrf_pk, cdri_idioma, cdri_texto) VALUES (55303, 'es_ES', 'ZAR');
		INSERT INTO portico.tbl_codigo_ref_i18n_cdri (cdri_cdrf_pk, cdri_idioma, cdri_texto) VALUES (55304, 'es_ES', 'ZCT');
		INSERT INTO portico.tbl_codigo_ref_i18n_cdri (cdri_cdrf_pk, cdri_idioma, cdri_texto) VALUES (55305, 'es_ES', 'ZTI');
		INSERT INTO portico.tbl_codigo_ref_i18n_cdri (cdri_cdrf_pk, cdri_idioma, cdri_texto) VALUES (55306, 'es_ES', 'ZVO');
		INSERT INTO portico.tbl_codigo_ref_i18n_cdri (cdri_cdrf_pk, cdri_idioma, cdri_texto) VALUES (55307, 'es_ES', 'ZAF');
		INSERT INTO portico.tbl_codigo_ref_i18n_cdri (cdri_cdrf_pk, cdri_idioma, cdri_texto) VALUES (55308, 'es_ES', 'ZIN');
		INSERT INTO portico.tbl_codigo_ref_i18n_cdri (cdri_cdrf_pk, cdri_idioma, cdri_texto) VALUES (55309, 'es_ES', 'ZIP');
		INSERT INTO portico.tbl_codigo_ref_i18n_cdri (cdri_cdrf_pk, cdri_idioma, cdri_texto) VALUES (55310, 'es_ES', 'ZBO');
		INSERT INTO portico.tbl_codigo_ref_i18n_cdri (cdri_cdrf_pk, cdri_idioma, cdri_texto) VALUES (55311, 'es_ES', 'ZCO');
		INSERT INTO portico.tbl_codigo_ref_i18n_cdri (cdri_cdrf_pk, cdri_idioma, cdri_texto) VALUES (55312, 'es_ES', 'ZCA');
		INSERT INTO portico.tbl_codigo_ref_i18n_cdri (cdri_cdrf_pk, cdri_idioma, cdri_texto) VALUES (55313, 'es_ES', 'ZRA');
		INSERT INTO portico.tbl_codigo_ref_i18n_cdri (cdri_cdrf_pk, cdri_idioma, cdri_texto) VALUES (55314, 'es_ES', 'ZRF');
		INSERT INTO portico.tbl_codigo_ref_i18n_cdri (cdri_cdrf_pk, cdri_idioma, cdri_texto) VALUES (55315, 'es_ES', 'ZRT');
		INSERT INTO portico.tbl_codigo_ref_i18n_cdri (cdri_cdrf_pk, cdri_idioma, cdri_texto) VALUES (55316, 'es_ES', 'ZDE');
		INSERT INTO portico.tbl_codigo_ref_i18n_cdri (cdri_cdrf_pk, cdri_idioma, cdri_texto) VALUES (55317, 'es_ES', 'ZDA');
		INSERT INTO portico.tbl_codigo_ref_i18n_cdri (cdri_cdrf_pk, cdri_idioma, cdri_texto) VALUES (55318, 'es_ES', 'ZTA');
		INSERT INTO portico.tbl_codigo_ref_i18n_cdri (cdri_cdrf_pk, cdri_idioma, cdri_texto) VALUES (55319, 'es_ES', 'ZTF');
		INSERT INTO portico.tbl_codigo_ref_i18n_cdri (cdri_cdrf_pk, cdri_idioma, cdri_texto) VALUES (55320, 'es_ES', 'ZAP');
		INSERT INTO portico.tbl_codigo_ref_i18n_cdri (cdri_cdrf_pk, cdri_idioma, cdri_texto) VALUES (55321, 'es_ES', 'ZDR');
		INSERT INTO portico.tbl_codigo_ref_i18n_cdri (cdri_cdrf_pk, cdri_idioma, cdri_texto) VALUES (55322, 'es_ES', 'ZPB');
		INSERT INTO portico.tbl_codigo_ref_i18n_cdri (cdri_cdrf_pk, cdri_idioma, cdri_texto) VALUES (55323, 'es_ES', 'ZCL');
		INSERT INTO portico.tbl_codigo_ref_i18n_cdri (cdri_cdrf_pk, cdri_idioma, cdri_texto) VALUES (55324, 'es_ES', 'ZDJ');
		INSERT INTO portico.tbl_codigo_ref_i18n_cdri (cdri_cdrf_pk, cdri_idioma, cdri_texto) VALUES (55325, 'es_ES', 'ZMR');
		INSERT INTO portico.tbl_codigo_ref_i18n_cdri (cdri_cdrf_pk, cdri_idioma, cdri_texto) VALUES (55326, 'es_ES', 'ZPR');
		INSERT INTO portico.tbl_codigo_ref_i18n_cdri (cdri_cdrf_pk, cdri_idioma, cdri_texto) VALUES (55327, 'es_ES', 'ZRE');
		INSERT INTO portico.tbl_codigo_ref_i18n_cdri (cdri_cdrf_pk, cdri_idioma, cdri_texto) VALUES (55328, 'es_ES', 'ZVA');
		INSERT INTO portico.tbl_codigo_ref_i18n_cdri (cdri_cdrf_pk, cdri_idioma, cdri_texto) VALUES (55329, 'es_ES', 'ZDS');
		INSERT INTO portico.tbl_codigo_ref_i18n_cdri (cdri_cdrf_pk, cdri_idioma, cdri_texto) VALUES (55330, 'es_ES', 'ZPV');
		INSERT INTO portico.tbl_codigo_ref_i18n_cdri (cdri_cdrf_pk, cdri_idioma, cdri_texto) VALUES (55331, 'es_ES', 'ZOT');
		INSERT INTO portico.tbl_codigo_ref_i18n_cdri (cdri_cdrf_pk, cdri_idioma, cdri_texto) VALUES (55332, 'es_ES', 'ZSV');
INSERT INTO portico.tbl_tipo_dato_tpdt (tpdt_pk, tpdt_tipo_html, tpdt_tipo_elemento, tpdt_enti_pk, tpdt_codigo, tpdt_nombre) VALUES (43540, 'S', 'CR', NULL , 'TIPO_HORA', 'Tipo de Hora');
    INSERT INTO portico.tbl_codigo_ref_cdrf (cdrf_pk, cdrf_tpdt_pk, cdrf_valor, cdrf_orden) VALUES (55350, portico.getTipoDato('TIPO_HORA'), 'E',  1);
    INSERT INTO portico.tbl_codigo_ref_cdrf (cdrf_pk, cdrf_tpdt_pk, cdrf_valor, cdrf_orden) VALUES (55351, portico.getTipoDato('TIPO_HORA'), 'F',  2);
    INSERT INTO portico.tbl_codigo_ref_cdrf (cdrf_pk, cdrf_tpdt_pk, cdrf_valor, cdrf_orden) VALUES (55352, portico.getTipoDato('TIPO_HORA'), 'N',  3);
		INSERT INTO portico.tbl_codigo_ref_i18n_cdri (cdri_cdrf_pk, cdri_idioma, cdri_texto) VALUES (55350, 'es_ES', 'E');
		INSERT INTO portico.tbl_codigo_ref_i18n_cdri (cdri_cdrf_pk, cdri_idioma, cdri_texto) VALUES (55351, 'es_ES', 'F');
		INSERT INTO portico.tbl_codigo_ref_i18n_cdri (cdri_cdrf_pk, cdri_idioma, cdri_texto) VALUES (55352, 'es_ES', 'N');
INSERT INTO portico.tbl_tipo_dato_tpdt (tpdt_pk, tpdt_tipo_html, tpdt_tipo_elemento, tpdt_enti_pk, tpdt_codigo, tpdt_nombre) VALUES (43545, 'S', 'CR', NULL , 'ESTADO_CONT', 'Estado Contador');
    INSERT INTO portico.tbl_codigo_ref_cdrf (cdrf_pk, cdrf_tpdt_pk, cdrf_valor, cdrf_orden) VALUES (55400, portico.getTipoDato('ESTADO_CONT'), 'A',  1);
    INSERT INTO portico.tbl_codigo_ref_cdrf (cdrf_pk, cdrf_tpdt_pk, cdrf_valor, cdrf_orden) VALUES (55401, portico.getTipoDato('ESTADO_CONT'), 'D',  2);
		INSERT INTO portico.tbl_codigo_ref_i18n_cdri (cdri_cdrf_pk, cdri_idioma, cdri_texto) VALUES (55400, 'es_ES', 'A');
		INSERT INTO portico.tbl_codigo_ref_i18n_cdri (cdri_cdrf_pk, cdri_idioma, cdri_texto) VALUES (55401, 'es_ES', 'D');
INSERT INTO portico.tbl_tipo_dato_tpdt (tpdt_pk, tpdt_tipo_html, tpdt_tipo_elemento, tpdt_enti_pk, tpdt_codigo, tpdt_nombre) VALUES (43550, 'S', 'CR', NULL , 'ESTADO_AMAD', 'Estado Amarre Dep.');
    INSERT INTO portico.tbl_codigo_ref_cdrf (cdrf_pk, cdrf_tpdt_pk, cdrf_valor, cdrf_orden) VALUES (55450, portico.getTipoDato('ESTADO_AMAD'), 'L',  1);
    INSERT INTO portico.tbl_codigo_ref_cdrf (cdrf_pk, cdrf_tpdt_pk, cdrf_valor, cdrf_orden) VALUES (55451, portico.getTipoDato('ESTADO_AMAD'), 'R',  2);
    INSERT INTO portico.tbl_codigo_ref_cdrf (cdrf_pk, cdrf_tpdt_pk, cdrf_valor, cdrf_orden) VALUES (55452, portico.getTipoDato('ESTADO_AMAD'), 'T',  3);
    INSERT INTO portico.tbl_codigo_ref_cdrf (cdrf_pk, cdrf_tpdt_pk, cdrf_valor, cdrf_orden) VALUES (55453, portico.getTipoDato('ESTADO_AMAD'), 'B',  4);
		INSERT INTO portico.tbl_codigo_ref_i18n_cdri (cdri_cdrf_pk, cdri_idioma, cdri_texto) VALUES (55450, 'es_ES', 'L');
		INSERT INTO portico.tbl_codigo_ref_i18n_cdri (cdri_cdrf_pk, cdri_idioma, cdri_texto) VALUES (55451, 'es_ES', 'R');
		INSERT INTO portico.tbl_codigo_ref_i18n_cdri (cdri_cdrf_pk, cdri_idioma, cdri_texto) VALUES (55452, 'es_ES', 'T');
		INSERT INTO portico.tbl_codigo_ref_i18n_cdri (cdri_cdrf_pk, cdri_idioma, cdri_texto) VALUES (55453, 'es_ES', 'B');


-- Entidades - Tipos de parametro
INSERT INTO portico.tbl_entidad_enti(enti_pk, enti_tipo, enti_cmd_alta, enti_cmd_baja, enti_cmd_edicion, enti_cmd_duplicado, enti_codigo, enti_nombre) VALUES (20001, 'P', 1, 1, 1, 1, 'TIPO_ACTIVIDAD', 'Tipo de Actividad');
INSERT INTO portico.tbl_tipo_parametro_tppr(tppr_pk, tppr_es_i18n, tppr_es_tmp_exp) VALUES (portico.getEntidad('TIPO_ACTIVIDAD'), 1, 0);
INSERT INTO portico.tbl_entidad_enti(enti_pk, enti_tipo, enti_cmd_alta, enti_cmd_baja, enti_cmd_edicion, enti_cmd_duplicado, enti_codigo, enti_nombre) VALUES (20002, 'P', 1, 1, 1, 1, 'TIPO_ACTIVIDAD_EDI', 'Tipo de Actividad EDI');
INSERT INTO portico.tbl_tipo_parametro_tppr(tppr_pk, tppr_es_i18n, tppr_es_tmp_exp) VALUES (portico.getEntidad('TIPO_ACTIVIDAD_EDI'), 1, 0);
INSERT INTO portico.tbl_entidad_enti(enti_pk, enti_tipo, enti_cmd_alta, enti_cmd_baja, enti_cmd_edicion, enti_cmd_duplicado, enti_codigo, enti_nombre) VALUES (20003, 'P', 1, 1, 1, 1, 'ACUERDO', 'Acuerdo');
INSERT INTO portico.tbl_tipo_parametro_tppr(tppr_pk, tppr_es_i18n, tppr_es_tmp_exp) VALUES (portico.getEntidad('ACUERDO'), 1, 1);
INSERT INTO portico.tbl_entidad_enti(enti_pk, enti_tipo, enti_cmd_alta, enti_cmd_baja, enti_cmd_edicion, enti_cmd_duplicado, enti_codigo, enti_nombre) VALUES (20004, 'P', 1, 1, 1, 1, 'PAIS', 'País');
INSERT INTO portico.tbl_tipo_parametro_tppr(tppr_pk, tppr_es_i18n, tppr_es_tmp_exp) VALUES (portico.getEntidad('PAIS'), 1, 0);
INSERT INTO portico.tbl_entidad_enti(enti_pk, enti_tipo, enti_cmd_alta, enti_cmd_baja, enti_cmd_edicion, enti_cmd_duplicado, enti_codigo, enti_nombre) VALUES (20005, 'P', 1, 1, 1, 1, 'BUQUE', 'Buque');
INSERT INTO portico.tbl_tipo_parametro_tppr(tppr_pk, tppr_es_i18n, tppr_es_tmp_exp, tppr_tpdt_pk) VALUES (portico.getEntidad('BUQUE'), 0, 0, 41020);
INSERT INTO portico.tbl_entidad_enti(enti_pk, enti_tipo, enti_cmd_alta, enti_cmd_baja, enti_cmd_edicion, enti_cmd_duplicado, enti_codigo, enti_nombre) VALUES (20006, 'P', 1, 1, 1, 1, 'AREA_MUNDIAL', 'Area Mundial');
INSERT INTO portico.tbl_tipo_parametro_tppr(tppr_pk, tppr_es_i18n, tppr_es_tmp_exp) VALUES (portico.getEntidad('AREA_MUNDIAL'), 1, 0);
INSERT INTO portico.tbl_entidad_enti(enti_pk, enti_tipo, enti_cmd_alta, enti_cmd_baja, enti_cmd_edicion, enti_cmd_duplicado, enti_codigo, enti_nombre) VALUES (20007, 'P', 1, 1, 1, 1, 'TIPO_BUQUE_EEE', 'Tipo de Buque EEE');
INSERT INTO portico.tbl_tipo_parametro_tppr(tppr_pk, tppr_es_i18n, tppr_es_tmp_exp) VALUES (portico.getEntidad('TIPO_BUQUE_EEE'), 1, 0);
INSERT INTO portico.tbl_entidad_enti(enti_pk, enti_tipo, enti_cmd_alta, enti_cmd_baja, enti_cmd_edicion, enti_cmd_duplicado, enti_codigo, enti_nombre) VALUES (20008, 'P', 1, 1, 1, 1, 'TIPO_BUQUE_EST', 'Tipo de Buque Est');
INSERT INTO portico.tbl_tipo_parametro_tppr(tppr_pk, tppr_es_i18n, tppr_es_tmp_exp) VALUES (portico.getEntidad('TIPO_BUQUE_EST'), 1, 0);
INSERT INTO portico.tbl_entidad_enti(enti_pk, enti_tipo, enti_cmd_alta, enti_cmd_baja, enti_cmd_edicion, enti_cmd_duplicado, enti_codigo, enti_nombre) VALUES (20009, 'P', 1, 1, 1, 1, 'TIPO_BUQUE', 'Tipo de Buque');
INSERT INTO portico.tbl_tipo_parametro_tppr(tppr_pk, tppr_es_i18n, tppr_es_tmp_exp) VALUES (portico.getEntidad('TIPO_BUQUE'), 1, 0);
INSERT INTO portico.tbl_entidad_enti(enti_pk, enti_tipo, enti_cmd_alta, enti_cmd_baja, enti_cmd_edicion, enti_cmd_duplicado, enti_codigo, enti_nombre) VALUES (20010, 'P', 1, 1, 1, 1, 'ORGANIZACION', 'Organización');
INSERT INTO portico.tbl_tipo_parametro_tppr(tppr_pk, tppr_es_i18n, tppr_es_tmp_exp, tppr_tpdt_pk) VALUES (portico.getEntidad('ORGANIZACION'), 0, 0, 41020);
INSERT INTO portico.tbl_entidad_enti(enti_pk, enti_tipo, enti_cmd_alta, enti_cmd_baja, enti_cmd_edicion, enti_cmd_duplicado, enti_codigo, enti_nombre) VALUES (20011, 'P', 1, 1, 1, 1, 'TIPO_IVA', 'Tipo de IVA');
INSERT INTO portico.tbl_tipo_parametro_tppr(tppr_pk, tppr_es_i18n, tppr_es_tmp_exp) VALUES (portico.getEntidad('TIPO_IVA'), 1, 1);
INSERT INTO portico.tbl_entidad_enti(enti_pk, enti_tipo, enti_cmd_alta, enti_cmd_baja, enti_cmd_edicion, enti_cmd_duplicado, enti_codigo, enti_nombre) VALUES (20012, 'P', 1, 1, 1, 1, 'AREA_GEOGRAFICA', 'Area Geográfica');
INSERT INTO portico.tbl_tipo_parametro_tppr(tppr_pk, tppr_es_i18n, tppr_es_tmp_exp) VALUES (portico.getEntidad('AREA_GEOGRAFICA'), 1, 0);
INSERT INTO portico.tbl_entidad_enti(enti_pk, enti_tipo, enti_cmd_alta, enti_cmd_baja, enti_cmd_edicion, enti_cmd_duplicado, enti_codigo, enti_nombre) VALUES (20013, 'P', 1, 1, 1, 1, 'ZONA_COSTERA_EEE', 'Zona Costera EEE');
INSERT INTO portico.tbl_tipo_parametro_tppr(tppr_pk, tppr_es_i18n, tppr_es_tmp_exp) VALUES (portico.getEntidad('ZONA_COSTERA_EEE'), 1, 0);
INSERT INTO portico.tbl_entidad_enti(enti_pk, enti_tipo, enti_cmd_alta, enti_cmd_baja, enti_cmd_edicion, enti_cmd_duplicado, enti_codigo, enti_nombre) VALUES (20014, 'P', 1, 1, 1, 1, 'UNLOCODE', 'Unlocode');
INSERT INTO portico.tbl_tipo_parametro_tppr(tppr_pk, tppr_es_i18n, tppr_es_tmp_exp) VALUES (portico.getEntidad('UNLOCODE'), 1, 0);
INSERT INTO portico.tbl_entidad_enti(enti_pk, enti_tipo, enti_cmd_alta, enti_cmd_baja, enti_cmd_edicion, enti_cmd_duplicado, enti_codigo, enti_nombre) VALUES (20015, 'P', 1, 1, 1, 1, 'TIPO_ALINEACION', 'Tipo de Alineación');
INSERT INTO portico.tbl_tipo_parametro_tppr(tppr_pk, tppr_es_i18n, tppr_es_tmp_exp) VALUES (portico.getEntidad('TIPO_ALINEACION'), 1, 0);
INSERT INTO portico.tbl_entidad_enti(enti_pk, enti_tipo, enti_cmd_alta, enti_cmd_baja, enti_cmd_edicion, enti_cmd_duplicado, enti_codigo, enti_nombre) VALUES (20016, 'P', 1, 1, 1, 1, 'TIPO_MEDIO_AMARRE', 'Tipo de Medio de Amarre');
INSERT INTO portico.tbl_tipo_parametro_tppr(tppr_pk, tppr_es_i18n, tppr_es_tmp_exp) VALUES (portico.getEntidad('TIPO_MEDIO_AMARRE'), 1, 0);
INSERT INTO portico.tbl_entidad_enti(enti_pk, enti_tipo, enti_cmd_alta, enti_cmd_baja, enti_cmd_edicion, enti_cmd_duplicado, enti_codigo, enti_nombre) VALUES (20017, 'P', 1, 1, 1, 1, 'TIPO_MOVIMIENTO_AMARRE', 'Tipo de Movimiento de Amarre');
INSERT INTO portico.tbl_tipo_parametro_tppr(tppr_pk, tppr_es_i18n, tppr_es_tmp_exp) VALUES (portico.getEntidad('TIPO_MOVIMIENTO_AMARRE'), 1, 0);
INSERT INTO portico.tbl_entidad_enti(enti_pk, enti_tipo, enti_cmd_alta, enti_cmd_baja, enti_cmd_edicion, enti_cmd_duplicado, enti_codigo, enti_nombre) VALUES (20018, 'P', 1, 1, 1, 1, 'TIPO_VIA', 'Tipo de Vía');
INSERT INTO portico.tbl_tipo_parametro_tppr(tppr_pk, tppr_es_i18n, tppr_es_tmp_exp) VALUES (portico.getEntidad('TIPO_VIA'), 1, 0);
INSERT INTO portico.tbl_entidad_enti(enti_pk, enti_tipo, enti_cmd_alta, enti_cmd_baja, enti_cmd_edicion, enti_cmd_duplicado, enti_codigo, enti_nombre) VALUES (20019, 'P', 1, 1, 1, 1, 'TIPO_USUARIO', 'Tipo de Usuario');
INSERT INTO portico.tbl_tipo_parametro_tppr(tppr_pk, tppr_es_i18n, tppr_es_tmp_exp) VALUES (portico.getEntidad('TIPO_USUARIO'), 1, 0);
INSERT INTO portico.tbl_entidad_enti(enti_pk, enti_tipo, enti_cmd_alta, enti_cmd_baja, enti_cmd_edicion, enti_cmd_duplicado, enti_codigo, enti_nombre) VALUES (20020, 'P', 1, 1, 1, 1, 'TIPO_SUPERFICIE', 'Tipo de Superficie');
INSERT INTO portico.tbl_tipo_parametro_tppr(tppr_pk, tppr_es_i18n, tppr_es_tmp_exp) VALUES (portico.getEntidad('TIPO_SUPERFICIE'), 1, 0);
INSERT INTO portico.tbl_entidad_enti(enti_pk, enti_tipo, enti_cmd_alta, enti_cmd_baja, enti_cmd_edicion, enti_cmd_duplicado, enti_codigo, enti_nombre) VALUES (20021, 'P', 1, 1, 1, 1, 'GRUPO_ZONA', 'Grupo Zona');
INSERT INTO portico.tbl_tipo_parametro_tppr(tppr_pk, tppr_es_i18n, tppr_es_tmp_exp) VALUES (portico.getEntidad('GRUPO_ZONA'), 1, 0);
INSERT INTO portico.tbl_entidad_enti(enti_pk, enti_tipo, enti_cmd_alta, enti_cmd_baja, enti_cmd_edicion, enti_cmd_duplicado, enti_codigo, enti_nombre) VALUES (20022, 'P', 1, 1, 1, 1, 'UNIDAD_SUPERFICIE', 'Unidad de Superficie');
INSERT INTO portico.tbl_tipo_parametro_tppr(tppr_pk, tppr_es_i18n, tppr_es_tmp_exp) VALUES (portico.getEntidad('UNIDAD_SUPERFICIE'), 1, 0);
INSERT INTO portico.tbl_entidad_enti(enti_pk, enti_tipo, enti_cmd_alta, enti_cmd_baja, enti_cmd_edicion, enti_cmd_duplicado, enti_codigo, enti_nombre) VALUES (20023, 'P', 1, 1, 1, 1, 'TIPO_OPERACION_SUPERFICIE', 'Tipo de Operación de Superficie');
INSERT INTO portico.tbl_tipo_parametro_tppr(tppr_pk, tppr_es_i18n, tppr_es_tmp_exp) VALUES (portico.getEntidad('TIPO_OPERACION_SUPERFICIE'), 1, 0);
INSERT INTO portico.tbl_entidad_enti(enti_pk, enti_tipo, enti_cmd_alta, enti_cmd_baja, enti_cmd_edicion, enti_cmd_duplicado, enti_codigo, enti_nombre) VALUES (20024, 'P', 1, 1, 1, 1, 'TIPO_SUMINISTRO', 'Tipo de Suministro');
INSERT INTO portico.tbl_tipo_parametro_tppr(tppr_pk, tppr_es_i18n, tppr_es_tmp_exp) VALUES (portico.getEntidad('TIPO_SUMINISTRO'), 1, 0);
INSERT INTO portico.tbl_entidad_enti(enti_pk, enti_tipo, enti_cmd_alta, enti_cmd_baja, enti_cmd_edicion, enti_cmd_duplicado, enti_codigo, enti_nombre) VALUES (20025, 'P', 1, 1, 1, 1, 'TIPO_GASTO', 'Tipo de Gasto');
INSERT INTO portico.tbl_tipo_parametro_tppr(tppr_pk, tppr_es_i18n, tppr_es_tmp_exp) VALUES (portico.getEntidad('TIPO_GASTO'), 1, 0);
INSERT INTO portico.tbl_entidad_enti(enti_pk, enti_tipo, enti_cmd_alta, enti_cmd_baja, enti_cmd_edicion, enti_cmd_duplicado, enti_codigo, enti_nombre) VALUES (20026, 'P', 1, 1, 1, 1, 'TIPO_CONTADOR', 'Tipo de Contador');
INSERT INTO portico.tbl_tipo_parametro_tppr(tppr_pk, tppr_es_i18n, tppr_es_tmp_exp) VALUES (portico.getEntidad('TIPO_CONTADOR'), 1, 0);
INSERT INTO portico.tbl_entidad_enti(enti_pk, enti_tipo, enti_cmd_alta, enti_cmd_baja, enti_cmd_edicion, enti_cmd_duplicado, enti_codigo, enti_nombre) VALUES (20027, 'P', 1, 1, 1, 1, 'TIPO_MEDIO_REMOLQUE', 'Tipo de Medio de Remolque');
INSERT INTO portico.tbl_tipo_parametro_tppr(tppr_pk, tppr_es_i18n, tppr_es_tmp_exp) VALUES (portico.getEntidad('TIPO_MEDIO_REMOLQUE'), 1, 1);
-- TODO - Ver Tipos de Datos
INSERT INTO portico.tbl_entidad_enti(enti_pk, enti_tipo, enti_cmd_alta, enti_cmd_baja, enti_cmd_edicion, enti_cmd_duplicado, enti_codigo, enti_nombre) VALUES (20028, 'P', 1, 1, 1, 1, 'TIPO_MOVIMIENTO_REMOLQUE', 'Tipo de Movimiento de Remolque');
INSERT INTO portico.tbl_tipo_parametro_tppr(tppr_pk, tppr_es_i18n, tppr_es_tmp_exp) VALUES (portico.getEntidad('TIPO_MOVIMIENTO_REMOLQUE'), 1, 0);
INSERT INTO portico.tbl_entidad_enti(enti_pk, enti_tipo, enti_cmd_alta, enti_cmd_baja, enti_cmd_edicion, enti_cmd_duplicado, enti_codigo, enti_nombre) VALUES (20029, 'P', 1, 1, 1, 1, 'TIPO_MANIOBRA_REMOLQUE', 'Tipo de Maniobra de Remolque');
INSERT INTO portico.tbl_tipo_parametro_tppr(tppr_pk, tppr_es_i18n, tppr_es_tmp_exp) VALUES (portico.getEntidad('TIPO_MANIOBRA_REMOLQUE'), 1, 0);
INSERT INTO portico.tbl_entidad_enti(enti_pk, enti_tipo, enti_cmd_alta, enti_cmd_baja, enti_cmd_edicion, enti_cmd_duplicado, enti_codigo, enti_nombre) VALUES (20030, 'P', 1, 1, 1, 1, 'ZONA_PESCA', 'Zona de Pesca');
INSERT INTO portico.tbl_tipo_parametro_tppr(tppr_pk, tppr_es_i18n, tppr_es_tmp_exp) VALUES (portico.getEntidad('ZONA_PESCA'), 1, 0);
INSERT INTO portico.tbl_entidad_enti(enti_pk, enti_tipo, enti_cmd_alta, enti_cmd_baja, enti_cmd_edicion, enti_cmd_duplicado, enti_codigo, enti_nombre) VALUES (20031, 'P', 1, 1, 1, 1, 'PRESENTACION_PESCA', 'Presentación de Pesca');
INSERT INTO portico.tbl_tipo_parametro_tppr(tppr_pk, tppr_es_i18n, tppr_es_tmp_exp) VALUES (portico.getEntidad('PRESENTACION_PESCA'), 1, 0);
INSERT INTO portico.tbl_entidad_enti(enti_pk, enti_tipo, enti_cmd_alta, enti_cmd_baja, enti_cmd_edicion, enti_cmd_duplicado, enti_codigo, enti_nombre) VALUES (20032, 'P', 1, 1, 1, 1, 'TIPO_OPERACION_PESCA', 'Tipo de Operación de Pesca');
INSERT INTO portico.tbl_tipo_parametro_tppr(tppr_pk, tppr_es_i18n, tppr_es_tmp_exp) VALUES (portico.getEntidad('TIPO_OPERACION_PESCA'), 1, 0);
INSERT INTO portico.tbl_entidad_enti(enti_pk, enti_tipo, enti_cmd_alta, enti_cmd_baja, enti_cmd_edicion, enti_cmd_duplicado, enti_codigo, enti_nombre) VALUES (20033, 'P', 1, 1, 1, 1, 'TIPO_MANIFIESTO_PESCA', 'Tipo de Manifiesto de Pesca');
INSERT INTO portico.tbl_tipo_parametro_tppr(tppr_pk, tppr_es_i18n, tppr_es_tmp_exp) VALUES (portico.getEntidad('TIPO_MANIFIESTO_PESCA'), 1, 0);
INSERT INTO portico.tbl_entidad_enti(enti_pk, enti_tipo, enti_cmd_alta, enti_cmd_baja, enti_cmd_edicion, enti_cmd_duplicado, enti_codigo, enti_nombre) VALUES (20034, 'P', 1, 1, 1, 1, 'SUBTIPO_MANIFIESTO_PESCA', 'Subtipo de Manifiesto de Pesca');
INSERT INTO portico.tbl_tipo_parametro_tppr(tppr_pk, tppr_es_i18n, tppr_es_tmp_exp) VALUES (portico.getEntidad('SUBTIPO_MANIFIESTO_PESCA'), 1, 0);
INSERT INTO portico.tbl_entidad_enti(enti_pk, enti_tipo, enti_cmd_alta, enti_cmd_baja, enti_cmd_edicion, enti_cmd_duplicado, enti_codigo, enti_nombre) VALUES (20035, 'P', 1, 1, 1, 1, 'GRUPO_FAMILIA_ESPECIE_PESCA', 'Grupo de Familia de Especies de Pesca');
INSERT INTO portico.tbl_tipo_parametro_tppr(tppr_pk, tppr_es_i18n, tppr_es_tmp_exp) VALUES (portico.getEntidad('GRUPO_FAMILIA_ESPECIE_PESCA'), 1, 0);
INSERT INTO portico.tbl_entidad_enti(enti_pk, enti_tipo, enti_cmd_alta, enti_cmd_baja, enti_cmd_edicion, enti_cmd_duplicado, enti_codigo, enti_nombre) VALUES (20036, 'P', 1, 1, 1, 1, 'FAMILIA_ESPECIE_PESCA', 'Familia de Especies de Pesca');
INSERT INTO portico.tbl_tipo_parametro_tppr(tppr_pk, tppr_es_i18n, tppr_es_tmp_exp) VALUES (portico.getEntidad('FAMILIA_ESPECIE_PESCA'), 1, 0);
INSERT INTO portico.tbl_entidad_enti(enti_pk, enti_tipo, enti_cmd_alta, enti_cmd_baja, enti_cmd_edicion, enti_cmd_duplicado, enti_codigo, enti_nombre) VALUES (20037, 'P', 1, 1, 1, 1, 'TIPO_CAPTURA_PESCA', 'Tipo de Captura de Pesca');
INSERT INTO portico.tbl_tipo_parametro_tppr(tppr_pk, tppr_es_i18n, tppr_es_tmp_exp) VALUES (portico.getEntidad('TIPO_CAPTURA_PESCA'), 1, 0);
INSERT INTO portico.tbl_entidad_enti(enti_pk, enti_tipo, enti_cmd_alta, enti_cmd_baja, enti_cmd_edicion, enti_cmd_duplicado, enti_codigo, enti_nombre) VALUES (20038, 'P', 1, 1, 1, 1, 'ESPECIE_PESCA', 'Especie de Pesca');
INSERT INTO portico.tbl_tipo_parametro_tppr(tppr_pk, tppr_es_i18n, tppr_es_tmp_exp) VALUES (portico.getEntidad('ESPECIE_PESCA'), 1, 0);
INSERT INTO portico.tbl_entidad_enti(enti_pk, enti_tipo, enti_cmd_alta, enti_cmd_baja, enti_cmd_edicion, enti_cmd_duplicado, enti_codigo, enti_nombre) VALUES (20039, 'P', 1, 1, 1, 1, 'TIPO_BUQUE_PESCA', 'Tipo de Buque de Pesca');
INSERT INTO portico.tbl_tipo_parametro_tppr(tppr_pk, tppr_es_i18n, tppr_es_tmp_exp) VALUES (portico.getEntidad('TIPO_BUQUE_PESCA'), 1, 0);
INSERT INTO portico.tbl_entidad_enti(enti_pk, enti_tipo, enti_cmd_alta, enti_cmd_baja, enti_cmd_edicion, enti_cmd_duplicado, enti_codigo, enti_nombre) VALUES (20040, 'P', 1, 1, 1, 1, 'BUQUE_PESCA', 'Buque de Pesca');
INSERT INTO portico.tbl_tipo_parametro_tppr(tppr_pk, tppr_es_i18n, tppr_es_tmp_exp, tppr_tpdt_pk) VALUES (portico.getEntidad('BUQUE_PESCA'), 0, 0, 41020);
INSERT INTO portico.tbl_entidad_enti(enti_pk, enti_tipo, enti_cmd_alta, enti_cmd_baja, enti_cmd_edicion, enti_cmd_duplicado, enti_codigo, enti_nombre) VALUES (20041, 'P', 1, 1, 1, 1, 'ARTE_PESCA', 'Arte de Pesca');
INSERT INTO portico.tbl_tipo_parametro_tppr(tppr_pk, tppr_es_i18n, tppr_es_tmp_exp) VALUES (portico.getEntidad('ARTE_PESCA'), 1, 0);
INSERT INTO portico.tbl_entidad_enti(enti_pk, enti_tipo, enti_cmd_alta, enti_cmd_baja, enti_cmd_edicion, enti_cmd_duplicado, enti_codigo, enti_nombre) VALUES (20042, 'P', 1, 1, 1, 1, 'TIPO_MERCANCIA_EST', 'Tipo de Mercancía Est');
INSERT INTO portico.tbl_tipo_parametro_tppr(tppr_pk, tppr_es_i18n, tppr_es_tmp_exp) VALUES (portico.getEntidad('TIPO_MERCANCIA_EST'), 1, 0);
INSERT INTO portico.tbl_entidad_enti(enti_pk, enti_tipo, enti_cmd_alta, enti_cmd_baja, enti_cmd_edicion, enti_cmd_duplicado, enti_codigo, enti_nombre) VALUES (20043, 'P', 1, 1, 1, 1, 'GRUPO_NATURALEZA', 'Grupo de Naturaleza de Mercancía');
INSERT INTO portico.tbl_tipo_parametro_tppr(tppr_pk, tppr_es_i18n, tppr_es_tmp_exp) VALUES (portico.getEntidad('GRUPO_NATURALEZA'), 1, 0);
INSERT INTO portico.tbl_entidad_enti(enti_pk, enti_tipo, enti_cmd_alta, enti_cmd_baja, enti_cmd_edicion, enti_cmd_duplicado, enti_codigo, enti_nombre) VALUES (20044, 'P', 1, 1, 1, 1, 'NATURALEZA', 'Naturaleza de Mercancía');
INSERT INTO portico.tbl_tipo_parametro_tppr(tppr_pk, tppr_es_i18n, tppr_es_tmp_exp) VALUES (portico.getEntidad('NATURALEZA'), 1, 0);
INSERT INTO portico.tbl_entidad_enti(enti_pk, enti_tipo, enti_cmd_alta, enti_cmd_baja, enti_cmd_edicion, enti_cmd_duplicado, enti_codigo, enti_nombre) VALUES (20045, 'P', 1, 1, 1, 1, 'GRUPO_ARANCELARIO', 'Grupo Arancelario');
INSERT INTO portico.tbl_tipo_parametro_tppr(tppr_pk, tppr_es_i18n, tppr_es_tmp_exp) VALUES (portico.getEntidad('GRUPO_ARANCELARIO'), 1, 0);
INSERT INTO portico.tbl_entidad_enti(enti_pk, enti_tipo, enti_cmd_alta, enti_cmd_baja, enti_cmd_edicion, enti_cmd_duplicado, enti_codigo, enti_nombre) VALUES (20046, 'P', 1, 1, 1, 1, 'SUBGRUPO_MERCANCIA_EST', 'Subgrupo Mercancía Est');
INSERT INTO portico.tbl_tipo_parametro_tppr(tppr_pk, tppr_es_i18n, tppr_es_tmp_exp) VALUES (portico.getEntidad('SUBGRUPO_MERCANCIA_EST'), 1, 0);
INSERT INTO portico.tbl_entidad_enti(enti_pk, enti_tipo, enti_cmd_alta, enti_cmd_baja, enti_cmd_edicion, enti_cmd_duplicado, enti_codigo, enti_nombre) VALUES (20047, 'P', 1, 1, 1, 1, 'GRUPO_NST', 'Grupo NST-2000');
INSERT INTO portico.tbl_tipo_parametro_tppr(tppr_pk, tppr_es_i18n, tppr_es_tmp_exp) VALUES (portico.getEntidad('GRUPO_NST'), 1, 0);
INSERT INTO portico.tbl_entidad_enti(enti_pk, enti_tipo, enti_cmd_alta, enti_cmd_baja, enti_cmd_edicion, enti_cmd_duplicado, enti_codigo, enti_nombre) VALUES (20048, 'P', 1, 1, 1, 1, 'UNIDAD_CARGA', 'Unidad de Carga');
INSERT INTO portico.tbl_tipo_parametro_tppr(tppr_pk, tppr_es_i18n, tppr_es_tmp_exp) VALUES (portico.getEntidad('UNIDAD_CARGA'), 1, 0);
INSERT INTO portico.tbl_entidad_enti(enti_pk, enti_tipo, enti_cmd_alta, enti_cmd_baja, enti_cmd_edicion, enti_cmd_duplicado, enti_codigo, enti_nombre) VALUES (20049, 'P', 1, 1, 1, 1, 'MERCANCIA', 'Mercancía');
INSERT INTO portico.tbl_tipo_parametro_tppr(tppr_pk, tppr_es_i18n, tppr_es_tmp_exp) VALUES (portico.getEntidad('MERCANCIA'), 1, 1);
INSERT INTO portico.tbl_entidad_enti(enti_pk, enti_tipo, enti_cmd_alta, enti_cmd_baja, enti_cmd_edicion, enti_cmd_duplicado, enti_codigo, enti_nombre) VALUES (20050, 'P', 1, 1, 1, 1, 'TIPO_OPERACION_BL', 'Tipo de Operación de BL');
INSERT INTO portico.tbl_tipo_parametro_tppr(tppr_pk, tppr_es_i18n, tppr_es_tmp_exp) VALUES (portico.getEntidad('TIPO_OPERACION_BL'), 1, 0);
INSERT INTO portico.tbl_entidad_enti(enti_pk, enti_tipo, enti_cmd_alta, enti_cmd_baja, enti_cmd_edicion, enti_cmd_duplicado, enti_codigo, enti_nombre) VALUES (20051, 'P', 1, 1, 1, 1, 'TIPO_EQUIPAMIENTO', 'Tipo de Equipamiento');
INSERT INTO portico.tbl_tipo_parametro_tppr(tppr_pk, tppr_es_i18n, tppr_es_tmp_exp) VALUES (portico.getEntidad('TIPO_EQUIPAMIENTO'), 1, 0);
INSERT INTO portico.tbl_entidad_enti(enti_pk, enti_tipo, enti_cmd_alta, enti_cmd_baja, enti_cmd_edicion, enti_cmd_duplicado, enti_codigo, enti_nombre) VALUES (20052, 'P', 1, 1, 1, 1, 'TIPO_DOCUMENTO_AEAT', 'Tipo de Documento AEAT');
INSERT INTO portico.tbl_tipo_parametro_tppr(tppr_pk, tppr_es_i18n, tppr_es_tmp_exp) VALUES (portico.getEntidad('TIPO_DOCUMENTO_AEAT'), 1, 0);
INSERT INTO portico.tbl_entidad_enti(enti_pk, enti_tipo, enti_cmd_alta, enti_cmd_baja, enti_cmd_edicion, enti_cmd_duplicado, enti_codigo, enti_nombre) VALUES (20053, 'P', 1, 1, 1, 1, 'TIPO_BULTO', 'Tipo de Bulto');
INSERT INTO portico.tbl_tipo_parametro_tppr(tppr_pk, tppr_es_i18n, tppr_es_tmp_exp) VALUES (portico.getEntidad('TIPO_BULTO'), 1, 0);
INSERT INTO portico.tbl_entidad_enti(enti_pk, enti_tipo, enti_cmd_alta, enti_cmd_baja, enti_cmd_edicion, enti_cmd_duplicado, enti_codigo, enti_nombre) VALUES (20054, 'P', 1, 1, 1, 1, 'RECINTO_ADUANERO', 'Recinto Aduanero');
INSERT INTO portico.tbl_tipo_parametro_tppr(tppr_pk, tppr_es_i18n, tppr_es_tmp_exp) VALUES (portico.getEntidad('RECINTO_ADUANERO'), 1, 0);
INSERT INTO portico.tbl_entidad_enti(enti_pk, enti_tipo, enti_cmd_alta, enti_cmd_baja, enti_cmd_edicion, enti_cmd_duplicado, enti_codigo, enti_nombre) VALUES (20055, 'P', 1, 1, 1, 1, 'TERMINAL', 'Terminal');
INSERT INTO portico.tbl_tipo_parametro_tppr(tppr_pk, tppr_es_i18n, tppr_es_tmp_exp) VALUES (portico.getEntidad('TERMINAL'), 1, 0);
INSERT INTO portico.tbl_entidad_enti(enti_pk, enti_tipo, enti_cmd_alta, enti_cmd_baja, enti_cmd_edicion, enti_cmd_duplicado, enti_codigo, enti_nombre) VALUES (20056, 'P', 1, 1, 1, 1, 'RECEPTOR_MERCANCIA', 'Receptor de Mercancía');
INSERT INTO portico.tbl_tipo_parametro_tppr(tppr_pk, tppr_es_i18n, tppr_es_tmp_exp) VALUES (portico.getEntidad('RECEPTOR_MERCANCIA'), 0, 0);
INSERT INTO portico.tbl_entidad_enti(enti_pk, enti_tipo, enti_cmd_alta, enti_cmd_baja, enti_cmd_edicion, enti_cmd_duplicado, enti_codigo, enti_nombre) VALUES (20057, 'P', 1, 1, 1, 1, 'MODO_TRANSPORTE_EDI', 'Modo de Transporte EDI de Mercancía');
INSERT INTO portico.tbl_tipo_parametro_tppr(tppr_pk, tppr_es_i18n, tppr_es_tmp_exp) VALUES (portico.getEntidad('MODO_TRANSPORTE_EDI'), 1, 0);
INSERT INTO portico.tbl_entidad_enti(enti_pk, enti_tipo, enti_cmd_alta, enti_cmd_baja, enti_cmd_edicion, enti_cmd_duplicado, enti_codigo, enti_nombre) VALUES (20058, 'P', 1, 1, 1, 1, 'MERCANCIAS_PELIGROSAS', 'Mercancías Peligrosas');
INSERT INTO portico.tbl_tipo_parametro_tppr(tppr_pk, tppr_es_i18n, tppr_es_tmp_exp) VALUES (portico.getEntidad('MERCANCIAS_PELIGROSAS'), 1, 0);
INSERT INTO portico.tbl_entidad_enti(enti_pk, enti_tipo, enti_cmd_alta, enti_cmd_baja, enti_cmd_edicion, enti_cmd_duplicado, enti_codigo, enti_nombre) VALUES (20059, 'P', 1, 1, 1, 1, 'MARCA_VEHICULO', 'Marca de Vehículo');
INSERT INTO portico.tbl_tipo_parametro_tppr(tppr_pk, tppr_es_i18n, tppr_es_tmp_exp, tppr_tpdt_pk) VALUES (portico.getEntidad('MARCA_VEHICULO'), 0, 0, 41020);
INSERT INTO portico.tbl_entidad_enti(enti_pk, enti_tipo, enti_cmd_alta, enti_cmd_baja, enti_cmd_edicion, enti_cmd_duplicado, enti_codigo, enti_nombre) VALUES (20060, 'P', 1, 1, 1, 1, 'INSTRUCCION_MARCAJE', 'Instrucción de Marcaje');
INSERT INTO portico.tbl_tipo_parametro_tppr(tppr_pk, tppr_es_i18n, tppr_es_tmp_exp) VALUES (portico.getEntidad('INSTRUCCION_MARCAJE'), 1, 0);
INSERT INTO portico.tbl_entidad_enti(enti_pk, enti_tipo, enti_cmd_alta, enti_cmd_baja, enti_cmd_edicion, enti_cmd_duplicado, enti_codigo, enti_nombre) VALUES (20061, 'P', 1, 1, 1, 1, 'INSTALACION_ESPECIAL', 'Instalación Especial');
INSERT INTO portico.tbl_tipo_parametro_tppr(tppr_pk, tppr_es_i18n, tppr_es_tmp_exp) VALUES (portico.getEntidad('INSTALACION_ESPECIAL'), 1, 0);
INSERT INTO portico.tbl_entidad_enti(enti_pk, enti_tipo, enti_cmd_alta, enti_cmd_baja, enti_cmd_edicion, enti_cmd_duplicado, enti_codigo, enti_nombre) VALUES (20062, 'P', 1, 1, 1, 1, 'PROVINCIA', 'Provincia');
INSERT INTO portico.tbl_tipo_parametro_tppr(tppr_pk, tppr_es_i18n, tppr_es_tmp_exp) VALUES (portico.getEntidad('PROVINCIA'), 1, 0);
INSERT INTO portico.tbl_entidad_enti(enti_pk, enti_tipo, enti_cmd_alta, enti_cmd_baja, enti_cmd_edicion, enti_cmd_duplicado, enti_codigo, enti_nombre) VALUES (20063, 'P', 1, 1, 1, 1, 'SUBPUERTO', 'Subpuerto');
INSERT INTO portico.tbl_tipo_parametro_tppr(tppr_pk, tppr_es_i18n, tppr_es_tmp_exp) VALUES (portico.getEntidad('SUBPUERTO'), 1, 0);
INSERT INTO portico.tbl_entidad_enti(enti_pk, enti_tipo, enti_cmd_alta, enti_cmd_baja, enti_cmd_edicion, enti_cmd_duplicado, enti_codigo, enti_nombre) VALUES (20064, 'P', 1, 1, 1, 1, 'TIPO_OPERACION_MERCANCIA', 'Tipo de Operación de Mercancía');
INSERT INTO portico.tbl_tipo_parametro_tppr(tppr_pk, tppr_es_i18n, tppr_es_tmp_exp) VALUES (portico.getEntidad('TIPO_OPERACION_MERCANCIA'), 1, 0);
INSERT INTO portico.tbl_entidad_enti(enti_pk, enti_tipo, enti_cmd_alta, enti_cmd_baja, enti_cmd_edicion, enti_cmd_duplicado, enti_codigo, enti_nombre) VALUES (20065, 'P', 1, 1, 1, 1, 'TIPO_NAVEGACION', 'Tipo de Navegación');
INSERT INTO portico.tbl_tipo_parametro_tppr(tppr_pk, tppr_es_i18n, tppr_es_tmp_exp) VALUES (portico.getEntidad('TIPO_NAVEGACION'), 1, 0);
INSERT INTO portico.tbl_entidad_enti(enti_pk, enti_tipo, enti_cmd_alta, enti_cmd_baja, enti_cmd_edicion, enti_cmd_duplicado, enti_codigo, enti_nombre) VALUES (20066, 'P', 1, 1, 1, 1, 'TIPO_EXENCION', 'Tipo de Exención');
INSERT INTO portico.tbl_tipo_parametro_tppr(tppr_pk, tppr_es_i18n, tppr_es_tmp_exp) VALUES (portico.getEntidad('TIPO_EXENCION'), 1, 0);
INSERT INTO portico.tbl_entidad_enti(enti_pk, enti_tipo, enti_cmd_alta, enti_cmd_baja, enti_cmd_edicion, enti_cmd_duplicado, enti_codigo, enti_nombre) VALUES (20067, 'P', 1, 1, 1, 1, 'TIPO_ERROR_EDI', 'Tipo de Error EDI');
INSERT INTO portico.tbl_tipo_parametro_tppr(tppr_pk, tppr_es_i18n, tppr_es_tmp_exp) VALUES (portico.getEntidad('TIPO_ERROR_EDI'), 1, 0);
INSERT INTO portico.tbl_entidad_enti(enti_pk, enti_tipo, enti_cmd_alta, enti_cmd_baja, enti_cmd_edicion, enti_cmd_duplicado, enti_codigo, enti_nombre) VALUES (20068, 'P', 1, 1, 1, 1, 'DESCUENTO_ADICIONAL', 'Descuento Adicional');
INSERT INTO portico.tbl_tipo_parametro_tppr(tppr_pk, tppr_es_i18n, tppr_es_tmp_exp) VALUES (portico.getEntidad('DESCUENTO_ADICIONAL'), 1, 0);
INSERT INTO portico.tbl_entidad_enti(enti_pk, enti_tipo, enti_cmd_alta, enti_cmd_baja, enti_cmd_edicion, enti_cmd_duplicado, enti_codigo, enti_nombre) VALUES (20069, 'P', 1, 1, 1, 1, 'TIPO_CANON', 'Tipo de Canon');
INSERT INTO portico.tbl_tipo_parametro_tppr(tppr_pk, tppr_es_i18n, tppr_es_tmp_exp) VALUES (portico.getEntidad('TIPO_CANON'), 1, 0);
INSERT INTO portico.tbl_entidad_enti(enti_pk, enti_tipo, enti_cmd_alta, enti_cmd_baja, enti_cmd_edicion, enti_cmd_duplicado, enti_codigo, enti_nombre) VALUES (20070, 'P', 1, 1, 1, 1, 'BONIFICACION_FP', 'Bonificación de FP');
INSERT INTO portico.tbl_tipo_parametro_tppr(tppr_pk, tppr_es_i18n, tppr_es_tmp_exp) VALUES (portico.getEntidad('BONIFICACION_FP'), 1, 1);
INSERT INTO portico.tbl_entidad_enti(enti_pk, enti_tipo, enti_cmd_alta, enti_cmd_baja, enti_cmd_edicion, enti_cmd_duplicado, enti_codigo, enti_nombre) VALUES (20071, 'P', 1, 1, 1, 1, 'BAREMO_FP', 'Baremo de FP');
INSERT INTO portico.tbl_tipo_parametro_tppr(tppr_pk, tppr_es_i18n, tppr_es_tmp_exp) VALUES (portico.getEntidad('BAREMO_FP'), 1, 1);
INSERT INTO portico.tbl_entidad_enti(enti_pk, enti_tipo, enti_cmd_alta, enti_cmd_baja, enti_cmd_edicion, enti_cmd_duplicado, enti_codigo, enti_nombre) VALUES (20072, 'P', 1, 1, 1, 1, 'ZONA_PORTUARIA', 'Zona Portuaria');
INSERT INTO portico.tbl_tipo_parametro_tppr(tppr_pk, tppr_es_i18n, tppr_es_tmp_exp) VALUES (portico.getEntidad('ZONA_PORTUARIA'), 1, 1);
INSERT INTO portico.tbl_entidad_enti(enti_pk, enti_tipo, enti_cmd_alta, enti_cmd_baja, enti_cmd_edicion, enti_cmd_duplicado, enti_codigo, enti_nombre) VALUES (20073, 'P', 1, 1, 1, 1, 'TIPO_SUPERFICIE_BIEN', 'Tipo de Superficie de Bien');
INSERT INTO portico.tbl_tipo_parametro_tppr(tppr_pk, tppr_es_i18n, tppr_es_tmp_exp) VALUES (portico.getEntidad('TIPO_SUPERFICIE_BIEN'), 1, 0);
INSERT INTO portico.tbl_entidad_enti(enti_pk, enti_tipo, enti_cmd_alta, enti_cmd_baja, enti_cmd_edicion, enti_cmd_duplicado, enti_codigo, enti_nombre) VALUES (20074, 'P', 1, 1, 1, 1, 'TIPO_EXPEDIENTE', 'Tipo de Expediente');
INSERT INTO portico.tbl_tipo_parametro_tppr(tppr_pk, tppr_es_i18n, tppr_es_tmp_exp) VALUES (portico.getEntidad('TIPO_EXPEDIENTE'), 1, 0);
INSERT INTO portico.tbl_entidad_enti(enti_pk, enti_tipo, enti_cmd_alta, enti_cmd_baja, enti_cmd_edicion, enti_cmd_duplicado, enti_codigo, enti_nombre) VALUES (20075, 'P', 1, 1, 1, 1, 'TIPO_BIEN_CONCESIONAL', 'Tipo de Bien Concesional');
INSERT INTO portico.tbl_tipo_parametro_tppr(tppr_pk, tppr_es_i18n, tppr_es_tmp_exp) VALUES (portico.getEntidad('TIPO_BIEN_CONCESIONAL'), 1, 0);
INSERT INTO portico.tbl_entidad_enti(enti_pk, enti_tipo, enti_cmd_alta, enti_cmd_baja, enti_cmd_edicion, enti_cmd_duplicado, enti_codigo, enti_nombre) VALUES (20076, 'P', 1, 1, 1, 1, 'TIPO_ACT_GRAL_CONCESIONAL', 'Tipo de Actividad General Concesional');
INSERT INTO portico.tbl_tipo_parametro_tppr(tppr_pk, tppr_es_i18n, tppr_es_tmp_exp) VALUES (portico.getEntidad('TIPO_ACT_GRAL_CONCESIONAL'), 1, 0);
INSERT INTO portico.tbl_entidad_enti(enti_pk, enti_tipo, enti_cmd_alta, enti_cmd_baja, enti_cmd_edicion, enti_cmd_duplicado, enti_codigo, enti_nombre) VALUES (20077, 'P', 1, 1, 1, 1, 'TIPO_ACTIVIDAD_CONCESIONAL', 'Tipo de Actividad Concesional');
INSERT INTO portico.tbl_tipo_parametro_tppr(tppr_pk, tppr_es_i18n, tppr_es_tmp_exp) VALUES (portico.getEntidad('TIPO_ACTIVIDAD_CONCESIONAL'), 1, 0);
INSERT INTO portico.tbl_entidad_enti(enti_pk, enti_tipo, enti_cmd_alta, enti_cmd_baja, enti_cmd_edicion, enti_cmd_duplicado, enti_codigo, enti_nombre) VALUES (20078, 'P', 1, 1, 1, 1, 'SUPRABIEN', 'Suprabien');
INSERT INTO portico.tbl_tipo_parametro_tppr(tppr_pk, tppr_es_i18n, tppr_es_tmp_exp) VALUES (portico.getEntidad('SUPRABIEN'), 0, 1);
INSERT INTO portico.tbl_entidad_enti(enti_pk, enti_tipo, enti_cmd_alta, enti_cmd_baja, enti_cmd_edicion, enti_cmd_duplicado, enti_codigo, enti_nombre) VALUES (20079, 'P', 1, 1, 1, 1, 'GARANTIA_EXPEDIENTE', 'Garantía de Expediente');
INSERT INTO portico.tbl_tipo_parametro_tppr(tppr_pk, tppr_es_i18n, tppr_es_tmp_exp) VALUES (portico.getEntidad('GARANTIA_EXPEDIENTE'), 0, 0);
INSERT INTO portico.tbl_entidad_enti(enti_pk, enti_tipo, enti_cmd_alta, enti_cmd_baja, enti_cmd_edicion, enti_cmd_duplicado, enti_codigo, enti_nombre) VALUES (20080, 'P', 1, 1, 1, 1, 'FASE_EXPEDIENTE', 'Fase de Expediente');
INSERT INTO portico.tbl_tipo_parametro_tppr(tppr_pk, tppr_es_i18n, tppr_es_tmp_exp) VALUES (portico.getEntidad('FASE_EXPEDIENTE'), 0, 0);
INSERT INTO portico.tbl_entidad_enti(enti_pk, enti_tipo, enti_cmd_alta, enti_cmd_baja, enti_cmd_edicion, enti_cmd_duplicado, enti_codigo, enti_nombre) VALUES (20081, 'P', 1, 1, 1, 1, 'ESTADO_EXPEDIENTE', 'Estado de Expediente');
INSERT INTO portico.tbl_tipo_parametro_tppr(tppr_pk, tppr_es_i18n, tppr_es_tmp_exp) VALUES (portico.getEntidad('ESTADO_EXPEDIENTE'), 1, 0);
INSERT INTO portico.tbl_entidad_enti(enti_pk, enti_tipo, enti_cmd_alta, enti_cmd_baja, enti_cmd_edicion, enti_cmd_duplicado, enti_codigo, enti_nombre) VALUES (20082, 'P', 1, 1, 1, 1, 'REGISTRO_TIPO_BUQUE_EEE', 'Registro de Tipo de Buque EEE');
INSERT INTO portico.tbl_tipo_parametro_tppr(tppr_pk, tppr_es_i18n, tppr_es_tmp_exp, tppr_tpdt_pk) VALUES (portico.getEntidad('REGISTRO_TIPO_BUQUE_EEE'), 0, 0, 41020);
INSERT INTO portico.tbl_entidad_enti(enti_pk, enti_tipo, enti_cmd_alta, enti_cmd_baja, enti_cmd_edicion, enti_cmd_duplicado, enti_codigo, enti_nombre) VALUES (20083, 'P', 1, 1, 1, 1, 'REGISTRO_TIPO_BUQUE', 'Registro de Tipo de Buque');
INSERT INTO portico.tbl_tipo_parametro_tppr(tppr_pk, tppr_es_i18n, tppr_es_tmp_exp, tppr_tpdt_pk) VALUES (portico.getEntidad('REGISTRO_TIPO_BUQUE'), 0, 0, 41020);
INSERT INTO portico.tbl_entidad_enti(enti_pk, enti_tipo, enti_cmd_alta, enti_cmd_baja, enti_cmd_edicion, enti_cmd_duplicado, enti_codigo, enti_nombre) VALUES (20084, 'P', 1, 1, 1, 1, 'CONCEPTO_CUADRO_EST', 'Concepto de Cuadro Estadístico');
INSERT INTO portico.tbl_tipo_parametro_tppr(tppr_pk, tppr_es_i18n, tppr_es_tmp_exp) VALUES (portico.getEntidad('CONCEPTO_CUADRO_EST'), 1, 0);
INSERT INTO portico.tbl_entidad_enti(enti_pk, enti_tipo, enti_cmd_alta, enti_cmd_baja, enti_cmd_edicion, enti_cmd_duplicado, enti_codigo, enti_nombre) VALUES (20085, 'P', 1, 1, 1, 1, 'TIPO_BUQUE_GT', 'Tipo de Buque GT');
INSERT INTO portico.tbl_tipo_parametro_tppr(tppr_pk, tppr_es_i18n, tppr_es_tmp_exp) VALUES (portico.getEntidad('TIPO_BUQUE_GT'), 1, 0);
INSERT INTO portico.tbl_entidad_enti(enti_pk, enti_tipo, enti_cmd_alta, enti_cmd_baja, enti_cmd_edicion, enti_cmd_duplicado, enti_codigo, enti_nombre) VALUES (20086, 'P', 1, 1, 1, 1, 'SERVICIO_TRAFICO', 'Servicio de Tráfico');
INSERT INTO portico.tbl_tipo_parametro_tppr(tppr_pk, tppr_es_i18n, tppr_es_tmp_exp) VALUES (portico.getEntidad('SERVICIO_TRAFICO'), 1, 0);
INSERT INTO portico.tbl_entidad_enti(enti_pk, enti_tipo, enti_cmd_alta, enti_cmd_baja, enti_cmd_edicion, enti_cmd_duplicado, enti_codigo, enti_nombre) VALUES (20087, 'P', 1, 1, 1, 1, 'TIPO_SERVICIO_TRAFICO', 'Tipo de Servicio de Tráfico');
INSERT INTO portico.tbl_tipo_parametro_tppr(tppr_pk, tppr_es_i18n, tppr_es_tmp_exp) VALUES (portico.getEntidad('TIPO_SERVICIO_TRAFICO'), 1, 0);
INSERT INTO portico.tbl_entidad_enti(enti_pk, enti_tipo, enti_cmd_alta, enti_cmd_baja, enti_cmd_edicion, enti_cmd_duplicado, enti_codigo, enti_nombre) VALUES (20088, 'P', 1, 1, 1, 1, 'TIPO_RESIDUO', 'Tipo de Residuo');
INSERT INTO portico.tbl_tipo_parametro_tppr(tppr_pk, tppr_es_i18n, tppr_es_tmp_exp) VALUES (portico.getEntidad('TIPO_RESIDUO'), 1, 0);
INSERT INTO portico.tbl_entidad_enti(enti_pk, enti_tipo, enti_cmd_alta, enti_cmd_baja, enti_cmd_edicion, enti_cmd_duplicado, enti_codigo, enti_nombre) VALUES (20089, 'P', 1, 1, 1, 1, 'SUBTIPO_RESIDUO', 'Subtipo de Residuo');
INSERT INTO portico.tbl_tipo_parametro_tppr(tppr_pk, tppr_es_i18n, tppr_es_tmp_exp) VALUES (portico.getEntidad('SUBTIPO_RESIDUO'), 1, 0);
INSERT INTO portico.tbl_entidad_enti(enti_pk, enti_tipo, enti_cmd_alta, enti_cmd_baja, enti_cmd_edicion, enti_cmd_duplicado, enti_codigo, enti_nombre) VALUES (20090, 'P', 1, 1, 1, 1, 'NAVIERA', 'Naviera');
INSERT INTO portico.tbl_tipo_parametro_tppr(tppr_pk, tppr_es_i18n, tppr_es_tmp_exp) VALUES (portico.getEntidad('NAVIERA'), 0, 0);
INSERT INTO portico.tbl_entidad_enti(enti_pk, enti_tipo, enti_cmd_alta, enti_cmd_baja, enti_cmd_edicion, enti_cmd_duplicado, enti_codigo, enti_nombre) VALUES (20091, 'P', 1, 1, 1, 1, 'MUELLE', 'Muelle');
INSERT INTO portico.tbl_tipo_parametro_tppr(tppr_pk, tppr_es_i18n, tppr_es_tmp_exp) VALUES (portico.getEntidad('MUELLE'), 1, 0);
-- TODO ver datos asociados
INSERT INTO portico.tbl_entidad_enti(enti_pk, enti_tipo, enti_cmd_alta, enti_cmd_baja, enti_cmd_edicion, enti_cmd_duplicado, enti_codigo, enti_nombre) VALUES (20093, 'P', 1, 1, 1, 1, 'CONVENIO', 'Convenio');
INSERT INTO portico.tbl_tipo_parametro_tppr(tppr_pk, tppr_es_i18n, tppr_es_tmp_exp) VALUES (portico.getEntidad('CONVENIO'), 1, 1);
INSERT INTO portico.tbl_entidad_enti(enti_pk, enti_tipo, enti_cmd_alta, enti_cmd_baja, enti_cmd_edicion, enti_cmd_duplicado, enti_codigo, enti_nombre) VALUES (20094, 'P', 1, 1, 1, 1, 'TIPO_CERTIFICADO', 'Tipo de Certificado');
INSERT INTO portico.tbl_tipo_parametro_tppr(tppr_pk, tppr_es_i18n, tppr_es_tmp_exp) VALUES (portico.getEntidad('TIPO_CERTIFICADO'), 1, 0);
INSERT INTO portico.tbl_entidad_enti(enti_pk, enti_tipo, enti_cmd_alta, enti_cmd_baja, enti_cmd_edicion, enti_cmd_duplicado, enti_codigo, enti_nombre) VALUES (20095, 'P', 1, 1, 1, 1, 'TIPO_BUQUE_EDI', 'Tipo de Buque EDI');
INSERT INTO portico.tbl_tipo_parametro_tppr(tppr_pk, tppr_es_i18n, tppr_es_tmp_exp) VALUES (portico.getEntidad('TIPO_BUQUE_EDI'), 1, 0);
INSERT INTO portico.tbl_entidad_enti(enti_pk, enti_tipo, enti_cmd_alta, enti_cmd_baja, enti_cmd_edicion, enti_cmd_duplicado, enti_codigo, enti_nombre) VALUES (20096, 'P', 1, 1, 1, 1, 'TIPO_ATRAQUE', 'Tipo de Atraque');
INSERT INTO portico.tbl_tipo_parametro_tppr(tppr_pk, tppr_es_i18n, tppr_es_tmp_exp) VALUES (portico.getEntidad('TIPO_ATRAQUE'), 1, 0);
INSERT INTO portico.tbl_entidad_enti(enti_pk, enti_tipo, enti_cmd_alta, enti_cmd_baja, enti_cmd_edicion, enti_cmd_duplicado, enti_codigo, enti_nombre) VALUES (20097, 'P', 1, 1, 1, 1, 'TIPO_EMBARCACION', 'Tipo de Embarcación');
INSERT INTO portico.tbl_tipo_parametro_tppr(tppr_pk, tppr_es_i18n, tppr_es_tmp_exp) VALUES (portico.getEntidad('TIPO_EMBARCACION'), 1, 0);
INSERT INTO portico.tbl_entidad_enti(enti_pk, enti_tipo, enti_cmd_alta, enti_cmd_baja, enti_cmd_edicion, enti_cmd_duplicado, enti_codigo, enti_nombre) VALUES (20098, 'P', 1, 1, 1, 1, 'TIPO_AMARRE', 'Tipo de Amarre');
INSERT INTO portico.tbl_tipo_parametro_tppr(tppr_pk, tppr_es_i18n, tppr_es_tmp_exp) VALUES (portico.getEntidad('TIPO_AMARRE'), 1, 0);
INSERT INTO portico.tbl_entidad_enti(enti_pk, enti_tipo, enti_cmd_alta, enti_cmd_baja, enti_cmd_edicion, enti_cmd_duplicado, enti_codigo, enti_nombre) VALUES (20099, 'P', 1, 1, 1, 1, 'SERVICIO_DEPORTIVO', 'Servicio Deportivo');
INSERT INTO portico.tbl_tipo_parametro_tppr(tppr_pk, tppr_es_i18n, tppr_es_tmp_exp) VALUES (portico.getEntidad('SERVICIO_DEPORTIVO'), 1, 0);
INSERT INTO portico.tbl_entidad_enti(enti_pk, enti_tipo, enti_cmd_alta, enti_cmd_baja, enti_cmd_edicion, enti_cmd_duplicado, enti_codigo, enti_nombre) VALUES (20100, 'P', 1, 1, 1, 1, 'INSTALACION_DEP_AUT', 'Instalación Deportiva Autónomica');
INSERT INTO portico.tbl_tipo_parametro_tppr(tppr_pk, tppr_es_i18n, tppr_es_tmp_exp) VALUES (portico.getEntidad('INSTALACION_DEP_AUT'), 1, 0);
INSERT INTO portico.tbl_entidad_enti(enti_pk, enti_tipo, enti_cmd_alta, enti_cmd_baja, enti_cmd_edicion, enti_cmd_duplicado, enti_codigo, enti_nombre) VALUES (20101, 'P', 1, 1, 1, 1, 'INSTALACION_DEP', 'Instalación Deportiva');
INSERT INTO portico.tbl_tipo_parametro_tppr(tppr_pk, tppr_es_i18n, tppr_es_tmp_exp) VALUES (portico.getEntidad('INSTALACION_DEP'), 1, 0);
INSERT INTO portico.tbl_entidad_enti(enti_pk, enti_tipo, enti_cmd_alta, enti_cmd_baja, enti_cmd_edicion, enti_cmd_duplicado, enti_codigo, enti_nombre) VALUES (20102, 'P', 1, 1, 1, 1, 'MODULO', 'Módulo');
INSERT INTO portico.tbl_tipo_parametro_tppr(tppr_pk, tppr_es_i18n, tppr_es_tmp_exp) VALUES (portico.getEntidad('MODULO'), 1, 0);
INSERT INTO portico.tbl_entidad_enti(enti_pk, enti_tipo, enti_cmd_alta, enti_cmd_baja, enti_cmd_edicion, enti_cmd_duplicado, enti_codigo, enti_nombre) VALUES (20103, 'P', 1, 1, 1, 1, 'TIPO_DOCUMENTO', 'Tipo de Documento');
INSERT INTO portico.tbl_tipo_parametro_tppr(tppr_pk, tppr_es_i18n, tppr_es_tmp_exp) VALUES (portico.getEntidad('TIPO_DOCUMENTO'), 1, 0);
INSERT INTO portico.tbl_entidad_enti(enti_pk, enti_tipo, enti_cmd_alta, enti_cmd_baja, enti_cmd_edicion, enti_cmd_duplicado, enti_codigo, enti_nombre) VALUES (20104, 'P', 1, 1, 1, 1, 'MODULO_BATCH', 'Módulo Batch');
INSERT INTO portico.tbl_tipo_parametro_tppr(tppr_pk, tppr_es_i18n, tppr_es_tmp_exp) VALUES (portico.getEntidad('MODULO_BATCH'), 1, 0);
INSERT INTO portico.tbl_entidad_enti(enti_pk, enti_tipo, enti_cmd_alta, enti_cmd_baja, enti_cmd_edicion, enti_cmd_duplicado, enti_codigo, enti_nombre) VALUES (20105, 'P', 1, 1, 1, 1, 'TIPO_PRESTADOR_SERVICIO', 'Tipo de Prestador de Servicio');
INSERT INTO portico.tbl_tipo_parametro_tppr(tppr_pk, tppr_es_i18n, tppr_es_tmp_exp) VALUES (portico.getEntidad('TIPO_PRESTADOR_SERVICIO'), 1, 0);
INSERT INTO portico.tbl_entidad_enti(enti_pk, enti_tipo, enti_cmd_alta, enti_cmd_baja, enti_cmd_edicion, enti_cmd_duplicado, enti_codigo, enti_nombre) VALUES (20106, 'P', 1, 1, 1, 1, 'TIPO_ORGANIZACION', 'Tipo de Organización');
INSERT INTO portico.tbl_tipo_parametro_tppr(tppr_pk, tppr_es_i18n, tppr_es_tmp_exp) VALUES (portico.getEntidad('TIPO_ORGANIZACION'), 1, 0);
INSERT INTO portico.tbl_entidad_enti(enti_pk, enti_tipo, enti_cmd_alta, enti_cmd_baja, enti_cmd_edicion, enti_cmd_duplicado, enti_codigo, enti_nombre) VALUES (20107, 'P', 1, 1, 1, 1, 'AUTORIDAD_PORTUARIA', 'Autoridad Portuaria');
INSERT INTO portico.tbl_tipo_parametro_tppr(tppr_pk, tppr_es_i18n, tppr_es_tmp_exp) VALUES (portico.getEntidad('AUTORIDAD_PORTUARIA'), 1, 0);
INSERT INTO portico.tbl_entidad_enti(enti_pk, enti_tipo, enti_cmd_alta, enti_cmd_baja, enti_cmd_edicion, enti_cmd_duplicado, enti_codigo, enti_nombre) VALUES (20108, 'P', 1, 1, 1, 1, 'COMPRADOR_PESCA', 'Comprador de Pesca');
INSERT INTO portico.tbl_tipo_parametro_tppr(tppr_pk, tppr_es_i18n, tppr_es_tmp_exp) VALUES (portico.getEntidad('COMPRADOR_PESCA'), 0, 0);
INSERT INTO portico.tbl_entidad_enti(enti_pk, enti_tipo, enti_cmd_alta, enti_cmd_baja, enti_cmd_edicion, enti_cmd_duplicado, enti_codigo, enti_nombre) VALUES (20109, 'P', 1, 1, 1, 1, 'ALINEACION', 'Alineación');
INSERT INTO portico.tbl_tipo_parametro_tppr(tppr_pk, tppr_es_i18n, tppr_es_tmp_exp) VALUES (portico.getEntidad('ALINEACION'), 1, 0);
INSERT INTO portico.tbl_entidad_enti(enti_pk, enti_tipo, enti_cmd_alta, enti_cmd_baja, enti_cmd_edicion, enti_cmd_duplicado, enti_codigo, enti_nombre) VALUES (20110, 'P', 1, 1, 1, 1, 'REDES', 'Redes');
INSERT INTO portico.tbl_tipo_parametro_tppr(tppr_pk, tppr_es_i18n, tppr_es_tmp_exp) VALUES (portico.getEntidad('REDES'), 0, 0);
INSERT INTO portico.tbl_entidad_enti(enti_pk, enti_tipo, enti_cmd_alta, enti_cmd_baja, enti_cmd_edicion, enti_cmd_duplicado, enti_codigo, enti_nombre) VALUES (20111, 'P', 1, 1, 1, 1, 'ZONA_DEPOSITO', 'Zona de Depósito');
INSERT INTO portico.tbl_tipo_parametro_tppr(tppr_pk, tppr_es_i18n, tppr_es_tmp_exp) VALUES (portico.getEntidad('ZONA_DEPOSITO'), 1, 0);
INSERT INTO portico.tbl_entidad_enti(enti_pk, enti_tipo, enti_cmd_alta, enti_cmd_baja, enti_cmd_edicion, enti_cmd_duplicado, enti_codigo, enti_nombre) VALUES (20112, 'P', 1, 1, 1, 1, 'TIPO_MERCANCIA', 'Tipo de Mercancía');
INSERT INTO portico.tbl_tipo_parametro_tppr(tppr_pk, tppr_es_i18n, tppr_es_tmp_exp) VALUES (portico.getEntidad('TIPO_MERCANCIA'), 1, 0);
INSERT INTO portico.tbl_entidad_enti(enti_pk, enti_tipo, enti_cmd_alta, enti_cmd_baja, enti_cmd_edicion, enti_cmd_duplicado, enti_codigo, enti_nombre) VALUES (20113, 'P', 1, 1, 1, 1, 'CONTADOR', 'Contador');
INSERT INTO portico.tbl_tipo_parametro_tppr(tppr_pk, tppr_es_i18n, tppr_es_tmp_exp) VALUES (portico.getEntidad('CONTADOR'), 0, 1);
INSERT INTO portico.tbl_entidad_enti(enti_pk, enti_tipo, enti_cmd_alta, enti_cmd_baja, enti_cmd_edicion, enti_cmd_duplicado, enti_codigo, enti_nombre) VALUES (20114, 'P', 1, 1, 1, 1, 'PUNTO_RED', 'Punto de Red (Maestro)');
INSERT INTO portico.tbl_tipo_parametro_tppr(tppr_pk, tppr_es_i18n, tppr_es_tmp_exp) VALUES (portico.getEntidad('PUNTO_RED'), 0, 0);
INSERT INTO portico.tbl_entidad_enti(enti_pk, enti_tipo, enti_cmd_alta, enti_cmd_baja, enti_cmd_edicion, enti_cmd_duplicado, enti_codigo, enti_nombre) VALUES (20115, 'P', 1, 1, 1, 1, 'TIPO_ATRAQUE_EDI', 'Tipo de Atraque EDI');
INSERT INTO portico.tbl_tipo_parametro_tppr(tppr_pk, tppr_es_i18n, tppr_es_tmp_exp) VALUES (portico.getEntidad('TIPO_ATRAQUE_EDI'), 1, 0);
INSERT INTO portico.tbl_entidad_enti(enti_pk, enti_tipo, enti_cmd_alta, enti_cmd_baja, enti_cmd_edicion, enti_cmd_duplicado, enti_codigo, enti_nombre) VALUES (20116, 'P', 1, 1, 1, 1, 'MUNICIPIO', 'Municipio');
INSERT INTO portico.tbl_tipo_parametro_tppr(tppr_pk, tppr_es_i18n, tppr_es_tmp_exp) VALUES (portico.getEntidad('MUNICIPIO'), 1, 0);
INSERT INTO portico.tbl_entidad_enti(enti_pk, enti_tipo, enti_cmd_alta, enti_cmd_baja, enti_cmd_edicion, enti_cmd_duplicado, enti_codigo, enti_nombre) VALUES (20117, 'P', 1, 1, 1, 1, 'TIPO_BUQUE_GT_EEE', 'Tipo de Buque GT EEE');
INSERT INTO portico.tbl_tipo_parametro_tppr(tppr_pk, tppr_es_i18n, tppr_es_tmp_exp) VALUES (portico.getEntidad('TIPO_BUQUE_GT_EEE'), 0, 0);
INSERT INTO portico.tbl_entidad_enti(enti_pk, enti_tipo, enti_cmd_alta, enti_cmd_baja, enti_cmd_edicion, enti_cmd_duplicado, enti_codigo, enti_nombre) VALUES (20118, 'P', 1, 1, 1, 1, 'AMARRE_DEP', 'Amarre Deportivo');
INSERT INTO portico.tbl_tipo_parametro_tppr(tppr_pk, tppr_es_i18n, tppr_es_tmp_exp) VALUES (portico.getEntidad('AMARRE_DEP'), 0, 0);
INSERT INTO portico.tbl_entidad_enti(enti_pk, enti_tipo, enti_cmd_alta, enti_cmd_baja, enti_cmd_edicion, enti_cmd_duplicado, enti_codigo, enti_nombre) VALUES (20119, 'P', 1, 1, 1, 1, 'TIPO_LECTURA', 'Tipo de Lectura (Pto Red)');
INSERT INTO portico.tbl_tipo_parametro_tppr(tppr_pk, tppr_es_i18n, tppr_es_tmp_exp) VALUES (portico.getEntidad('TIPO_LECTURA'), 0, 0);
INSERT INTO portico.tbl_entidad_enti(enti_pk, enti_tipo, enti_cmd_alta, enti_cmd_baja, enti_cmd_edicion, enti_cmd_duplicado, enti_codigo, enti_nombre) VALUES (20120, 'P', 1, 1, 1, 1, 'EMBARCACION_DEP', 'Embarcación Dep.');
INSERT INTO portico.tbl_tipo_parametro_tppr(tppr_pk, tppr_es_i18n, tppr_es_tmp_exp) VALUES (portico.getEntidad('EMBARCACION_DEP'), 0, 0);
INSERT INTO portico.tbl_entidad_enti(enti_pk, enti_tipo, enti_cmd_alta, enti_cmd_baja, enti_cmd_edicion, enti_cmd_duplicado, enti_codigo, enti_nombre) VALUES (20121, 'P', 1, 1, 1, 1, 'EMBARCACION_DEP_AUT', 'Embarcación Dep. Aut.');
INSERT INTO portico.tbl_tipo_parametro_tppr(tppr_pk, tppr_es_i18n, tppr_es_tmp_exp) VALUES (portico.getEntidad('EMBARCACION_DEP_AUT'), 0, 0);





-- Entidades - Subtipos de parametro

-- Buque
-- Trafico
INSERT INTO portico.tbl_entidad_enti(enti_pk, enti_tipo, enti_cmd_alta, enti_cmd_baja, enti_cmd_edicion, enti_cmd_duplicado, enti_codigo, enti_nombre) VALUES (24000, 'B', 1, 1, 1, 1, 'BUQUE_TRAFICO', 'Servicio de Buque');
INSERT INTO portico.tbl_tipo_subparametro_tpsp(tpsp_pk, tpsp_tppr_pk, tpsp_tppr_dep_pk, tpsp_es_i18n, tpsp_es_tmp_exp) VALUES (24000, 20005, 20086, 0, 1);
	INSERT INTO portico.tbl_entidad_entidad_enen (enen_entip_pk, enen_entih_pk, enen_orden) VALUES (20005, 24000, 1);
-- Subtipo de Residuo
INSERT INTO portico.tbl_entidad_enti(enti_pk, enti_tipo, enti_cmd_alta, enti_cmd_baja, enti_cmd_edicion, enti_cmd_duplicado, enti_codigo, enti_nombre) VALUES (24001, 'B', 1, 1, 1, 1, 'BUQUE_CAPACIDAD', 'Capacidad de Buque');
INSERT INTO portico.tbl_tipo_subparametro_tpsp(tpsp_pk, tpsp_tppr_pk, tpsp_tppr_dep_pk, tpsp_es_i18n, tpsp_es_tmp_exp) VALUES (24001, 20005, 20089, 0, 1);
	INSERT INTO portico.tbl_entidad_entidad_enen (enen_entip_pk, enen_entih_pk, enen_orden) VALUES (20005, 24001, 2);
-- Certificado
INSERT INTO portico.tbl_entidad_enti(enti_pk, enti_tipo, enti_cmd_alta, enti_cmd_baja, enti_cmd_edicion, enti_cmd_duplicado, enti_codigo, enti_nombre) VALUES (24002, 'B', 1, 1, 1, 1, 'BUQUE_CERTIFICADO', 'Certificado de Buque');
INSERT INTO portico.tbl_tipo_subparametro_tpsp(tpsp_pk, tpsp_tppr_pk, tpsp_tppr_dep_pk, tpsp_es_i18n, tpsp_es_tmp_exp) VALUES (24002, 20005, 20094, 0, 1);
	INSERT INTO portico.tbl_entidad_entidad_enen (enen_entip_pk, enen_entih_pk, enen_orden) VALUES (20005, 24002, 3);
-- Subpuerto
INSERT INTO portico.tbl_entidad_enti(enti_pk, enti_tipo, enti_cmd_alta, enti_cmd_baja, enti_cmd_edicion, enti_cmd_duplicado, enti_codigo, enti_nombre) VALUES (24003, 'B', 1, 1, 1, 1, 'BUQUE_SUBPUERTO', 'Subpuerto de Buque');
INSERT INTO portico.tbl_tipo_subparametro_tpsp(tpsp_pk, tpsp_tppr_pk, tpsp_tppr_dep_pk, tpsp_es_i18n, tpsp_es_tmp_exp) VALUES (24003, 20005, 20063, 0, 0);
	INSERT INTO portico.tbl_entidad_entidad_enen (enen_entip_pk, enen_entih_pk, enen_orden) VALUES (20005, 24003, 4);
-- Convenio
INSERT INTO portico.tbl_entidad_enti(enti_pk, enti_tipo, enti_cmd_alta, enti_cmd_baja, enti_cmd_edicion, enti_cmd_duplicado, enti_codigo, enti_nombre) VALUES (24004, 'B', 1, 1, 1, 1, 'BUQUE_CONVENIO', 'Convenio de Buque');
INSERT INTO portico.tbl_tipo_subparametro_tpsp(tpsp_pk, tpsp_tppr_pk, tpsp_tppr_dep_pk, tpsp_es_i18n, tpsp_es_tmp_exp) VALUES (24004, 20005, 20093, 0, 1);
	INSERT INTO portico.tbl_entidad_entidad_enen (enen_entip_pk, enen_entih_pk, enen_orden) VALUES (20005, 24004, 5);
-- TODO Contador Buque

-- Organizacion
-- Subpuerto
INSERT INTO portico.tbl_entidad_enti(enti_pk, enti_tipo, enti_cmd_alta, enti_cmd_baja, enti_cmd_edicion, enti_cmd_duplicado, enti_codigo, enti_nombre) VALUES (24010, 'B', 1, 1, 1, 1, 'ORGANIZACION_SUBPUERTO', 'Subpuerto de Organización');
INSERT INTO portico.tbl_tipo_subparametro_tpsp(tpsp_pk, tpsp_tppr_pk, tpsp_tppr_dep_pk, tpsp_es_i18n, tpsp_es_tmp_exp) VALUES (24010, 20010, 20063, 0, 0);
	INSERT INTO portico.tbl_entidad_entidad_enen (enen_entip_pk, enen_entih_pk, enen_orden) VALUES (20010, 24010, 1);
-- Tipo
INSERT INTO portico.tbl_entidad_enti(enti_pk, enti_tipo, enti_cmd_alta, enti_cmd_baja, enti_cmd_edicion, enti_cmd_duplicado, enti_codigo, enti_nombre) VALUES (24011, 'B', 1, 1, 1, 1, 'ORGANIZACION_TIPO', 'Tipos de Organización');
INSERT INTO portico.tbl_tipo_subparametro_tpsp(tpsp_pk, tpsp_tppr_pk, tpsp_tppr_dep_pk, tpsp_es_i18n, tpsp_es_tmp_exp) VALUES (24011, 20010, 20106, 0, 0);
	INSERT INTO portico.tbl_entidad_entidad_enen (enen_entip_pk, enen_entih_pk, enen_orden) VALUES (20010, 24011, 2);

-- Punto de Red
-- Cliente
INSERT INTO portico.tbl_entidad_enti(enti_pk, enti_tipo, enti_cmd_alta, enti_cmd_baja, enti_cmd_edicion, enti_cmd_duplicado, enti_codigo, enti_nombre) VALUES (24012, 'B', 1, 1, 1, 1, 'PUNTO_RED_ORGANIZACION', 'Cliente de Pto de Red');
INSERT INTO portico.tbl_tipo_subparametro_tpsp(tpsp_pk, tpsp_tppr_pk, tpsp_tppr_dep_pk, tpsp_es_i18n, tpsp_es_tmp_exp) VALUES (24012, 20114, 20010, 0, 1);
	INSERT INTO portico.tbl_entidad_entidad_enen (enen_entip_pk, enen_entih_pk, enen_orden) VALUES (20114, 24012, 1);
-- Gasto
INSERT INTO portico.tbl_entidad_enti(enti_pk, enti_tipo, enti_cmd_alta, enti_cmd_baja, enti_cmd_edicion, enti_cmd_duplicado, enti_codigo, enti_nombre) VALUES (24013, 'B', 1, 1, 1, 1, 'PUNTO_RED_TIPO_GASTO', 'Tipo de Gasto de Pto de Red');
INSERT INTO portico.tbl_tipo_subparametro_tpsp(tpsp_pk, tpsp_tppr_pk, tpsp_tppr_dep_pk, tpsp_es_i18n, tpsp_es_tmp_exp) VALUES (24013, 20114, 20025, 0, 1);
	INSERT INTO portico.tbl_entidad_entidad_enen (enen_entip_pk, enen_entih_pk, enen_orden) VALUES (20114, 24013, 2);
-- Lectura
INSERT INTO portico.tbl_entidad_enti(enti_pk, enti_tipo, enti_cmd_alta, enti_cmd_baja, enti_cmd_edicion, enti_cmd_duplicado, enti_codigo, enti_nombre) VALUES (24014, 'B', 1, 1, 1, 1, 'PUNTO_RED_TIPO_LECTURA', 'Tipo de Lectura de Pto de Red');
INSERT INTO portico.tbl_tipo_subparametro_tpsp(tpsp_pk, tpsp_tppr_pk, tpsp_tppr_dep_pk, tpsp_es_i18n, tpsp_es_tmp_exp) VALUES (24014, 20114, 20119, 0, 1);
	INSERT INTO portico.tbl_entidad_entidad_enen (enen_entip_pk, enen_entih_pk, enen_orden) VALUES (20114, 24014, 3);

-- Amarre
-- Servicio Deportivo
INSERT INTO portico.tbl_entidad_enti(enti_pk, enti_tipo, enti_cmd_alta, enti_cmd_baja, enti_cmd_edicion, enti_cmd_duplicado, enti_codigo, enti_nombre) VALUES (24015, 'B', 1, 1, 1, 1, 'AMARRE_SERVICIO_DEPORTIVO', 'Servicio Deportivo de Amarre');
INSERT INTO portico.tbl_tipo_subparametro_tpsp(tpsp_pk, tpsp_tppr_pk, tpsp_tppr_dep_pk, tpsp_es_i18n, tpsp_es_tmp_exp) VALUES (24015, 20118, 20099, 0, 0);
	INSERT INTO portico.tbl_entidad_entidad_enen (enen_entip_pk, enen_entih_pk, enen_orden) VALUES (20118, 24015, 1);
-- Punto de Red
INSERT INTO portico.tbl_entidad_enti(enti_pk, enti_tipo, enti_cmd_alta, enti_cmd_baja, enti_cmd_edicion, enti_cmd_duplicado, enti_codigo, enti_nombre) VALUES (24016, 'B', 1, 1, 1, 1, 'AMARRE_PUNTO_RED', 'Punto de Red de Amarre');
INSERT INTO portico.tbl_tipo_subparametro_tpsp(tpsp_pk, tpsp_tppr_pk, tpsp_tppr_dep_pk, tpsp_es_i18n, tpsp_es_tmp_exp) VALUES (24016, 20118, 20114, 0, 0);
	INSERT INTO portico.tbl_entidad_entidad_enen (enen_entip_pk, enen_entih_pk, enen_orden) VALUES (20118, 24016, 2);



-- Entidades - Tipos de Servicio y sus subservicios

-- Manifiestos de Pesca
INSERT INTO portico.tbl_entidad_enti(enti_pk, enti_tipo, enti_cmd_alta, enti_cmd_baja, enti_cmd_edicion, enti_cmd_duplicado, enti_codigo, enti_nombre) VALUES (21001, 'T', 1, 1, 1, 1, 'MANIFIESTO_PESCA', 'Manifiesto de Pesca');
INSERT INTO portico.tbl_tipo_servicio_tpsr(tpsr_pk, tpsr_es_temporal, tpsr_es_facturable, tpsr_es_exencionable, tpsr_tpdt_estado_pk) VALUES (21001, 0, 1, 1, 43065);
INSERT INTO portico.tbl_entidad_enti(enti_pk, enti_tipo, enti_cmd_alta, enti_cmd_baja, enti_cmd_edicion, enti_cmd_duplicado, enti_codigo, enti_nombre) VALUES (22001, 'S', 1, 1, 1, 1, 'PARTIDA_PESCA', 'Partida de Pesca');
INSERT INTO portico.tbl_tipo_subservicio_tpss(tpss_pk, tpss_tpsr_pk, tpss_es_temporal, tpss_es_facturable, tpss_es_exencionable, tpss_tpdt_estado_pk) VALUES (22001, 21001, 0, 0, 1, NULL);
	INSERT INTO portico.tbl_entidad_entidad_enen (enen_entip_pk, enen_entih_pk, enen_orden) VALUES (21001, 22001, 1);

-- Manifiesto de Mercancia
INSERT INTO portico.tbl_entidad_enti(enti_pk, enti_tipo, enti_cmd_alta, enti_cmd_baja, enti_cmd_edicion, enti_cmd_duplicado, enti_codigo, enti_nombre) VALUES (21002, 'T', 1, 1, 1, 1, 'MANIFIESTO', 'Manifiesto de Mercancía');
	INSERT INTO portico.tbl_entidad_accion_enac(enac_enti_pk, enac_orden, enac_path, enac_etiqueta) VALUES (21002, 1, 'mani-bloquear', 'Bloquear');
	INSERT INTO portico.tbl_entidad_accion_enac(enac_enti_pk, enac_orden, enac_path, enac_etiqueta) VALUES (21002, 2, 'mani-completar', 'Completar');
	INSERT INTO portico.tbl_entidad_accion_enac(enac_enti_pk, enac_orden, enac_path, enac_etiqueta) VALUES (21002, 3, 'mani-iniciar', 'Iniciar');
	INSERT INTO portico.tbl_entidad_accion_enac(enac_enti_pk, enac_orden, enac_path, enac_etiqueta) VALUES (21002, 4, 'mani-anular', 'Anular');
	INSERT INTO portico.tbl_entidad_accion_enac(enac_enti_pk, enac_orden, enac_path, enac_etiqueta) VALUES (21002, 5, 'mani-totales', 'Verif. Totales');
INSERT INTO portico.tbl_tipo_servicio_tpsr(tpsr_pk, tpsr_es_temporal, tpsr_es_facturable, tpsr_es_exencionable, tpsr_tpdt_estado_pk) VALUES (21002, 0, 1, 1, portico.getTipoDato('ESTADO_MAN_MERC'));
INSERT INTO portico.tbl_entidad_enti(enti_pk, enti_tipo, enti_cmd_alta, enti_cmd_baja, enti_cmd_edicion, enti_cmd_duplicado, enti_codigo, enti_nombre) VALUES (22002, 'S', 1, 1, 1, 1, 'MANIFIESTO_CONSIGNATARIO', 'Consignatario de Manifiesto');
INSERT INTO portico.tbl_tipo_subservicio_tpss(tpss_pk, tpss_tpsr_pk, tpss_es_temporal, tpss_es_facturable, tpss_es_exencionable, tpss_tpdt_estado_pk) VALUES (22002, 21002, 0, 0, 1, null);
	INSERT INTO portico.tbl_entidad_entidad_enen (enen_entip_pk, enen_entih_pk, enen_orden) VALUES (21002, 22002, 1);
INSERT INTO portico.tbl_entidad_enti(enti_pk, enti_tipo, enti_cmd_alta, enti_cmd_baja, enti_cmd_edicion, enti_cmd_duplicado, enti_codigo, enti_nombre) VALUES (22003, 'S', 1, 1, 1, 1, 'BL', 'BL');
INSERT INTO portico.tbl_tipo_subservicio_tpss(tpss_pk, tpss_tpsr_pk, tpss_es_temporal, tpss_es_facturable, tpss_es_exencionable, tpss_tpdt_estado_pk) VALUES (22003, 21002, 0, 0, 1, portico.getTipoDato('ESTADO_BL'));
	INSERT INTO portico.tbl_entidad_entidad_enen (enen_entip_pk, enen_entih_pk, enen_orden) VALUES (21002, 22003, 2);
	INSERT INTO portico.tbl_entidad_entidad_enen (enen_entip_pk, enen_entih_pk, enen_orden) VALUES (22002, 22003, 1);
	INSERT INTO portico.tbl_entidad_accion_enac(enac_enti_pk, enac_orden, enac_path, enac_etiqueta) VALUES (22003, 1, 'mabl-bloquear', 'Bloquear');
	INSERT INTO portico.tbl_entidad_accion_enac(enac_enti_pk, enac_orden, enac_path, enac_etiqueta) VALUES (22003, 2, 'mabl-completar', 'Completar');
	INSERT INTO portico.tbl_entidad_accion_enac(enac_enti_pk, enac_orden, enac_path, enac_etiqueta) VALUES (22003, 3, 'mabl-iniciar', 'Iniciar');
	INSERT INTO portico.tbl_entidad_accion_enac(enac_enti_pk, enac_orden, enac_path, enac_etiqueta) VALUES (22003, 4, 'mabl-anular', 'Anular');
	INSERT INTO portico.tbl_entidad_accion_enac(enac_enti_pk, enac_orden, enac_path, enac_etiqueta) VALUES (22003, 5, 'mabl-totales', 'Verif. Totales');
INSERT INTO portico.tbl_entidad_enti(enti_pk, enti_tipo, enti_cmd_alta, enti_cmd_baja, enti_cmd_edicion, enti_cmd_duplicado, enti_codigo, enti_nombre) VALUES (22004, 'S', 1, 1, 1, 1, 'PARTIDA', 'Partida');
INSERT INTO portico.tbl_tipo_subservicio_tpss(tpss_pk, tpss_tpsr_pk, tpss_es_temporal, tpss_es_facturable, tpss_es_exencionable, tpss_tpdt_estado_pk) VALUES (22004, 21002, 0, 1, 1, portico.getTipoDato('ESTADO_PART'));
	INSERT INTO portico.tbl_entidad_entidad_enen (enen_entip_pk, enen_entih_pk, enen_orden) VALUES (22003, 22004, 1);
	INSERT INTO portico.tbl_entidad_accion_enac(enac_enti_pk, enac_orden, enac_path, enac_etiqueta) VALUES (22004, 1, 'part-bloquear', 'Bloquear');
	INSERT INTO portico.tbl_entidad_accion_enac(enac_enti_pk, enac_orden, enac_path, enac_etiqueta) VALUES (22004, 2, 'part-iniciar', 'Iniciar');
	INSERT INTO portico.tbl_entidad_accion_enac(enac_enti_pk, enac_orden, enac_path, enac_etiqueta) VALUES (22004, 3, 'part-anular', 'Anular');
INSERT INTO portico.tbl_entidad_enti(enti_pk, enti_tipo, enti_cmd_alta, enti_cmd_baja, enti_cmd_edicion, enti_cmd_duplicado, enti_codigo, enti_nombre) VALUES (22005, 'S', 1, 1, 1, 1, 'EQUIPAMIENTO', 'Equipamiento');
INSERT INTO portico.tbl_tipo_subservicio_tpss(tpss_pk, tpss_tpsr_pk, tpss_es_temporal, tpss_es_facturable, tpss_es_exencionable, tpss_tpdt_estado_pk) VALUES (22005, 21002, 0, 1, 1, portico.getTipoDato('ESTADO_EQUI'));
	INSERT INTO portico.tbl_entidad_entidad_enen (enen_entip_pk, enen_entih_pk, enen_orden) VALUES (22003, 22005, 2);
	INSERT INTO portico.tbl_entidad_accion_enac(enac_enti_pk, enac_orden, enac_path, enac_etiqueta) VALUES (22005, 1, 'equi-bloquear', 'Bloquear');
	INSERT INTO portico.tbl_entidad_accion_enac(enac_enti_pk, enac_orden, enac_path, enac_etiqueta) VALUES (22005, 2, 'equi-iniciar', 'Iniciar');
	INSERT INTO portico.tbl_entidad_accion_enac(enac_enti_pk, enac_orden, enac_path, enac_etiqueta) VALUES (22005, 3, 'equi-anular', 'Anular');
INSERT INTO portico.tbl_entidad_enti(enti_pk, enti_tipo, enti_cmd_alta, enti_cmd_baja, enti_cmd_edicion, enti_cmd_duplicado, enti_codigo, enti_nombre) VALUES (22006, 'S', 1, 1, 1, 1, 'PARTIDA_EQUIPAMIENTO', 'Partida-Equipamiento');
INSERT INTO portico.tbl_tipo_subservicio_tpss(tpss_pk, tpss_tpsr_pk, tpss_es_temporal, tpss_es_facturable, tpss_es_exencionable, tpss_tpdt_estado_pk) VALUES (22006, 21002, 0, 0, 1, NULL);
	INSERT INTO portico.tbl_entidad_entidad_enen (enen_entip_pk, enen_entih_pk, enen_orden) VALUES (22004, 22006, 1);
	INSERT INTO portico.tbl_entidad_entidad_enen (enen_entip_pk, enen_entih_pk, enen_orden) VALUES (22005, 22006, 1);
INSERT INTO portico.tbl_entidad_enti(enti_pk, enti_tipo, enti_cmd_alta, enti_cmd_baja, enti_cmd_edicion, enti_cmd_duplicado, enti_codigo, enti_nombre) VALUES (22007, 'S', 1, 1, 1, 1, 'PARTIDA_DOCUMENTO', 'Documento de la Partida');
INSERT INTO portico.tbl_tipo_subservicio_tpss(tpss_pk, tpss_tpsr_pk, tpss_es_temporal, tpss_es_facturable, tpss_es_exencionable, tpss_tpdt_estado_pk) VALUES (22007, 21002, 0, 0, 1, NULL);
-- TODO Tiene Estado
	INSERT INTO portico.tbl_entidad_entidad_enen (enen_entip_pk, enen_entih_pk, enen_orden) VALUES (22004, 22007, 2);
INSERT INTO portico.tbl_entidad_enti(enti_pk, enti_tipo, enti_cmd_alta, enti_cmd_baja, enti_cmd_edicion, enti_cmd_duplicado, enti_codigo, enti_nombre) VALUES (22008, 'S', 1, 1, 1, 1, 'PARTIDA_IM', 'Instrucción de Marcaje de la Partida');
INSERT INTO portico.tbl_tipo_subservicio_tpss(tpss_pk, tpss_tpsr_pk, tpss_es_temporal, tpss_es_facturable, tpss_es_exencionable, tpss_tpdt_estado_pk) VALUES (22008, 21002, 0, 0, 1, NULL);
	INSERT INTO portico.tbl_entidad_entidad_enen (enen_entip_pk, enen_entih_pk, enen_orden) VALUES (22004, 22008, 3);
INSERT INTO portico.tbl_entidad_enti(enti_pk, enti_tipo, enti_cmd_alta, enti_cmd_baja, enti_cmd_edicion, enti_cmd_duplicado, enti_codigo, enti_nombre) VALUES (22009, 'S', 1, 1, 1, 1, 'PARTIDA_MMPP', 'MM.PP. de la Partida');
INSERT INTO portico.tbl_tipo_subservicio_tpss(tpss_pk, tpss_tpsr_pk, tpss_es_temporal, tpss_es_facturable, tpss_es_exencionable, tpss_tpdt_estado_pk) VALUES (22009, 21002, 0, 0, 1, NULL);
	INSERT INTO portico.tbl_entidad_entidad_enen (enen_entip_pk, enen_entih_pk, enen_orden) VALUES (22004, 22009, 4);
INSERT INTO portico.tbl_entidad_enti(enti_pk, enti_tipo, enti_cmd_alta, enti_cmd_baja, enti_cmd_edicion, enti_cmd_duplicado, enti_codigo, enti_nombre) VALUES (22010, 'S', 1, 1, 1, 1, 'PRECINTO_EQUIPAMIENTO', 'Precinto de Equipamiento');
INSERT INTO portico.tbl_tipo_subservicio_tpss(tpss_pk, tpss_tpsr_pk, tpss_es_temporal, tpss_es_facturable, tpss_es_exencionable, tpss_tpdt_estado_pk) VALUES (22010, 21002, 0, 0, 1, NULL);
	INSERT INTO portico.tbl_entidad_entidad_enen (enen_entip_pk, enen_entih_pk, enen_orden) VALUES (22005, 22010, 2);

-- Escala
INSERT INTO portico.tbl_entidad_enti(enti_pk, enti_tipo, enti_cmd_alta, enti_cmd_baja, enti_cmd_edicion, enti_cmd_duplicado, enti_codigo, enti_nombre) VALUES (21003, 'T', 1, 1, 1, 1, 'ESCALA', 'Escala');
INSERT INTO portico.tbl_tipo_servicio_tpsr(tpsr_pk, tpsr_es_temporal, tpsr_es_facturable, tpsr_es_exencionable, tpsr_tpdt_estado_pk) VALUES (21003, 1, 1, 1, 43265);
	INSERT INTO portico.tbl_entidad_accion_enac(enac_enti_pk, enac_orden, enac_path, enac_etiqueta) VALUES (21003, 1, 'esca-notificar', 'Not. Practico');
INSERT INTO portico.tbl_entidad_enti(enti_pk, enti_tipo, enti_cmd_alta, enti_cmd_baja, enti_cmd_edicion, enti_cmd_duplicado, enti_codigo, enti_nombre) VALUES (22011, 'S', 1, 1, 1, 1, 'ATRAQUE', 'Atraque');
INSERT INTO portico.tbl_tipo_subservicio_tpss(tpss_pk, tpss_tpsr_pk, tpss_es_temporal, tpss_es_facturable, tpss_es_exencionable, tpss_tpdt_estado_pk) VALUES (22011, 21003, 1, 1, 1, 43235);
	INSERT INTO portico.tbl_entidad_entidad_enen (enen_entip_pk, enen_entih_pk, enen_orden) VALUES (21003, 22011, 1);
	INSERT INTO portico.tbl_entidad_accion_enac(enac_enti_pk, enac_orden, enac_path, enac_etiqueta) VALUES (22011, 1, 'atra-autorizar', 'Autorizar');
	INSERT INTO portico.tbl_entidad_accion_enac(enac_enti_pk, enac_orden, enac_path, enac_etiqueta) VALUES (22011, 2, 'atra-denegar', 'Denegar');
	INSERT INTO portico.tbl_entidad_accion_enac(enac_enti_pk, enac_orden, enac_path, enac_etiqueta) VALUES (22011, 3, 'atra-anular', 'Anular');
	INSERT INTO portico.tbl_entidad_accion_enac(enac_enti_pk, enac_orden, enac_path, enac_etiqueta) VALUES (22011, 4, 'atra-iniciar', 'Iniciar');
	INSERT INTO portico.tbl_entidad_accion_enac(enac_enti_pk, enac_orden, enac_path, enac_etiqueta) VALUES (22011, 5, 'atra-finalizar', 'Finalizar');
	INSERT INTO portico.tbl_entidad_accion_enac(enac_enti_pk, enac_orden, enac_path, enac_etiqueta) VALUES (22011, 6, 'atra-cambiar-muelle', 'C. Muelle');
	INSERT INTO portico.tbl_entidad_accion_enac(enac_enti_pk, enac_orden, enac_path, enac_etiqueta) VALUES (22011, 7, 'atra-autorizar-fprevio', 'Aut. F. Previo');
	INSERT INTO portico.tbl_entidad_accion_enac(enac_enti_pk, enac_orden, enac_path, enac_etiqueta) VALUES (22011, 8, 'atra-deshacer-estado', 'Des. Estado');
INSERT INTO portico.tbl_entidad_enti(enti_pk, enti_tipo, enti_cmd_alta, enti_cmd_baja, enti_cmd_edicion, enti_cmd_duplicado, enti_codigo, enti_nombre) VALUES (22015, 'S', 0, 0, 0, 0, 'ESCALA_CONTADOR', 'Contador de Escala');
INSERT INTO portico.tbl_tipo_subservicio_tpss(tpss_pk, tpss_tpsr_pk, tpss_es_temporal, tpss_es_facturable, tpss_es_exencionable, tpss_tpdt_estado_pk) VALUES (22015, 21003, 0, 0, 1, NULL);
	INSERT INTO portico.tbl_entidad_entidad_enen (enen_entip_pk, enen_entih_pk, enen_orden) VALUES (21003, 22015, 2);
INSERT INTO portico.tbl_entidad_enti(enti_pk, enti_tipo, enti_cmd_alta, enti_cmd_baja, enti_cmd_edicion, enti_cmd_duplicado, enti_codigo, enti_nombre) VALUES (22016, 'S', 1, 1, 1, 1, 'ESCALA_RESIDUO', 'Residuo de Escala');
INSERT INTO portico.tbl_tipo_subservicio_tpss(tpss_pk, tpss_tpsr_pk, tpss_es_temporal, tpss_es_facturable, tpss_es_exencionable, tpss_tpdt_estado_pk) VALUES (22016, 21003, 0, 0, 1, NULL);
	INSERT INTO portico.tbl_entidad_entidad_enen (enen_entip_pk, enen_entih_pk, enen_orden) VALUES (21003, 22016, 3);
INSERT INTO portico.tbl_entidad_enti(enti_pk, enti_tipo, enti_cmd_alta, enti_cmd_baja, enti_cmd_edicion, enti_cmd_duplicado, enti_codigo, enti_nombre) VALUES (22012, 'S', 1, 1, 1, 1, 'OPERACION_ATRAQUE', 'Operación de Atraque');
INSERT INTO portico.tbl_tipo_subservicio_tpss(tpss_pk, tpss_tpsr_pk, tpss_es_temporal, tpss_es_facturable, tpss_es_exencionable, tpss_tpdt_estado_pk) VALUES (22012, 21003, 1, 1, 1, NULL);
	INSERT INTO portico.tbl_entidad_entidad_enen (enen_entip_pk, enen_entih_pk, enen_orden) VALUES (22011, 22012, 1);

-- Embarcacion Dep. Aut.
INSERT INTO portico.tbl_entidad_enti(enti_pk, enti_tipo, enti_cmd_alta, enti_cmd_baja, enti_cmd_edicion, enti_cmd_duplicado, enti_codigo, enti_nombre) VALUES (21004, 'T', 1, 1, 1, 1, 'SERV_EMBARCACION_DEP_AUT', 'Embarcación Deportiva Autonómica');
INSERT INTO portico.tbl_tipo_servicio_tpsr(tpsr_pk, tpsr_es_temporal, tpsr_es_facturable, tpsr_es_exencionable, tpsr_tpdt_estado_pk) VALUES (21004, 0, 1, 1, NULL);

-- Suministro a Buque
INSERT INTO portico.tbl_entidad_enti(enti_pk, enti_tipo, enti_cmd_alta, enti_cmd_baja, enti_cmd_edicion, enti_cmd_duplicado, enti_codigo, enti_nombre) VALUES (21005, 'T', 1, 1, 1, 1, 'SUMINISTRO_CONSUMO', 'Suministro a Buque');
INSERT INTO portico.tbl_tipo_servicio_tpsr(tpsr_pk, tpsr_es_temporal, tpsr_es_facturable, tpsr_es_exencionable, tpsr_tpdt_estado_pk) VALUES (21005, 1, 1, 1, 43295);
INSERT INTO portico.tbl_entidad_enti(enti_pk, enti_tipo, enti_cmd_alta, enti_cmd_baja, enti_cmd_edicion, enti_cmd_duplicado, enti_codigo, enti_nombre) VALUES (22013, 'S', 1, 1, 1, 1, 'SUMINISTRO_CONSUMO_GASTO', 'Gasto de Consumo');
INSERT INTO portico.tbl_tipo_subservicio_tpss(tpss_pk, tpss_tpsr_pk, tpss_es_temporal, tpss_es_facturable, tpss_es_exencionable, tpss_tpdt_estado_pk) VALUES (22013, 21005, 1, 1, 1, NULL);
	INSERT INTO portico.tbl_entidad_entidad_enen (enen_entip_pk, enen_entih_pk, enen_orden) VALUES (21005, 22013, 1);
INSERT INTO portico.tbl_entidad_enti(enti_pk, enti_tipo, enti_cmd_alta, enti_cmd_baja, enti_cmd_edicion, enti_cmd_duplicado, enti_codigo, enti_nombre) VALUES (22014, 'S', 1, 1, 1, 1, 'SUMINISTRO_CONSUMO_LECTURA', 'Lectura de Consumo');
INSERT INTO portico.tbl_tipo_subservicio_tpss(tpss_pk, tpss_tpsr_pk, tpss_es_temporal, tpss_es_facturable, tpss_es_exencionable, tpss_tpdt_estado_pk) VALUES (22014, 21005, 1, 1, 1, NULL);
	INSERT INTO portico.tbl_entidad_entidad_enen (enen_entip_pk, enen_entih_pk, enen_orden) VALUES (21005, 22014, 2);

-- Ocupacion de Superficie
INSERT INTO portico.tbl_entidad_enti(enti_pk, enti_tipo, enti_cmd_alta, enti_cmd_baja, enti_cmd_edicion, enti_cmd_duplicado, enti_codigo, enti_nombre) VALUES (21007, 'T', 1, 1, 1, 1, 'OCUPACION_SUPERFICIE', 'Ocupación de Superficie');
INSERT INTO portico.tbl_tipo_servicio_tpsr(tpsr_pk, tpsr_es_temporal, tpsr_es_facturable, tpsr_es_exencionable, tpsr_tpdt_estado_pk) VALUES (21007, 1, 1, 1, 43290);
INSERT INTO portico.tbl_entidad_enti(enti_pk, enti_tipo, enti_cmd_alta, enti_cmd_baja, enti_cmd_edicion, enti_cmd_duplicado, enti_codigo, enti_nombre) VALUES (22018, 'S', 1, 1, 1, 1, 'OCUPACION_SUPERFICIE_LINEA', 'Linea de Ocupación de Superficie');
INSERT INTO portico.tbl_tipo_subservicio_tpss(tpss_pk, tpss_tpsr_pk, tpss_es_temporal, tpss_es_facturable, tpss_es_exencionable, tpss_tpdt_estado_pk) VALUES (22018, 21007, 1, 1, 1, NULL);
	INSERT INTO portico.tbl_entidad_entidad_enen (enen_entip_pk, enen_entih_pk, enen_orden) VALUES (21007, 22018, 1);

-- Amarres
INSERT INTO portico.tbl_entidad_enti(enti_pk, enti_tipo, enti_cmd_alta, enti_cmd_baja, enti_cmd_edicion, enti_cmd_duplicado, enti_codigo, enti_nombre) VALUES (21008, 'T', 1, 1, 1, 1, 'AMARRE', 'Amarre');
INSERT INTO portico.tbl_tipo_servicio_tpsr(tpsr_pk, tpsr_es_temporal, tpsr_es_facturable, tpsr_es_exencionable, tpsr_tpdt_estado_pk) VALUES (21008, 1, 0, 1, 43230);
INSERT INTO portico.tbl_entidad_enti(enti_pk, enti_tipo, enti_cmd_alta, enti_cmd_baja, enti_cmd_edicion, enti_cmd_duplicado, enti_codigo, enti_nombre) VALUES (22019, 'S', 1, 1, 1, 1, 'AMARRE_MEDIO', 'Medio de Amarre');
INSERT INTO portico.tbl_tipo_subservicio_tpss(tpss_pk, tpss_tpsr_pk, tpss_es_temporal, tpss_es_facturable, tpss_es_exencionable, tpss_tpdt_estado_pk) VALUES (22019, 21008, 0, 0, 1, NULL);
	INSERT INTO portico.tbl_entidad_entidad_enen (enen_entip_pk, enen_entih_pk, enen_orden) VALUES (21008, 22019, 1);

-- Practicajes
INSERT INTO portico.tbl_entidad_enti(enti_pk, enti_tipo, enti_cmd_alta, enti_cmd_baja, enti_cmd_edicion, enti_cmd_duplicado, enti_codigo, enti_nombre) VALUES (21009, 'T', 1, 1, 1, 1, 'PRACTICAJE', 'Practicaje');
INSERT INTO portico.tbl_tipo_servicio_tpsr(tpsr_pk, tpsr_es_temporal, tpsr_es_facturable, tpsr_es_exencionable, tpsr_tpdt_estado_pk) VALUES (21009, 1, 0, 1, 43275);

-- Asignacion Amarre
INSERT INTO portico.tbl_entidad_enti(enti_pk, enti_tipo, enti_cmd_alta, enti_cmd_baja, enti_cmd_edicion, enti_cmd_duplicado, enti_codigo, enti_nombre) VALUES (21010, 'T', 1, 1, 1, 1, 'ASIGNACION_AMARRE', 'Asignación de Amarre');
INSERT INTO portico.tbl_tipo_servicio_tpsr(tpsr_pk, tpsr_es_temporal, tpsr_es_facturable, tpsr_es_exencionable, tpsr_tpdt_estado_pk) VALUES (21010, 1, 1, 1, 43200);














-- Entidades - Estadistica
INSERT INTO portico.tbl_entidad_enti(enti_pk, enti_tipo, enti_cmd_alta, enti_cmd_baja, enti_cmd_edicion, enti_cmd_duplicado, enti_codigo, enti_nombre) VALUES (23000, 'E', 0, 0, 0, 0, 'ACTIVIDAD_PESQUERA', 'Actividad Pesquera');
INSERT INTO portico.tbl_tipo_estadistica_tpes(tpes_pk) VALUES (23000);
INSERT INTO portico.tbl_entidad_enti(enti_pk, enti_tipo, enti_cmd_alta, enti_cmd_baja, enti_cmd_edicion, enti_cmd_duplicado, enti_codigo, enti_nombre) VALUES (23001, 'E', 0, 0, 0, 0, 'AGREGACION_ESCALA', 'Agregación de Escala');
INSERT INTO portico.tbl_tipo_estadistica_tpes(tpes_pk) VALUES (23001);
INSERT INTO portico.tbl_entidad_enti(enti_pk, enti_tipo, enti_cmd_alta, enti_cmd_baja, enti_cmd_edicion, enti_cmd_duplicado, enti_codigo, enti_nombre) VALUES (23002, 'E', 0, 0, 0, 0, 'AGREGACION_SUPERFICIE', 'Agregación de Superficie');
INSERT INTO portico.tbl_tipo_estadistica_tpes(tpes_pk) VALUES (23002);
INSERT INTO portico.tbl_entidad_enti(enti_pk, enti_tipo, enti_cmd_alta, enti_cmd_baja, enti_cmd_edicion, enti_cmd_duplicado, enti_codigo, enti_nombre) VALUES (23003, 'E', 0, 0, 0, 0, 'AVITUALLAMIENTO', 'Avituallamiento');
INSERT INTO portico.tbl_tipo_estadistica_tpes(tpes_pk) VALUES (23003);
INSERT INTO portico.tbl_entidad_enti(enti_pk, enti_tipo, enti_cmd_alta, enti_cmd_baja, enti_cmd_edicion, enti_cmd_duplicado, enti_codigo, enti_nombre) VALUES (23004, 'E', 0, 0, 0, 0, 'BUQUE_FONDEADO_ATRACADO', 'Buque Fondeo atraque');
INSERT INTO portico.tbl_tipo_estadistica_tpes(tpes_pk) VALUES (23004);
INSERT INTO portico.tbl_entidad_enti(enti_pk, enti_tipo, enti_cmd_alta, enti_cmd_baja, enti_cmd_edicion, enti_cmd_duplicado, enti_codigo, enti_nombre) VALUES (23005, 'E', 0, 0, 0, 0, 'MOVIMIENTO_MERCANCIA', 'Movimiento de Mercancía');
INSERT INTO portico.tbl_tipo_estadistica_tpes(tpes_pk) VALUES (23005);
INSERT INTO portico.tbl_entidad_enti(enti_pk, enti_tipo, enti_cmd_alta, enti_cmd_baja, enti_cmd_edicion, enti_cmd_duplicado, enti_codigo, enti_nombre) VALUES (23006, 'E', 0, 0, 0, 0, 'MOVIMIENTO_MERCANCIA_EEE', 'Movimiento de Mercancía EEE');
INSERT INTO portico.tbl_tipo_estadistica_tpes(tpes_pk) VALUES (23006);
INSERT INTO portico.tbl_entidad_enti(enti_pk, enti_tipo, enti_cmd_alta, enti_cmd_baja, enti_cmd_edicion, enti_cmd_duplicado, enti_codigo, enti_nombre) VALUES (23007, 'E', 0, 0, 0, 0, 'MOVIMIENTO_TIPO_BUQUE_EEE', 'Movimiento de Tipo Buque EEE');
INSERT INTO portico.tbl_tipo_estadistica_tpes(tpes_pk) VALUES (23007);






-- Tipos de dato - Tipos de Servicio
INSERT INTO portico.tbl_tipo_dato_tpdt (tpdt_pk, tpdt_tipo_html, tpdt_tipo_elemento, tpdt_enti_pk, tpdt_codigo, tpdt_nombre) VALUES (47000, 'F', 'SR', 21002, 'MANIFIESTO', 'Manifiesto');
INSERT INTO portico.tbl_tipo_dato_tpdt (tpdt_pk, tpdt_tipo_html, tpdt_tipo_elemento, tpdt_enti_pk, tpdt_codigo, tpdt_nombre) VALUES (47001, 'F', 'SR', 21003, 'ESCALA', 'Escala');

-- Tipos de dato - Parametros
INSERT INTO portico.tbl_tipo_dato_tpdt (tpdt_pk, tpdt_tipo_html, tpdt_tipo_elemento, tpdt_enti_pk, tpdt_codigo, tpdt_nombre) VALUES (45000, 'S', 'PR', 20001, 'TIPO_ACT', 'Tipo de Actividad');
INSERT INTO portico.tbl_tipo_dato_tpdt (tpdt_pk, tpdt_tipo_html, tpdt_tipo_elemento, tpdt_enti_pk, tpdt_codigo, tpdt_nombre) VALUES (45001, 'S', 'PR', 20001, 'TIPO_ACT_2', 'Tipo de Actividad 2');
INSERT INTO portico.tbl_tipo_dato_tpdt (tpdt_pk, tpdt_tipo_html, tpdt_tipo_elemento, tpdt_enti_pk, tpdt_codigo, tpdt_nombre) VALUES (45002, 'S', 'PR', 20001, 'TIPO_ACT_3', 'Tipo de Actividad 3');
INSERT INTO portico.tbl_tipo_dato_tpdt (tpdt_pk, tpdt_tipo_html, tpdt_tipo_elemento, tpdt_enti_pk, tpdt_codigo, tpdt_nombre) VALUES (45005, 'F', 'PR', 20004, 'PAIS', 'País');
INSERT INTO portico.tbl_tipo_dato_tpdt (tpdt_pk, tpdt_tipo_html, tpdt_tipo_elemento, tpdt_enti_pk, tpdt_codigo, tpdt_nombre) VALUES (45006, 'F', 'PR', 20004, 'PAIS_2', 'País 2');
INSERT INTO portico.tbl_tipo_dato_tpdt (tpdt_pk, tpdt_tipo_html, tpdt_tipo_elemento, tpdt_enti_pk, tpdt_codigo, tpdt_nombre) VALUES (45010, 'F', 'PR', 20005, 'BUQUE', 'Buque');
INSERT INTO portico.tbl_tipo_dato_tpdt (tpdt_pk, tpdt_tipo_html, tpdt_tipo_elemento, tpdt_enti_pk, tpdt_codigo, tpdt_nombre) VALUES (45015, 'S', 'PR', 20006, 'AREA_MUNDIAL', 'Area Mundial');
INSERT INTO portico.tbl_tipo_dato_tpdt (tpdt_pk, tpdt_tipo_html, tpdt_tipo_elemento, tpdt_enti_pk, tpdt_codigo, tpdt_nombre) VALUES (45020, 'S', 'PR', 20007, 'TIPO_BUQUE_EEE', 'Tipo de Buque EEE');
INSERT INTO portico.tbl_tipo_dato_tpdt (tpdt_pk, tpdt_tipo_html, tpdt_tipo_elemento, tpdt_enti_pk, tpdt_codigo, tpdt_nombre) VALUES (45025, 'S', 'PR', 20008, 'TIPO_BUQUE_EST', 'Tipo de Buque Est');
INSERT INTO portico.tbl_tipo_dato_tpdt (tpdt_pk, tpdt_tipo_html, tpdt_tipo_elemento, tpdt_enti_pk, tpdt_codigo, tpdt_nombre) VALUES (45030, 'S', 'PR', 20009, 'TIPO_BUQUE', 'Tipo de Buque');
INSERT INTO portico.tbl_tipo_dato_tpdt (tpdt_pk, tpdt_tipo_html, tpdt_tipo_elemento, tpdt_enti_pk, tpdt_codigo, tpdt_nombre) VALUES (45031, 'S', 'PR', 20009, 'TIPO_BUQUE_2', 'Tipo de Buque 2');
INSERT INTO portico.tbl_tipo_dato_tpdt (tpdt_pk, tpdt_tipo_html, tpdt_tipo_elemento, tpdt_enti_pk, tpdt_codigo, tpdt_nombre) VALUES (45035, 'F', 'PR', 20010, 'ORGA', 'Organización');
INSERT INTO portico.tbl_tipo_dato_tpdt (tpdt_pk, tpdt_tipo_html, tpdt_tipo_elemento, tpdt_enti_pk, tpdt_codigo, tpdt_nombre) VALUES (45036, 'F', 'PR', 20010, 'ORGA_2', 'Organización 2');
INSERT INTO portico.tbl_tipo_dato_tpdt (tpdt_pk, tpdt_tipo_html, tpdt_tipo_elemento, tpdt_enti_pk, tpdt_codigo, tpdt_nombre) VALUES (45037, 'F', 'PR', 20010, 'ORGA_3', 'Organización 3');
INSERT INTO portico.tbl_tipo_dato_tpdt (tpdt_pk, tpdt_tipo_html, tpdt_tipo_elemento, tpdt_enti_pk, tpdt_codigo, tpdt_nombre) VALUES (45040, 'S', 'PR', 20011, 'TIPO_IVA', 'Tipo de IVA');
INSERT INTO portico.tbl_tipo_dato_tpdt (tpdt_pk, tpdt_tipo_html, tpdt_tipo_elemento, tpdt_enti_pk, tpdt_codigo, tpdt_nombre) VALUES (45045, 'S', 'PR', 20012, 'AREA_GEOG', 'Area Geográfica');
INSERT INTO portico.tbl_tipo_dato_tpdt (tpdt_pk, tpdt_tipo_html, tpdt_tipo_elemento, tpdt_enti_pk, tpdt_codigo, tpdt_nombre) VALUES (45050, 'F', 'PR', 20013, 'ZONA_COST_EEE', 'Zona Costera EEE');
INSERT INTO portico.tbl_tipo_dato_tpdt (tpdt_pk, tpdt_tipo_html, tpdt_tipo_elemento, tpdt_enti_pk, tpdt_codigo, tpdt_nombre) VALUES (45055, 'F', 'PR', 20014, 'UNLOCODE', 'Unlocode');
INSERT INTO portico.tbl_tipo_dato_tpdt (tpdt_pk, tpdt_tipo_html, tpdt_tipo_elemento, tpdt_enti_pk, tpdt_codigo, tpdt_nombre) VALUES (45056, 'F', 'PR', 20014, 'UNLOCODE_2', 'Unlocode 2');
INSERT INTO portico.tbl_tipo_dato_tpdt (tpdt_pk, tpdt_tipo_html, tpdt_tipo_elemento, tpdt_enti_pk, tpdt_codigo, tpdt_nombre) VALUES (45057, 'F', 'PR', 20014, 'UNLOCODE_3', 'Unlocode 3');
INSERT INTO portico.tbl_tipo_dato_tpdt (tpdt_pk, tpdt_tipo_html, tpdt_tipo_elemento, tpdt_enti_pk, tpdt_codigo, tpdt_nombre) VALUES (45058, 'F', 'PR', 20014, 'UNLOCODE_4', 'Unlocode 4');
INSERT INTO portico.tbl_tipo_dato_tpdt (tpdt_pk, tpdt_tipo_html, tpdt_tipo_elemento, tpdt_enti_pk, tpdt_codigo, tpdt_nombre) VALUES (45059, 'F', 'PR', 20014, 'UNLOCODE_5', 'Unlocode 5');
INSERT INTO portico.tbl_tipo_dato_tpdt (tpdt_pk, tpdt_tipo_html, tpdt_tipo_elemento, tpdt_enti_pk, tpdt_codigo, tpdt_nombre) VALUES (45060, 'S', 'PR', 20015, 'TIPO_ALIN', 'Tipo de Alineación');
INSERT INTO portico.tbl_tipo_dato_tpdt (tpdt_pk, tpdt_tipo_html, tpdt_tipo_elemento, tpdt_enti_pk, tpdt_codigo, tpdt_nombre) VALUES (45065, 'S', 'PR', 20030, 'ZONA_PESCA', 'Zona de Pesca');
INSERT INTO portico.tbl_tipo_dato_tpdt (tpdt_pk, tpdt_tipo_html, tpdt_tipo_elemento, tpdt_enti_pk, tpdt_codigo, tpdt_nombre) VALUES (45070, 'S', 'PR', 20032, 'TIPO_OP_PESCA', 'Tipo de Operación de Pesca');
INSERT INTO portico.tbl_tipo_dato_tpdt (tpdt_pk, tpdt_tipo_html, tpdt_tipo_elemento, tpdt_enti_pk, tpdt_codigo, tpdt_nombre) VALUES (45075, 'S', 'PR', 20033, 'TIPO_MAN_PESCA', 'Tipo de Manifiesto de Pesca');
INSERT INTO portico.tbl_tipo_dato_tpdt (tpdt_pk, tpdt_tipo_html, tpdt_tipo_elemento, tpdt_enti_pk, tpdt_codigo, tpdt_nombre) VALUES (45080, 'S', 'PR', 20034, 'SUBT_MAN_PESCA', 'Subtipo de Manifiesto de Pesca');
INSERT INTO portico.tbl_tipo_dato_tpdt (tpdt_pk, tpdt_tipo_html, tpdt_tipo_elemento, tpdt_enti_pk, tpdt_codigo, tpdt_nombre) VALUES (45085, 'S', 'PR', 20035, 'GRUPO_FAM_PESCA', 'Grupo de Familia de Especie de Pesca');
INSERT INTO portico.tbl_tipo_dato_tpdt (tpdt_pk, tpdt_tipo_html, tpdt_tipo_elemento, tpdt_enti_pk, tpdt_codigo, tpdt_nombre) VALUES (45090, 'S', 'PR', 20036, 'FAM_PESCA', 'Familia de Especie de Pesca');
INSERT INTO portico.tbl_tipo_dato_tpdt (tpdt_pk, tpdt_tipo_html, tpdt_tipo_elemento, tpdt_enti_pk, tpdt_codigo, tpdt_nombre) VALUES (45095, 'S', 'PR', 20037, 'TIPO_CAPTURA_PESCA', 'Tipo de Captura de Pesca');
INSERT INTO portico.tbl_tipo_dato_tpdt (tpdt_pk, tpdt_tipo_html, tpdt_tipo_elemento, tpdt_enti_pk, tpdt_codigo, tpdt_nombre) VALUES (45100, 'S', 'PR', 20039, 'TIPO_BUQUE_PESCA', 'Tipo de Buque de Pesca');
INSERT INTO portico.tbl_tipo_dato_tpdt (tpdt_pk, tpdt_tipo_html, tpdt_tipo_elemento, tpdt_enti_pk, tpdt_codigo, tpdt_nombre) VALUES (45105, 'F', 'PR', 20040, 'BUQUE_PESCA', 'Buque de Pesca');
INSERT INTO portico.tbl_tipo_dato_tpdt (tpdt_pk, tpdt_tipo_html, tpdt_tipo_elemento, tpdt_enti_pk, tpdt_codigo, tpdt_nombre) VALUES (45110, 'S', 'PR', 20041, 'ARTE_PESCA', 'Arte de Pesca');
INSERT INTO portico.tbl_tipo_dato_tpdt (tpdt_pk, tpdt_tipo_html, tpdt_tipo_elemento, tpdt_enti_pk, tpdt_codigo, tpdt_nombre) VALUES (45115, 'S', 'PR', 20042, 'TIPO_MERC_EST', 'Tipo de Mercancía Est');
INSERT INTO portico.tbl_tipo_dato_tpdt (tpdt_pk, tpdt_tipo_html, tpdt_tipo_elemento, tpdt_enti_pk, tpdt_codigo, tpdt_nombre) VALUES (45120, 'S', 'PR', 20043, 'GRUPO_NAT_MERC', 'Grupo de Naturaleza de Mercancía');
INSERT INTO portico.tbl_tipo_dato_tpdt (tpdt_pk, tpdt_tipo_html, tpdt_tipo_elemento, tpdt_enti_pk, tpdt_codigo, tpdt_nombre) VALUES (45125, 'S', 'PR', 20044, 'NAT_MERC', 'Naturaleza de Mercancía');
INSERT INTO portico.tbl_tipo_dato_tpdt (tpdt_pk, tpdt_tipo_html, tpdt_tipo_elemento, tpdt_enti_pk, tpdt_codigo, tpdt_nombre) VALUES (45130, 'S', 'PR', 20045, 'GRUPO_ARAN', 'Grupo Arancelario');
INSERT INTO portico.tbl_tipo_dato_tpdt (tpdt_pk, tpdt_tipo_html, tpdt_tipo_elemento, tpdt_enti_pk, tpdt_codigo, tpdt_nombre) VALUES (45135, 'S', 'PR', 20046, 'SUBG_MERC', 'Subgrupo Mercancía');
INSERT INTO portico.tbl_tipo_dato_tpdt (tpdt_pk, tpdt_tipo_html, tpdt_tipo_elemento, tpdt_enti_pk, tpdt_codigo, tpdt_nombre) VALUES (45140, 'S', 'PR', 20047, 'GRUPO_NST', 'Grupo NST');
INSERT INTO portico.tbl_tipo_dato_tpdt (tpdt_pk, tpdt_tipo_html, tpdt_tipo_elemento, tpdt_enti_pk, tpdt_codigo, tpdt_nombre) VALUES (45145, 'S', 'PR', 20048, 'UNIDAD_CARGA', 'Unidad de Carga');
INSERT INTO portico.tbl_tipo_dato_tpdt (tpdt_pk, tpdt_tipo_html, tpdt_tipo_elemento, tpdt_enti_pk, tpdt_codigo, tpdt_nombre) VALUES (45150, 'S', 'PR', 20063, 'SUBPUERTO', 'Subpuerto');
INSERT INTO portico.tbl_tipo_dato_tpdt (tpdt_pk, tpdt_tipo_html, tpdt_tipo_elemento, tpdt_enti_pk, tpdt_codigo, tpdt_nombre) VALUES (45155, 'S', 'PR', 20066, 'TIPO_EXENCION', 'Tipo de Exención');
INSERT INTO portico.tbl_tipo_dato_tpdt (tpdt_pk, tpdt_tipo_html, tpdt_tipo_elemento, tpdt_enti_pk, tpdt_codigo, tpdt_nombre) VALUES (45160, 'S', 'PR', 20075, 'TIPO_BIEN_CONC', 'Tipo de Bien Concesional');
INSERT INTO portico.tbl_tipo_dato_tpdt (tpdt_pk, tpdt_tipo_html, tpdt_tipo_elemento, tpdt_enti_pk, tpdt_codigo, tpdt_nombre) VALUES (45165, 'S', 'PR', 20076, 'TIPO_ACT_GRAL_CONC', 'Tipo de Actividad General Concesional');
INSERT INTO portico.tbl_tipo_dato_tpdt (tpdt_pk, tpdt_tipo_html, tpdt_tipo_elemento, tpdt_enti_pk, tpdt_codigo, tpdt_nombre) VALUES (45170, 'F', 'PR', 20082, 'REG_TBUQUE_EEE', 'Registro de Tipo de Buque EEE');
INSERT INTO portico.tbl_tipo_dato_tpdt (tpdt_pk, tpdt_tipo_html, tpdt_tipo_elemento, tpdt_enti_pk, tpdt_codigo, tpdt_nombre) VALUES (45175, 'F', 'PR', 20083, 'REG_TBUQUE', 'Registro de Tipo de Buque');
INSERT INTO portico.tbl_tipo_dato_tpdt (tpdt_pk, tpdt_tipo_html, tpdt_tipo_elemento, tpdt_enti_pk, tpdt_codigo, tpdt_nombre) VALUES (45180, 'F', 'PR', 20109, 'ALIN', 'Alineación');
INSERT INTO portico.tbl_tipo_dato_tpdt (tpdt_pk, tpdt_tipo_html, tpdt_tipo_elemento, tpdt_enti_pk, tpdt_codigo, tpdt_nombre) VALUES (45181, 'F', 'PR', 20109, 'ALIN_2', 'Alineación 2');
INSERT INTO portico.tbl_tipo_dato_tpdt (tpdt_pk, tpdt_tipo_html, tpdt_tipo_elemento, tpdt_enti_pk, tpdt_codigo, tpdt_nombre) VALUES (45182, 'F', 'PR', 20109, 'ALIN_3', 'Alineación 3');
INSERT INTO portico.tbl_tipo_dato_tpdt (tpdt_pk, tpdt_tipo_html, tpdt_tipo_elemento, tpdt_enti_pk, tpdt_codigo, tpdt_nombre) VALUES (45185, 'S', 'PR', 20088, 'TIPO_RESIDUO', 'Tipo de Residuo');
INSERT INTO portico.tbl_tipo_dato_tpdt (tpdt_pk, tpdt_tipo_html, tpdt_tipo_elemento, tpdt_enti_pk, tpdt_codigo, tpdt_nombre) VALUES (45190, 'F', 'PR', 20091, 'MUELLE', 'Muelle');
INSERT INTO portico.tbl_tipo_dato_tpdt (tpdt_pk, tpdt_tipo_html, tpdt_tipo_elemento, tpdt_enti_pk, tpdt_codigo, tpdt_nombre) VALUES (45195, 'S', 'PR', 20097, 'TIPO_EMB', 'Tipo de Embarcación');
INSERT INTO portico.tbl_tipo_dato_tpdt (tpdt_pk, tpdt_tipo_html, tpdt_tipo_elemento, tpdt_enti_pk, tpdt_codigo, tpdt_nombre) VALUES (45200, 'S', 'PR', 20098, 'TIPO_AMA', 'Tipo de Amarre');
INSERT INTO portico.tbl_tipo_dato_tpdt (tpdt_pk, tpdt_tipo_html, tpdt_tipo_elemento, tpdt_enti_pk, tpdt_codigo, tpdt_nombre) VALUES (45205, 'S', 'PR', 20102, 'MODULO', 'Módulo');
INSERT INTO portico.tbl_tipo_dato_tpdt (tpdt_pk, tpdt_tipo_html, tpdt_tipo_elemento, tpdt_enti_pk, tpdt_codigo, tpdt_nombre) VALUES (45210, 'S', 'PR', 20107, 'AUT_PORT', 'Autoridad Portuaria');
INSERT INTO portico.tbl_tipo_dato_tpdt (tpdt_pk, tpdt_tipo_html, tpdt_tipo_elemento, tpdt_enti_pk, tpdt_codigo, tpdt_nombre) VALUES (45215, 'S', 'PR', 20038, 'ESPECIE_PESCA', 'Especie de Pesca');
INSERT INTO portico.tbl_tipo_dato_tpdt (tpdt_pk, tpdt_tipo_html, tpdt_tipo_elemento, tpdt_enti_pk, tpdt_codigo, tpdt_nombre) VALUES (45220, 'F', 'PR', 20108, 'COMPRADOR_PESCA', 'Comprador de Pesca');
INSERT INTO portico.tbl_tipo_dato_tpdt (tpdt_pk, tpdt_tipo_html, tpdt_tipo_elemento, tpdt_enti_pk, tpdt_codigo, tpdt_nombre) VALUES (45225, 'S', 'PR', 20031, 'PRESENT_PESCA', 'Presentación de Pesca');
INSERT INTO portico.tbl_tipo_dato_tpdt (tpdt_pk, tpdt_tipo_html, tpdt_tipo_elemento, tpdt_enti_pk, tpdt_codigo, tpdt_nombre) VALUES (45230, 'S', 'PR', 20085, 'TIPO_BUQUE_GT', 'Tipo de Buque GT');
INSERT INTO portico.tbl_tipo_dato_tpdt (tpdt_pk, tpdt_tipo_html, tpdt_tipo_elemento, tpdt_enti_pk, tpdt_codigo, tpdt_nombre) VALUES (45235, 'S', 'PR', 20065, 'TIPO_NAV', 'Tipo de Navegación');
INSERT INTO portico.tbl_tipo_dato_tpdt (tpdt_pk, tpdt_tipo_html, tpdt_tipo_elemento, tpdt_enti_pk, tpdt_codigo, tpdt_nombre) VALUES (45236, 'S', 'PR', 20065, 'TIPO_NAV_2', 'Tipo de Navegación 2');
INSERT INTO portico.tbl_tipo_dato_tpdt (tpdt_pk, tpdt_tipo_html, tpdt_tipo_elemento, tpdt_enti_pk, tpdt_codigo, tpdt_nombre) VALUES (45240, 'F', 'PR', 20086, 'SERV_TRAF', 'Servicio de Tráfico');
INSERT INTO portico.tbl_tipo_dato_tpdt (tpdt_pk, tpdt_tipo_html, tpdt_tipo_elemento, tpdt_enti_pk, tpdt_codigo, tpdt_nombre) VALUES (45245, 'S', 'PR', 20003, 'ACUERDO', 'Acuerdo');
INSERT INTO portico.tbl_tipo_dato_tpdt (tpdt_pk, tpdt_tipo_html, tpdt_tipo_elemento, tpdt_enti_pk, tpdt_codigo, tpdt_nombre) VALUES (45250, 'S', 'PR', 20020, 'TIPO_SUP', 'Tipo de Superficie');
INSERT INTO portico.tbl_tipo_dato_tpdt (tpdt_pk, tpdt_tipo_html, tpdt_tipo_elemento, tpdt_enti_pk, tpdt_codigo, tpdt_nombre) VALUES (45255, 'S', 'PR', 20021, 'GRUPO_ZONA', 'Grupo Zona');
INSERT INTO portico.tbl_tipo_dato_tpdt (tpdt_pk, tpdt_tipo_html, tpdt_tipo_elemento, tpdt_enti_pk, tpdt_codigo, tpdt_nombre) VALUES (45260, 'S', 'PR', 20111, 'ZONA_DEP', 'Zona de Depósito');
INSERT INTO portico.tbl_tipo_dato_tpdt (tpdt_pk, tpdt_tipo_html, tpdt_tipo_elemento, tpdt_enti_pk, tpdt_codigo, tpdt_nombre) VALUES (45265, 'S', 'PR', 20022, 'UNID_SUP', 'Unidad de Superficie');
INSERT INTO portico.tbl_tipo_dato_tpdt (tpdt_pk, tpdt_tipo_html, tpdt_tipo_elemento, tpdt_enti_pk, tpdt_codigo, tpdt_nombre) VALUES (45270, 'S', 'PR', 20023, 'TIPO_OP_SUP', 'Tipo de Operación de Superficie');
INSERT INTO portico.tbl_tipo_dato_tpdt (tpdt_pk, tpdt_tipo_html, tpdt_tipo_elemento, tpdt_enti_pk, tpdt_codigo, tpdt_nombre) VALUES (45275, 'S', 'PR', 20024, 'TIPO_SUM', 'Tipo de Suministro');
INSERT INTO portico.tbl_tipo_dato_tpdt (tpdt_pk, tpdt_tipo_html, tpdt_tipo_elemento, tpdt_enti_pk, tpdt_codigo, tpdt_nombre) VALUES (45285, 'S', 'PR', 20050, 'TIPO_OP_BL', 'Tipo de Operación BL');
INSERT INTO portico.tbl_tipo_dato_tpdt (tpdt_pk, tpdt_tipo_html, tpdt_tipo_elemento, tpdt_enti_pk, tpdt_codigo, tpdt_nombre) VALUES (45290, 'F', 'PR', 20049, 'MERCANCIA', 'Mercancía');
INSERT INTO portico.tbl_tipo_dato_tpdt (tpdt_pk, tpdt_tipo_html, tpdt_tipo_elemento, tpdt_enti_pk, tpdt_codigo, tpdt_nombre) VALUES (45300, 'S', 'PR', 20061, 'INST_ESP', 'Inst. Especial');
INSERT INTO portico.tbl_tipo_dato_tpdt (tpdt_pk, tpdt_tipo_html, tpdt_tipo_elemento, tpdt_enti_pk, tpdt_codigo, tpdt_nombre) VALUES (45305, 'S', 'PR', 20055, 'TERMINAL', 'Terminal');
INSERT INTO portico.tbl_tipo_dato_tpdt (tpdt_pk, tpdt_tipo_html, tpdt_tipo_elemento, tpdt_enti_pk, tpdt_codigo, tpdt_nombre) VALUES (45310, 'S', 'PR', 20052, 'TIPO_DOC_AEAT', 'Tipo de Documento AEAT');
INSERT INTO portico.tbl_tipo_dato_tpdt (tpdt_pk, tpdt_tipo_html, tpdt_tipo_elemento, tpdt_enti_pk, tpdt_codigo, tpdt_nombre) VALUES (45315, 'S', 'PR', 20060, 'INST_MARC', 'Instrucción de Marcaje');
INSERT INTO portico.tbl_tipo_dato_tpdt (tpdt_pk, tpdt_tipo_html, tpdt_tipo_elemento, tpdt_enti_pk, tpdt_codigo, tpdt_nombre) VALUES (45320, 'F', 'PR', 20058, 'MERC_PELIG', 'Mercancías Peligrosas');
INSERT INTO portico.tbl_tipo_dato_tpdt (tpdt_pk, tpdt_tipo_html, tpdt_tipo_elemento, tpdt_enti_pk, tpdt_codigo, tpdt_nombre) VALUES (45325, 'F', 'PR', 20051, 'TIPO_EQUI', 'Tipo de Equipamiento');
INSERT INTO portico.tbl_tipo_dato_tpdt (tpdt_pk, tpdt_tipo_html, tpdt_tipo_elemento, tpdt_enti_pk, tpdt_codigo, tpdt_nombre) VALUES (45330, 'S', 'PR', 20059, 'MARCA_VEHIC', 'Marca de Vehículo');
INSERT INTO portico.tbl_tipo_dato_tpdt (tpdt_pk, tpdt_tipo_html, tpdt_tipo_elemento, tpdt_enti_pk, tpdt_codigo, tpdt_nombre) VALUES (45335, 'S', 'PR', 20056, 'RECEPTOR', 'Receptor');
INSERT INTO portico.tbl_tipo_dato_tpdt (tpdt_pk, tpdt_tipo_html, tpdt_tipo_elemento, tpdt_enti_pk, tpdt_codigo, tpdt_nombre) VALUES (45345, 'F', 'PR', 20053, 'TIPO_BULTO', 'Tipo de Bulto');
INSERT INTO portico.tbl_tipo_dato_tpdt (tpdt_pk, tpdt_tipo_html, tpdt_tipo_elemento, tpdt_enti_pk, tpdt_codigo, tpdt_nombre) VALUES (45350, 'S', 'PR', 20057, 'MODO_TRANS_EDI', 'Modo de transporte EDI');
INSERT INTO portico.tbl_tipo_dato_tpdt (tpdt_pk, tpdt_tipo_html, tpdt_tipo_elemento, tpdt_enti_pk, tpdt_codigo, tpdt_nombre) VALUES (45360, 'S', 'PR', 20068, 'DESC_ADIC', 'Descuento Adicional');
INSERT INTO portico.tbl_tipo_dato_tpdt (tpdt_pk, tpdt_tipo_html, tpdt_tipo_elemento, tpdt_enti_pk, tpdt_codigo, tpdt_nombre) VALUES (45365, 'S', 'PR', 20054, 'REC_ADU', 'Recinto Aduanero');
INSERT INTO portico.tbl_tipo_dato_tpdt (tpdt_pk, tpdt_tipo_html, tpdt_tipo_elemento, tpdt_enti_pk, tpdt_codigo, tpdt_nombre) VALUES (45370, 'S', 'PR', 20064, 'TIPO_OP_MERC', 'Tipo de Operación de Mercancía');
INSERT INTO portico.tbl_tipo_dato_tpdt (tpdt_pk, tpdt_tipo_html, tpdt_tipo_elemento, tpdt_enti_pk, tpdt_codigo, tpdt_nombre) VALUES (45380, 'S', 'PR', 20096, 'TIPO_ATR', 'Tipo de Atraque');
INSERT INTO portico.tbl_tipo_dato_tpdt (tpdt_pk, tpdt_tipo_html, tpdt_tipo_elemento, tpdt_enti_pk, tpdt_codigo, tpdt_nombre) VALUES (45381, 'S', 'PR', 20096, 'TIPO_ATR_2', 'Tipo de Atraque 2');
INSERT INTO portico.tbl_tipo_dato_tpdt (tpdt_pk, tpdt_tipo_html, tpdt_tipo_elemento, tpdt_enti_pk, tpdt_codigo, tpdt_nombre) VALUES (45382, 'S', 'PR', 20096, 'TIPO_ATR_3', 'Tipo de Atraque 3');
INSERT INTO portico.tbl_tipo_dato_tpdt (tpdt_pk, tpdt_tipo_html, tpdt_tipo_elemento, tpdt_enti_pk, tpdt_codigo, tpdt_nombre) VALUES (45385, 'S', 'PR', 20112, 'TIPO_MERC', 'Tipo de Mercancía');
INSERT INTO portico.tbl_tipo_dato_tpdt (tpdt_pk, tpdt_tipo_html, tpdt_tipo_elemento, tpdt_enti_pk, tpdt_codigo, tpdt_nombre) VALUES (45390, 'S', 'PR', 20025, 'TIPO_GASTO_SUM', 'Tipo de Gasto (Sum)');
INSERT INTO portico.tbl_tipo_dato_tpdt (tpdt_pk, tpdt_tipo_html, tpdt_tipo_elemento, tpdt_enti_pk, tpdt_codigo, tpdt_nombre) VALUES (45395, 'S', 'PR', 20113, 'CONTADOR_SUM', 'Contador (Sum)');
INSERT INTO portico.tbl_tipo_dato_tpdt (tpdt_pk, tpdt_tipo_html, tpdt_tipo_elemento, tpdt_enti_pk, tpdt_codigo, tpdt_nombre) VALUES (45400, 'S', 'PR', 20026, 'TIPO_CONT', 'Tipo de Contador');
INSERT INTO portico.tbl_tipo_dato_tpdt (tpdt_pk, tpdt_tipo_html, tpdt_tipo_elemento, tpdt_enti_pk, tpdt_codigo, tpdt_nombre) VALUES (45405, 'S', 'PR', 20114, 'PUNTO_RED', 'Punto de Red (Maestro)');
INSERT INTO portico.tbl_tipo_dato_tpdt (tpdt_pk, tpdt_tipo_html, tpdt_tipo_elemento, tpdt_enti_pk, tpdt_codigo, tpdt_nombre) VALUES (45410, 'S', 'PR', 20115, 'TIPO_ATR_EDI', 'Tipo de Atraque EDI');
INSERT INTO portico.tbl_tipo_dato_tpdt (tpdt_pk, tpdt_tipo_html, tpdt_tipo_elemento, tpdt_enti_pk, tpdt_codigo, tpdt_nombre) VALUES (45411, 'S', 'PR', 20115, 'TIPO_ATR_EDI_2', 'Tipo de Atraque EDI 2');
INSERT INTO portico.tbl_tipo_dato_tpdt (tpdt_pk, tpdt_tipo_html, tpdt_tipo_elemento, tpdt_enti_pk, tpdt_codigo, tpdt_nombre) VALUES (45412, 'S', 'PR', 20115, 'TIPO_ATR_EDI_3', 'Tipo de Atraque EDI 3');
INSERT INTO portico.tbl_tipo_dato_tpdt (tpdt_pk, tpdt_tipo_html, tpdt_tipo_elemento, tpdt_enti_pk, tpdt_codigo, tpdt_nombre) VALUES (45415, 'S', 'PR', 20017, 'TIPO_MOV_AMA', 'Tipo de Movimiento de Amarre');
INSERT INTO portico.tbl_tipo_dato_tpdt (tpdt_pk, tpdt_tipo_html, tpdt_tipo_elemento, tpdt_enti_pk, tpdt_codigo, tpdt_nombre) VALUES (45420, 'S', 'PR', 20016, 'TIPO_MED_AMA', 'Tipo de Medio de Amarre');
INSERT INTO portico.tbl_tipo_dato_tpdt (tpdt_pk, tpdt_tipo_html, tpdt_tipo_elemento, tpdt_enti_pk, tpdt_codigo, tpdt_nombre) VALUES (45425, 'S', 'PR', 20027, 'TIPO_MANIOBRA_PRAC', 'Tipo de Maniobra de Practicaje');
INSERT INTO portico.tbl_tipo_dato_tpdt (tpdt_pk, tpdt_tipo_html, tpdt_tipo_elemento, tpdt_enti_pk, tpdt_codigo, tpdt_nombre) VALUES (45430, 'S', 'PR', 20062, 'PROVINCIA', 'Provincia');
INSERT INTO portico.tbl_tipo_dato_tpdt (tpdt_pk, tpdt_tipo_html, tpdt_tipo_elemento, tpdt_enti_pk, tpdt_codigo, tpdt_nombre) VALUES (45435, 'F', 'PR', 20116, 'MUNICIPIO', 'Municipio');
INSERT INTO portico.tbl_tipo_dato_tpdt (tpdt_pk, tpdt_tipo_html, tpdt_tipo_elemento, tpdt_enti_pk, tpdt_codigo, tpdt_nombre) VALUES (45440, 'S', 'PR', 20089, 'SUBT_RES', 'Subtipo de Residuo');
INSERT INTO portico.tbl_tipo_dato_tpdt (tpdt_pk, tpdt_tipo_html, tpdt_tipo_elemento, tpdt_enti_pk, tpdt_codigo, tpdt_nombre) VALUES (45445, 'S', 'PR', 20117, 'TIPO_BUQUE_GT_EEE', 'Tipo de Buque GT EEE');
INSERT INTO portico.tbl_tipo_dato_tpdt (tpdt_pk, tpdt_tipo_html, tpdt_tipo_elemento, tpdt_enti_pk, tpdt_codigo, tpdt_nombre) VALUES (45450, 'S', 'PR', 20118, 'AMARRE_DEP', 'Amarre Dep.');
INSERT INTO portico.tbl_tipo_dato_tpdt (tpdt_pk, tpdt_tipo_html, tpdt_tipo_elemento, tpdt_enti_pk, tpdt_codigo, tpdt_nombre) VALUES (45451, 'S', 'PR', 20118, 'AMARRE_DEP_2', 'Amarre Dep. 2');
INSERT INTO portico.tbl_tipo_dato_tpdt (tpdt_pk, tpdt_tipo_html, tpdt_tipo_elemento, tpdt_enti_pk, tpdt_codigo, tpdt_nombre) VALUES (45455, 'S', 'PR', 20101, 'INSTALACION_DEP', 'Instalación Dep.');
INSERT INTO portico.tbl_tipo_dato_tpdt (tpdt_pk, tpdt_tipo_html, tpdt_tipo_elemento, tpdt_enti_pk, tpdt_codigo, tpdt_nombre) VALUES (45460, 'S', 'PR', 20110, 'REDES', 'Red');
INSERT INTO portico.tbl_tipo_dato_tpdt (tpdt_pk, tpdt_tipo_html, tpdt_tipo_elemento, tpdt_enti_pk, tpdt_codigo, tpdt_nombre) VALUES (45465, 'S', 'PR', 20100, 'INSTALACION_DEP_AUT', 'Instalación Dep. Aut.');
INSERT INTO portico.tbl_tipo_dato_tpdt (tpdt_pk, tpdt_tipo_html, tpdt_tipo_elemento, tpdt_enti_pk, tpdt_codigo, tpdt_nombre) VALUES (45470, 'S', 'PR', 20120, 'EMBARCACION_DEP', 'Embarcación Dep.');
INSERT INTO portico.tbl_tipo_dato_tpdt (tpdt_pk, tpdt_tipo_html, tpdt_tipo_elemento, tpdt_enti_pk, tpdt_codigo, tpdt_nombre) VALUES (45475, 'S', 'PR', 20121, 'EMBARCACION_DEP_AUT', 'Embarcación Dep. Aut.');













-- //@UNDO
-- SQL to undo the change goes here.

DELETE FROM portico.tbl_proceso_archivo_prar;
DELETE FROM portico.tbl_proceso_item_prit;
DELETE FROM portico.tbl_proceso_mensaje_prmn;
DELETE FROM portico.tbl_proceso_parametro_prpm;
DELETE FROM portico.tbl_proceso_batch_prbt;



-- Tipos de dato - Tipos de Servicio
DELETE FROM portico.tbl_tipo_dato_tpdt
WHERE tpdt_pk IN (
	47000
	, 47001
);

-- Tipos de dato - Parametros
DELETE FROM portico.tbl_tipo_dato_tpdt
WHERE tpdt_pk IN (
	45000
	, 45001
	, 45002
	, 45005
	, 45006
	, 45010
	, 45015
	, 45020
	, 45025
	, 45030
	, 45031
	, 45035
	, 45036
	, 45037
	, 45040
	, 45045
	, 45050
	, 45055
	, 45056
	, 45057
	, 45058
	, 45059
	, 45060
	, 45065
	, 45070
	, 45075
	, 45080
	, 45085
	, 45090
	, 45095
	, 45100
	, 45105
	, 45110
	, 45115
	, 45120
	, 45125
	, 45130
	, 45135
	, 45140
	, 45145
	, 45150
	, 45155
	, 45160
	, 45165
	, 45170
	, 45175
	, 45180
	, 45181
	, 45182
	, 45185
	, 45190
	, 45195
	, 45200
	, 45205
	, 45210
	, 45215
	, 45220
	, 45225
	, 45230
	, 45235
	, 45236
	, 45240
	, 45245
	, 45250
	, 45255
	, 45260
	, 45265
	, 45270
	, 45275
	, 45285
	, 45290
	, 45300
	, 45305
	, 45310
	, 45315
	, 45320
	, 45325
	, 45330
	, 45335
	, 45345
	, 45350
	, 45360
	, 45365
	, 45370
	, 45380
	, 45381
	, 45382
	, 45385
	, 45390
	, 45395
	, 45400
	, 45405
	, 45410
	, 45411
	, 45412
	, 45415
	, 45420
	, 45425
	, 45430
	, 45435
	, 45440
	, 45445
	, 45450
	, 45451
	, 45455
	, 45460
	, 45465
	, 45470
	, 45475
);









-- Entidades - Estadistica
DELETE FROM portico.tbl_tipo_estadistica_tpes
WHERE tpes_pk IN (
	23000
	, 23001
	, 23002
	, 23003
	, 23004
	, 23005
	, 23006
	, 23007
);

DELETE FROM portico.tbl_entidad_enti
WHERE enti_pk IN (
	23000
	, 23001
	, 23002
	, 23003
	, 23004
	, 23005
	, 23006
	, 23007
);






-- Entidades - Tipos de Servicio y sus subservicios
DELETE FROM portico.tbl_entidad_entidad_enen
WHERE enen_entih_pk IN (
	21001
	, 22001
	, 21002
	, 22002
	, 22003
	, 22004
	, 22005
	, 22006
	, 22007
	, 22008
	, 22009
	, 22010
	, 21003
	, 22011
	, 22015
	, 22016
	, 22012
	, 21004
	, 21005
	, 22013
	, 22014
	, 21007
	, 22018
	, 21008
	, 22019
	, 21009
	, 21010
);

DELETE FROM portico.tbl_entidad_accion_enac
WHERE enac_enti_pk IN (
	21001
	, 22001
	, 21002
	, 22002
	, 22003
	, 22004
	, 22005
	, 22006
	, 22007
	, 22008
	, 22009
	, 22010
	, 21003
	, 22011
	, 22015
	, 22016
	, 22012
	, 21004
	, 21005
	, 22013
	, 22014
	, 21007
	, 22018
	, 21008
	, 22019
	, 21009
	, 21010
);

DELETE FROM portico.tbl_tipo_subservicio_tpss
WHERE tpss_pk IN (
	21001
	, 22001
	, 21002
	, 22002
	, 22003
	, 22004
	, 22005
	, 22006
	, 22007
	, 22008
	, 22009
	, 22010
	, 21003
	, 22011
	, 22015
	, 22016
	, 22012
	, 21004
	, 21005
	, 22013
	, 22014
	, 21007
	, 22018
	, 21008
	, 22019
	, 21009
	, 21010
);

DELETE FROM portico.tbl_tipo_servicio_tpsr
WHERE tpsr_pk IN (
	21001
	, 22001
	, 21002
	, 22002
	, 22003
	, 22004
	, 22005
	, 22006
	, 22007
	, 22008
	, 22009
	, 22010
	, 21003
	, 22011
	, 22015
	, 22016
	, 22012
	, 21004
	, 21005
	, 22013
	, 22014
	, 21007
	, 22018
	, 21008
	, 22019
	, 21009
	, 21010
);

DELETE FROM portico.tbl_entidad_enti
WHERE enti_pk IN (
	21001
	, 22001
	, 21002
	, 22002
	, 22003
	, 22004
	, 22005
	, 22006
	, 22007
	, 22008
	, 22009
	, 22010
	, 21003
	, 22011
	, 22015
	, 22016
	, 22012
	, 21004
	, 21005
	, 22013
	, 22014
	, 21007
	, 22018
	, 21008
	, 22019
	, 21009
	, 21010
);






-- Entidades - Subtipos de parametro
DELETE FROM portico.tbl_entidad_entidad_enen
WHERE enen_entih_pk IN (
24000
	, 24001
	, 24002
	, 24003
	, 24004
	, 24010
	, 24011
	, 24012
	, 24013
	, 24014
	, 24015
	, 24016
);

DELETE FROM portico.tbl_tipo_subparametro_tpsp
WHERE tpsp_pk IN (
24000
	, 24001
	, 24002
	, 24003
	, 24004
	, 24010
	, 24011
	, 24012
	, 24013
	, 24014
	, 24015
	, 24016
);

DELETE FROM portico.tbl_entidad_enti
WHERE enti_pk IN (
24000
	, 24001
	, 24002
	, 24003
	, 24004
	, 24010
	, 24011
	, 24012
	, 24013
	, 24014
	, 24015
	, 24016
);




-- Entidades - Tipos de parametro
DELETE FROM portico.tbl_tipo_parametro_tppr
WHERE tppr_pk IN (
	20001
	, 20002
	, 20003
	, 20004
	, 20005
	, 20006
	, 20007
	, 20008
	, 20009
	, 20010
	, 20011
	, 20012
	, 20013
	, 20014
	, 20015
	, 20016
	, 20017
	, 20018
	, 20019
	, 20020
	, 20021
	, 20022
	, 20023
	, 20024
	, 20025
	, 20026
	, 20027
	, 20028
	, 20029
	, 20030
	, 20031
	, 20032
	, 20033
	, 20034
	, 20035
	, 20036
	, 20037
	, 20038
	, 20039
	, 20040
	, 20041
	, 20042
	, 20043
	, 20044
	, 20045
	, 20046
	, 20047
	, 20048
	, 20049
	, 20050
	, 20051
	, 20052
	, 20053
	, 20054
	, 20055
	, 20056
	, 20057
	, 20058
	, 20059
	, 20060
	, 20061
	, 20062
	, 20063
	, 20064
	, 20065
	, 20066
	, 20067
	, 20068
	, 20069
	, 20070
	, 20071
	, 20072
	, 20073
	, 20074
	, 20075
	, 20076
	, 20077
	, 20078
	, 20079
	, 20080
	, 20081
	, 20082
	, 20083
	, 20084
	, 20085
	, 20086
	, 20087
	, 20088
	, 20089
	, 20090
	, 20091
	, 20093
	, 20094
	, 20095
	, 20096
	, 20097
	, 20098
	, 20099
	, 20100
	, 20101
	, 20102
	, 20103
	, 20104
	, 20105
	, 20106
	, 20107
	, 20108
	, 20109
	, 20110
	, 20111
	, 20112
	, 20113
	, 20114
	, 20115
	, 20116
	, 20117
	, 20118
	, 20119
	, 20120
	, 20121
);

DELETE FROM portico.tbl_entidad_enti
WHERE enti_pk IN (
	20001
	, 20002
	, 20003
	, 20004
	, 20005
	, 20006
	, 20007
	, 20008
	, 20009
	, 20010
	, 20011
	, 20012
	, 20013
	, 20014
	, 20015
	, 20016
	, 20017
	, 20018
	, 20019
	, 20020
	, 20021
	, 20022
	, 20023
	, 20024
	, 20025
	, 20026
	, 20027
	, 20028
	, 20029
	, 20030
	, 20031
	, 20032
	, 20033
	, 20034
	, 20035
	, 20036
	, 20037
	, 20038
	, 20039
	, 20040
	, 20041
	, 20042
	, 20043
	, 20044
	, 20045
	, 20046
	, 20047
	, 20048
	, 20049
	, 20050
	, 20051
	, 20052
	, 20053
	, 20054
	, 20055
	, 20056
	, 20057
	, 20058
	, 20059
	, 20060
	, 20061
	, 20062
	, 20063
	, 20064
	, 20065
	, 20066
	, 20067
	, 20068
	, 20069
	, 20070
	, 20071
	, 20072
	, 20073
	, 20074
	, 20075
	, 20076
	, 20077
	, 20078
	, 20079
	, 20080
	, 20081
	, 20082
	, 20083
	, 20084
	, 20085
	, 20086
	, 20087
	, 20088
	, 20089
	, 20090
	, 20091
	, 20093
	, 20094
	, 20095
	, 20096
	, 20097
	, 20098
	, 20099
	, 20100
	, 20101
	, 20102
	, 20103
	, 20104
	, 20105
	, 20106
	, 20107
	, 20108
	, 20109
	, 20110
	, 20111
	, 20112
	, 20113
	, 20114
	, 20115
	, 20116
	, 20117
	, 20118
	, 20119
	, 20120
	, 20121
);




-- Tipos de Dato - Codigos de Referencia
DELETE FROM portico.tbl_codigo_ref_i18n_cdri
WHERE EXISTS (
	SELECT 1 FROM portico.tbl_codigo_ref_cdrf
	WHERE cdrf_pk = cdri_cdrf_pk
		AND cdrf_tpdt_pk IN (
			43000
			, 43005
			, 43010
			, 43015
			, 43020
			, 43025
			, 43030
			, 43035
			, 43040
			, 43045
			, 43050
			, 43055
			, 43060
			, 43065
			, 43070
			, 43075
			, 43080
			, 43085
			, 43090
			, 43100
			, 43105
			, 43110
			, 43115
			, 43120
			, 43121
			, 43122
			, 43125
			, 43130
			, 43135
			, 43140
			, 43145
			, 43150
			, 43155
			, 43160
			, 43165
			, 43170
			, 43175
			, 43180
			, 43185
			, 43190
			, 43195
			, 43200
			, 43205
			, 43210
			, 43215
			, 43220
			, 43225
			, 43230
			, 43235
			, 43240
			, 43245
			, 43250
			, 43255
			, 43260
			, 43265
			, 43270
			, 43275
			, 43280
			, 43285
			, 43290
			, 43295
			, 43300
			, 43305
			, 43310
			, 43315
			, 43320
			, 43325
			, 43330
			, 43335
			, 43340
			, 43345
			, 43350
			, 43355
			, 43360
			, 43365
			, 43370
			, 43375
			, 43380
			, 43385
			, 43390
			, 43395
			, 43400
			, 43405
			, 43410
			, 43415
			, 43420
			, 43425
			, 43430
			, 43435
			, 43440
			, 43445
			, 43450
			, 43455
			, 43460
			, 43465
			, 43470
			, 43475
			, 43480
			, 43485
			, 43490
			, 43495
			, 43515
			, 43520
			, 43525
			, 43526
			, 43527
			, 43540
			, 43545
			, 43550
		)
)
;

DELETE FROM portico.tbl_codigo_ref_cdrf
WHERE cdrf_tpdt_pk IN (
	43000
	, 43005
	, 43010
	, 43015
	, 43020
	, 43025
	, 43030
	, 43035
	, 43040
	, 43045
	, 43050
	, 43055
	, 43060
	, 43065
	, 43070
	, 43075
	, 43080
	, 43085
	, 43090
	, 43100
	, 43105
	, 43110
	, 43115
	, 43120
	, 43121
	, 43122
	, 43125
	, 43130
	, 43135
	, 43140
	, 43145
	, 43150
	, 43155
	, 43160
	, 43165
	, 43170
	, 43175
	, 43180
	, 43185
	, 43190
	, 43195
	, 43200
	, 43205
	, 43210
	, 43215
	, 43220
	, 43225
	, 43230
	, 43235
	, 43240
	, 43245
	, 43250
	, 43255
	, 43260
	, 43265
	, 43270
	, 43275
	, 43280
	, 43285
	, 43290
	, 43295
	, 43300
	, 43305
	, 43310
	, 43315
	, 43320
	, 43325
	, 43330
	, 43335
	, 43340
	, 43345
	, 43350
	, 43355
	, 43360
	, 43365
	, 43370
	, 43375
	, 43380
	, 43385
	, 43390
	, 43395
	, 43400
	, 43405
	, 43410
	, 43415
	, 43420
	, 43425
	, 43430
	, 43435
	, 43440
	, 43445
	, 43450
	, 43455
	, 43460
	, 43465
	, 43470
	, 43475
	, 43480
	, 43485
	, 43490
	, 43495
	, 43515
	, 43520
	, 43525
	, 43526
	, 43527
	, 43540
	, 43545
	, 43550
);

DELETE FROM portico.tbl_tipo_dato_tpdt
WHERE tpdt_pk IN (
	43000
	, 43005
	, 43010
	, 43015
	, 43020
	, 43025
	, 43030
	, 43035
	, 43040
	, 43045
	, 43050
	, 43055
	, 43060
	, 43065
	, 43070
	, 43075
	, 43080
	, 43085
	, 43090
	, 43100
	, 43105
	, 43110
	, 43115
	, 43120
	, 43121
	, 43122
	, 43125
	, 43130
	, 43135
	, 43140
	, 43145
	, 43150
	, 43155
	, 43160
	, 43165
	, 43170
	, 43175
	, 43180
	, 43185
	, 43190
	, 43195
	, 43200
	, 43205
	, 43210
	, 43215
	, 43220
	, 43225
	, 43230
	, 43235
	, 43240
	, 43245
	, 43250
	, 43255
	, 43260
	, 43265
	, 43270
	, 43275
	, 43280
	, 43285
	, 43290
	, 43295
	, 43300
	, 43305
	, 43310
	, 43315
	, 43320
	, 43325
	, 43330
	, 43335
	, 43340
	, 43345
	, 43350
	, 43355
	, 43360
	, 43365
	, 43370
	, 43375
	, 43380
	, 43385
	, 43390
	, 43395
	, 43400
	, 43405
	, 43410
	, 43415
	, 43420
	, 43425
	, 43430
	, 43435
	, 43440
	, 43445
	, 43450
	, 43455
	, 43460
	, 43465
	, 43470
	, 43475
	, 43480
	, 43485
	, 43490
	, 43495
	, 43515
	, 43520
	, 43525
	, 43526
	, 43527
	, 43540
	, 43545
	, 43550
);




-- Tipos de Dato - Simples
DELETE FROM portico.tbl_tipo_dato_tpdt
WHERE tpdt_pk IN (
	41000
	, 41001
	, 41002
	, 41003
	, 41004
	, 41005
	, 41006
	, 41007
	, 41008
	, 41009
	, 41010
	, 41011
	, 41012
	, 41013
	, 41014
	, 41015
	, 41016
	, 41017
	, 41018
	, 41019

	, 41020
	, 41021
	, 41022
	, 41023
	, 41024
	, 41025
	, 41026
	, 41027
	, 41028
	, 41029
	, 41030
	, 41031
	, 41032
	, 41033
	, 41034

	, 41040
	, 41041
	, 41042
	, 41043
	, 41044
	, 41045
	, 41046
	, 41047
	, 41048
	, 41049
	, 41050
	, 41051
	, 41052
	, 41053
	, 41054
	, 41055
	, 41056
	, 41057
	, 41058
	, 41059

	, 41060
	, 41061
	, 41062
	, 41063
	, 41064
	, 41065
	, 41066
	, 41067
	, 41068
	, 41069
	, 41070
	, 41071
	, 41072
	, 41073
	, 41074
	, 41075
	, 41076
	, 41077
	, 41078
	, 41079

	, 41080
	, 41081
	, 41082
	, 41083
	, 41084

	, 41100
	, 41101
	, 41102
	, 41103
	, 41104

	, 41120
	, 41121
	, 41122
	, 41123
	, 41124
);

DELETE FROM portico.tbl_ig
WHERE ig_nombre = 'sq_integra';

