-- // 0 0 1 Metamodelo Servicio
-- Migration SQL that makes the change goes here.

-- engd
INSERT INTO tbl_entidad_grupo_dato_engd (engd_pk, engd_enti_pk, engd_orden) VALUES (30000, 21001, 1)\
	INSERT INTO tbl_i18n_i18n (i18n_pref, i18n_lang, i18n_ext_pk, i18n_text) VALUES ('engd', 'es', 30000, 'General')\
INSERT INTO tbl_entidad_grupo_dato_engd (engd_pk, engd_enti_pk, engd_orden) VALUES (30001, 22001, 1)\
	INSERT INTO tbl_i18n_i18n (i18n_pref, i18n_lang, i18n_ext_pk, i18n_text) VALUES ('engd', 'es', 30001, 'General')\
INSERT INTO tbl_entidad_grupo_dato_engd (engd_pk, engd_enti_pk, engd_orden) VALUES (30002, 21002, 1)\
	INSERT INTO tbl_i18n_i18n (i18n_pref, i18n_lang, i18n_ext_pk, i18n_text) VALUES ('engd', 'es', 30002, 'General')\
INSERT INTO tbl_entidad_grupo_dato_engd (engd_pk, engd_enti_pk, engd_orden) VALUES (30003, 22002, 1)\
	INSERT INTO tbl_i18n_i18n (i18n_pref, i18n_lang, i18n_ext_pk, i18n_text) VALUES ('engd', 'es', 30003, 'General')\
INSERT INTO tbl_entidad_grupo_dato_engd (engd_pk, engd_enti_pk, engd_orden) VALUES (30004, 22003, 1)\
	INSERT INTO tbl_i18n_i18n (i18n_pref, i18n_lang, i18n_ext_pk, i18n_text) VALUES ('engd', 'es', 30004, 'General')\
INSERT INTO tbl_entidad_grupo_dato_engd (engd_pk, engd_enti_pk, engd_orden) VALUES (30005, 22004, 1)\
	INSERT INTO tbl_i18n_i18n (i18n_pref, i18n_lang, i18n_ext_pk, i18n_text) VALUES ('engd', 'es', 30005, 'General')\
INSERT INTO tbl_entidad_grupo_dato_engd (engd_pk, engd_enti_pk, engd_orden) VALUES (30029, 22005, 1)\
	INSERT INTO tbl_i18n_i18n (i18n_pref, i18n_lang, i18n_ext_pk, i18n_text) VALUES ('engd', 'es', 30007, 'General')\
INSERT INTO tbl_entidad_grupo_dato_engd (engd_pk, engd_enti_pk, engd_orden) VALUES (30007, 22008, 1)\
	INSERT INTO tbl_i18n_i18n (i18n_pref, i18n_lang, i18n_ext_pk, i18n_text) VALUES ('engd', 'es', 30008, 'General')\
INSERT INTO tbl_entidad_grupo_dato_engd (engd_pk, engd_enti_pk, engd_orden) VALUES (30008, 22009, 1)\
	INSERT INTO tbl_i18n_i18n (i18n_pref, i18n_lang, i18n_ext_pk, i18n_text) VALUES ('engd', 'es', 30009, 'General')\
INSERT INTO tbl_entidad_grupo_dato_engd (engd_pk, engd_enti_pk, engd_orden) VALUES (30009, 22010, 1)\
	INSERT INTO tbl_i18n_i18n (i18n_pref, i18n_lang, i18n_ext_pk, i18n_text) VALUES ('engd', 'es', 30010, 'General')\
INSERT INTO tbl_entidad_grupo_dato_engd (engd_pk, engd_enti_pk, engd_orden) VALUES (30010, 22006, 1)\
	INSERT INTO tbl_i18n_i18n (i18n_pref, i18n_lang, i18n_ext_pk, i18n_text) VALUES ('engd', 'es', 30011, 'General')\
INSERT INTO tbl_entidad_grupo_dato_engd (engd_pk, engd_enti_pk, engd_orden) VALUES (30011, 22007, 1)\
	INSERT INTO tbl_i18n_i18n (i18n_pref, i18n_lang, i18n_ext_pk, i18n_text) VALUES ('engd', 'es', 30012, 'General')\
INSERT INTO tbl_entidad_grupo_dato_engd (engd_pk, engd_enti_pk, engd_orden) VALUES (30012, 21003, 1)\
	INSERT INTO tbl_i18n_i18n (i18n_pref, i18n_lang, i18n_ext_pk, i18n_text) VALUES ('engd', 'es', 30013, 'General')\
INSERT INTO tbl_entidad_grupo_dato_engd (engd_pk, engd_enti_pk, engd_orden) VALUES (30013, 22011, 1)\
	INSERT INTO tbl_i18n_i18n (i18n_pref, i18n_lang, i18n_ext_pk, i18n_text) VALUES ('engd', 'es', 30017, 'General')\
INSERT INTO tbl_entidad_grupo_dato_engd (engd_pk, engd_enti_pk, engd_orden) VALUES (30017, 22012, 1)\
	INSERT INTO tbl_i18n_i18n (i18n_pref, i18n_lang, i18n_ext_pk, i18n_text) VALUES ('engd', 'es', 30018, 'General')\
INSERT INTO tbl_entidad_grupo_dato_engd (engd_pk, engd_enti_pk, engd_orden) VALUES (30018, 22015, 1)\
	INSERT INTO tbl_i18n_i18n (i18n_pref, i18n_lang, i18n_ext_pk, i18n_text) VALUES ('engd', 'es', 30019, 'General')\
INSERT INTO tbl_entidad_grupo_dato_engd (engd_pk, engd_enti_pk, engd_orden) VALUES (30019, 22016, 1)\
	INSERT INTO tbl_i18n_i18n (i18n_pref, i18n_lang, i18n_ext_pk, i18n_text) VALUES ('engd', 'es', 30020, 'General')\
INSERT INTO tbl_entidad_grupo_dato_engd (engd_pk, engd_enti_pk, engd_orden) VALUES (30020, 21005, 1)\
	INSERT INTO tbl_i18n_i18n (i18n_pref, i18n_lang, i18n_ext_pk, i18n_text) VALUES ('engd', 'es', 30021, 'General')\
INSERT INTO tbl_entidad_grupo_dato_engd (engd_pk, engd_enti_pk, engd_orden) VALUES (30021, 22013, 1)\
	INSERT INTO tbl_i18n_i18n (i18n_pref, i18n_lang, i18n_ext_pk, i18n_text) VALUES ('engd', 'es', 30022, 'General')\
INSERT INTO tbl_entidad_grupo_dato_engd (engd_pk, engd_enti_pk, engd_orden) VALUES (30022, 22014, 1)\
	INSERT INTO tbl_i18n_i18n (i18n_pref, i18n_lang, i18n_ext_pk, i18n_text) VALUES ('engd', 'es', 30023, 'General')\
INSERT INTO tbl_entidad_grupo_dato_engd (engd_pk, engd_enti_pk, engd_orden) VALUES (30023, 21007, 1)\
	INSERT INTO tbl_i18n_i18n (i18n_pref, i18n_lang, i18n_ext_pk, i18n_text) VALUES ('engd', 'es', 30024, 'General')\
INSERT INTO tbl_entidad_grupo_dato_engd (engd_pk, engd_enti_pk, engd_orden) VALUES (30024, 22018, 1)\
	INSERT INTO tbl_i18n_i18n (i18n_pref, i18n_lang, i18n_ext_pk, i18n_text) VALUES ('engd', 'es', 30025, 'General')\
INSERT INTO tbl_entidad_grupo_dato_engd (engd_pk, engd_enti_pk, engd_orden) VALUES (30025, 21008, 1)\
	INSERT INTO tbl_i18n_i18n (i18n_pref, i18n_lang, i18n_ext_pk, i18n_text) VALUES ('engd', 'es', 30026, 'General')\
INSERT INTO tbl_entidad_grupo_dato_engd (engd_pk, engd_enti_pk, engd_orden) VALUES (30026, 22019, 1)\
	INSERT INTO tbl_i18n_i18n (i18n_pref, i18n_lang, i18n_ext_pk, i18n_text) VALUES ('engd', 'es', 30027, 'General')\
INSERT INTO tbl_entidad_grupo_dato_engd (engd_pk, engd_enti_pk, engd_orden) VALUES (30027, 21009, 1)\
	INSERT INTO tbl_i18n_i18n (i18n_pref, i18n_lang, i18n_ext_pk, i18n_text) VALUES ('engd', 'es', 30028, 'General')\
INSERT INTO tbl_entidad_grupo_dato_engd (engd_pk, engd_enti_pk, engd_orden) VALUES (30028, 21010, 1)\
	INSERT INTO tbl_i18n_i18n (i18n_pref, i18n_lang, i18n_ext_pk, i18n_text) VALUES ('engd', 'es', 30029, 'General')\



-- Manifiesto de Pesca
-- Manifiesto de Pesca
INSERT INTO tbl_entidad_tipo_dato_entd (entd_pk, entd_enti_pk, entd_tpdt_pk, entd_grupo, entd_fila, entd_orden, entd_span, entd_obligatorio, entd_gridable, entd_filtrable, entd_valor_defecto)
VALUES (31000, 21001, 45105, 1, 1, 1,  4, 0, 1, 1, NULL)\
	INSERT INTO tbl_i18n_i18n (i18n_pref, i18n_lang, i18n_ext_pk, i18n_text) VALUES ('entd', 'es', 31000, 'Buque')\
INSERT INTO tbl_entidad_tipo_dato_entd (entd_pk, entd_enti_pk, entd_tpdt_pk, entd_grupo, entd_fila, entd_orden, entd_span, entd_obligatorio, entd_gridable, entd_filtrable, entd_valor_defecto)
VALUES (31001, 21001, 43000, 1, 1, 3,  3, 1, 1, 1, NULL)\
	INSERT INTO tbl_i18n_i18n (i18n_pref, i18n_lang, i18n_ext_pk, i18n_text) VALUES ('entd', 'es', 31001, 'Cod. Exención')\
INSERT INTO tbl_entidad_tipo_dato_entd (entd_pk, entd_enti_pk, entd_tpdt_pk, entd_grupo, entd_fila, entd_orden, entd_span, entd_obligatorio, entd_gridable, entd_filtrable, entd_valor_defecto)
VALUES (31002, 21001, 45155, 1, 1, 4,  3, 0, 0, 0, NULL)\
	INSERT INTO tbl_i18n_i18n (i18n_pref, i18n_lang, i18n_ext_pk, i18n_text) VALUES ('entd', 'es', 31002, 'Tipo Exención')\
INSERT INTO tbl_entidad_tipo_dato_entd (entd_pk, entd_enti_pk, entd_tpdt_pk, entd_grupo, entd_fila, entd_orden, entd_span, entd_obligatorio, entd_gridable, entd_filtrable, entd_valor_defecto)
VALUES (31003, 21001, 45070, 1, 2, 1,  4, 1, 1, 1, NULL)\
	INSERT INTO tbl_i18n_i18n (i18n_pref, i18n_lang, i18n_ext_pk, i18n_text) VALUES ('entd', 'es', 31003, 'T Operación')\
INSERT INTO tbl_entidad_tipo_dato_entd (entd_pk, entd_enti_pk, entd_tpdt_pk, entd_grupo, entd_fila, entd_orden, entd_span, entd_obligatorio, entd_gridable, entd_filtrable, entd_valor_defecto)
VALUES (31004, 21001, 45035, 1, 2, 2,  4, 1, 1, 1, NULL)\
	INSERT INTO tbl_i18n_i18n (i18n_pref, i18n_lang, i18n_ext_pk, i18n_text) VALUES ('entd', 'es', 31004, 'Vendedor')\
INSERT INTO tbl_entidad_tipo_dato_entd (entd_pk, entd_enti_pk, entd_tpdt_pk, entd_grupo, entd_fila, entd_orden, entd_span, entd_obligatorio, entd_gridable, entd_filtrable, entd_valor_defecto)
VALUES (31005, 21001, 45036, 1, 2, 3,  4, 0, 1, 1, NULL)\
	INSERT INTO tbl_i18n_i18n (i18n_pref, i18n_lang, i18n_ext_pk, i18n_text) VALUES ('entd', 'es', 31005, 'Cliente')\
INSERT INTO tbl_entidad_tipo_dato_entd (entd_pk, entd_enti_pk, entd_tpdt_pk, entd_grupo, entd_fila, entd_orden, entd_span, entd_obligatorio, entd_gridable, entd_filtrable, entd_valor_defecto)
VALUES (31006, 21001, 45075, 1, 3, 1,  3, 0, 1, 1, NULL)\
	INSERT INTO tbl_i18n_i18n (i18n_pref, i18n_lang, i18n_ext_pk, i18n_text) VALUES ('entd', 'es', 31006, 'Tipo Manif.')\
INSERT INTO tbl_entidad_tipo_dato_entd (entd_pk, entd_enti_pk, entd_tpdt_pk, entd_grupo, entd_fila, entd_orden, entd_span, entd_obligatorio, entd_gridable, entd_filtrable, entd_valor_defecto)
VALUES (31007, 21001, 45080, 1, 3, 2,  3, 0, 1, 1, NULL)\
	INSERT INTO tbl_i18n_i18n (i18n_pref, i18n_lang, i18n_ext_pk, i18n_text) VALUES ('entd', 'es', 31007, 'Subtipo Manif.')\
INSERT INTO tbl_entidad_tipo_dato_entd (entd_pk, entd_enti_pk, entd_tpdt_pk, entd_grupo, entd_fila, entd_orden, entd_span, entd_obligatorio, entd_gridable, entd_filtrable, entd_valor_defecto)
VALUES (31008, 21001, 41020, 1, 3, 3,  1, 0, 1, 1, NULL)\
	INSERT INTO tbl_i18n_i18n (i18n_pref, i18n_lang, i18n_ext_pk, i18n_text) VALUES ('entd', 'es', 31008, 'Referencia')\
INSERT INTO tbl_entidad_tipo_dato_entd (entd_pk, entd_enti_pk, entd_tpdt_pk, entd_grupo, entd_fila, entd_orden, entd_span, entd_obligatorio, entd_gridable, entd_filtrable, entd_valor_defecto)
VALUES (31009, 21001, 43005, 1, 4, 1,  2, 1, 1, 1, NULL)\
	INSERT INTO tbl_i18n_i18n (i18n_pref, i18n_lang, i18n_ext_pk, i18n_text) VALUES ('entd', 'es', 31009, 'Orden Venta')\
INSERT INTO tbl_entidad_tipo_dato_entd (entd_pk, entd_enti_pk, entd_tpdt_pk, entd_grupo, entd_fila, entd_orden, entd_span, entd_obligatorio, entd_gridable, entd_filtrable, entd_valor_defecto)
VALUES (31010, 21001, 41040, 1, 4, 2,  2, 1, 1, 0, NULL)\
	INSERT INTO tbl_i18n_i18n (i18n_pref, i18n_lang, i18n_ext_pk, i18n_text) VALUES ('entd', 'es', 31010, 'Peso')\
INSERT INTO tbl_entidad_tipo_dato_entd (entd_pk, entd_enti_pk, entd_tpdt_pk, entd_grupo, entd_fila, entd_orden, entd_span, entd_obligatorio, entd_gridable, entd_filtrable, entd_valor_defecto)
VALUES (31011, 21001, 41041, 1, 4, 3,  2, 1, 1, 0, NULL)\
	INSERT INTO tbl_i18n_i18n (i18n_pref, i18n_lang, i18n_ext_pk, i18n_text) VALUES ('entd', 'es', 31011, 'Imp. Total')\
INSERT INTO tbl_entidad_tipo_dato_entd (entd_pk, entd_enti_pk, entd_tpdt_pk, entd_grupo, entd_fila, entd_orden, entd_span, entd_obligatorio, entd_gridable, entd_filtrable, entd_valor_defecto)
VALUES (31012, 21001, 45040, 1, 4, 4,  2, 1, 1, 0, NULL)\
	INSERT INTO tbl_i18n_i18n (i18n_pref, i18n_lang, i18n_ext_pk, i18n_text) VALUES ('entd', 'es', 31012, 'T. IVA')\
INSERT INTO tbl_entidad_tipo_dato_entd (entd_pk, entd_enti_pk, entd_tpdt_pk, entd_grupo, entd_fila, entd_orden, entd_span, entd_obligatorio, entd_gridable, entd_filtrable, entd_valor_defecto)
VALUES (31013, 21001, 41000, 1, 4, 5,  2, 1, 1, 1, NULL)\
	INSERT INTO tbl_i18n_i18n (i18n_pref, i18n_lang, i18n_ext_pk, i18n_text) VALUES ('entd', 'es', 31013, 'Suj. Pas. Sustituto')\
INSERT INTO tbl_entidad_tipo_dato_entd (entd_pk, entd_enti_pk, entd_tpdt_pk, entd_grupo, entd_fila, entd_orden, entd_span, entd_obligatorio, entd_gridable, entd_filtrable, entd_valor_defecto)
VALUES (31014, 21001, 45180, 1, 5, 1,  4, 0, 1, 1, NULL)\
	INSERT INTO tbl_i18n_i18n (i18n_pref, i18n_lang, i18n_ext_pk, i18n_text) VALUES ('entd', 'es', 31014, 'Alineación')\
INSERT INTO tbl_entidad_tipo_dato_entd (entd_pk, entd_enti_pk, entd_tpdt_pk, entd_grupo, entd_fila, entd_orden, entd_span, entd_obligatorio, entd_gridable, entd_filtrable, entd_valor_defecto)
VALUES (31015, 21001, 45110, 1, 5, 2,  4, 0, 1, 0, NULL)\
	INSERT INTO tbl_i18n_i18n (i18n_pref, i18n_lang, i18n_ext_pk, i18n_text) VALUES ('entd', 'es', 31015, 'Arte de Pesca')\
INSERT INTO tbl_entidad_tipo_dato_entd (entd_pk, entd_enti_pk, entd_tpdt_pk, entd_grupo, entd_fila, entd_orden, entd_span, entd_obligatorio, entd_gridable, entd_filtrable, entd_valor_defecto)
VALUES (31016, 21001, 45065, 1, 5, 3,  4, 0, 1, 0, NULL)\
	INSERT INTO tbl_i18n_i18n (i18n_pref, i18n_lang, i18n_ext_pk, i18n_text) VALUES ('entd', 'es', 31016, 'Zona de Pesca')\
INSERT INTO tbl_entidad_tipo_dato_entd (entd_pk, entd_enti_pk, entd_tpdt_pk, entd_grupo, entd_fila, entd_orden, entd_span, entd_obligatorio, entd_gridable, entd_filtrable, entd_valor_defecto)
VALUES (31017, 21001, 41021, 1, 6, 1,  8, 0, 0, 0, NULL)\
	INSERT INTO tbl_i18n_i18n (i18n_pref, i18n_lang, i18n_ext_pk, i18n_text) VALUES ('entd', 'es', 31017, 'Nombre Fichero')\
INSERT INTO tbl_entidad_tipo_dato_entd (entd_pk, entd_enti_pk, entd_tpdt_pk, entd_grupo, entd_fila, entd_orden, entd_span, entd_obligatorio, entd_gridable, entd_filtrable, entd_valor_defecto)
VALUES (31018, 21001, 41080, 1, 7, 1, 12, 0, 0, 0, NULL)\
	INSERT INTO tbl_i18n_i18n (i18n_pref, i18n_lang, i18n_ext_pk, i18n_text) VALUES ('entd', 'es', 31018, 'Observaciones')\
INSERT INTO tbl_entidad_tipo_dato_entd (entd_pk, entd_enti_pk, entd_tpdt_pk, entd_grupo, entd_fila, entd_orden, entd_span, entd_obligatorio, entd_gridable, entd_filtrable, entd_valor_defecto)
VALUES (31019, 21001, 41081, 1, 8, 1, 12, 0, 0, 0, NULL)\
	INSERT INTO tbl_i18n_i18n (i18n_pref, i18n_lang, i18n_ext_pk, i18n_text) VALUES ('entd', 'es', 31019, 'Observaciones Facturación')\


-- Partida de Pesca
INSERT INTO tbl_entidad_tipo_dato_entd (entd_pk, entd_enti_pk, entd_tpdt_pk, entd_grupo, entd_fila, entd_orden, entd_span, entd_obligatorio, entd_gridable, entd_filtrable, entd_valor_defecto)
VALUES (31030, 22001, 45215, 1, 1, 1, 4, 1, 1, 1, NULL)\
	INSERT INTO tbl_i18n_i18n (i18n_pref, i18n_lang, i18n_ext_pk, i18n_text) VALUES ('entd', 'es', 31030, 'Especie')\
INSERT INTO tbl_entidad_tipo_dato_entd (entd_pk, entd_enti_pk, entd_tpdt_pk, entd_grupo, entd_fila, entd_orden, entd_span, entd_obligatorio, entd_gridable, entd_filtrable, entd_valor_defecto)
VALUES (31031, 22001, 45220, 1, 1, 2, 4, 0, 1, 1, NULL)\
	INSERT INTO tbl_i18n_i18n (i18n_pref, i18n_lang, i18n_ext_pk, i18n_text) VALUES ('entd', 'es', 31031, 'Comprador')\
INSERT INTO tbl_entidad_tipo_dato_entd (entd_pk, entd_enti_pk, entd_tpdt_pk, entd_grupo, entd_fila, entd_orden, entd_span, entd_obligatorio, entd_gridable, entd_filtrable, entd_valor_defecto)
VALUES (31032, 22001, 45225, 1, 2, 1, 4, 1, 1, 1, NULL)\
	INSERT INTO tbl_i18n_i18n (i18n_pref, i18n_lang, i18n_ext_pk, i18n_text) VALUES ('entd', 'es', 31032, 'Presentación')\
INSERT INTO tbl_entidad_tipo_dato_entd (entd_pk, entd_enti_pk, entd_tpdt_pk, entd_grupo, entd_fila, entd_orden, entd_span, entd_obligatorio, entd_gridable, entd_filtrable, entd_valor_defecto)
VALUES (31033, 22001, 43090, 1, 2, 2, 4, 1, 1, 1, NULL)\
	INSERT INTO tbl_i18n_i18n (i18n_pref, i18n_lang, i18n_ext_pk, i18n_text) VALUES ('entd', 'es', 31033, 'Destino')\
INSERT INTO tbl_entidad_tipo_dato_entd (entd_pk, entd_enti_pk, entd_tpdt_pk, entd_grupo, entd_fila, entd_orden, entd_span, entd_obligatorio, entd_gridable, entd_filtrable, entd_valor_defecto)
VALUES (31034, 22001, 41040, 1, 3, 1, 2, 0, 1, 0, NULL)\
	INSERT INTO tbl_i18n_i18n (i18n_pref, i18n_lang, i18n_ext_pk, i18n_text) VALUES ('entd', 'es', 31034, 'Cajas')\
INSERT INTO tbl_entidad_tipo_dato_entd (entd_pk, entd_enti_pk, entd_tpdt_pk, entd_grupo, entd_fila, entd_orden, entd_span, entd_obligatorio, entd_gridable, entd_filtrable, entd_valor_defecto)
VALUES (31035, 22001, 41041, 1, 3, 2, 2, 1, 1, 0, NULL)\
	INSERT INTO tbl_i18n_i18n (i18n_pref, i18n_lang, i18n_ext_pk, i18n_text) VALUES ('entd', 'es', 31035, 'Kilos')\
INSERT INTO tbl_entidad_tipo_dato_entd (entd_pk, entd_enti_pk, entd_tpdt_pk, entd_grupo, entd_fila, entd_orden, entd_span, entd_obligatorio, entd_gridable, entd_filtrable, entd_valor_defecto)
VALUES (31036, 22001, 41042, 1, 3, 3, 2, 0, 1, 0, NULL)\
	INSERT INTO tbl_i18n_i18n (i18n_pref, i18n_lang, i18n_ext_pk, i18n_text) VALUES ('entd', 'es', 31036, 'Precio')\
INSERT INTO tbl_entidad_tipo_dato_entd (entd_pk, entd_enti_pk, entd_tpdt_pk, entd_grupo, entd_fila, entd_orden, entd_span, entd_obligatorio, entd_gridable, entd_filtrable, entd_valor_defecto)
VALUES (31037, 22001, 41043, 1, 3, 4, 2, 1, 1, 0, NULL)\
	INSERT INTO tbl_i18n_i18n (i18n_pref, i18n_lang, i18n_ext_pk, i18n_text) VALUES ('entd', 'es', 31037, 'Importe')\




-- Manifiesto de Mercancia
-- Manifiesto de Mercancia
-- Manifiesto de Mercancia
INSERT INTO tbl_entidad_tipo_dato_entd (entd_pk, entd_enti_pk, entd_tpdt_pk, entd_grupo, entd_fila, entd_orden, entd_span, entd_obligatorio, entd_gridable, entd_filtrable, entd_valor_defecto)
VALUES (31040, 21002, 41100, 1,  2,  2,  2, 0, 1, 1, NULL)\
	INSERT INTO tbl_i18n_i18n (i18n_pref, i18n_lang, i18n_ext_pk, i18n_text) VALUES ('entd', 'es', 31040, 'F. Envío')\
INSERT INTO tbl_entidad_tipo_dato_entd (entd_pk, entd_enti_pk, entd_tpdt_pk, entd_grupo, entd_fila, entd_orden, entd_span, entd_obligatorio, entd_gridable, entd_filtrable, entd_valor_defecto)
VALUES (31041, 21002, 43100, 1,  3,  3,  2, 0, 1, 1, NULL)\
	INSERT INTO tbl_i18n_i18n (i18n_pref, i18n_lang, i18n_ext_pk, i18n_text) VALUES ('entd', 'es', 31041, 'Tipo')\
INSERT INTO tbl_entidad_tipo_dato_entd (entd_pk, entd_enti_pk, entd_tpdt_pk, entd_grupo, entd_fila, entd_orden, entd_span, entd_obligatorio, entd_gridable, entd_filtrable, entd_valor_defecto)
VALUES (31042, 21002, 47001, 1,  3,  4,  2, 0, 1, 1, NULL)\
	INSERT INTO tbl_i18n_i18n (i18n_pref, i18n_lang, i18n_ext_pk, i18n_text) VALUES ('entd', 'es', 31042, 'Escala')\
INSERT INTO tbl_entidad_tipo_dato_entd (entd_pk, entd_enti_pk, entd_tpdt_pk, entd_grupo, entd_fila, entd_orden, entd_span, entd_obligatorio, entd_gridable, entd_filtrable, entd_valor_defecto)
VALUES (31043, 21002, 41000, 1,  4,  4,  1, 1, 1, 1, NULL)\
	INSERT INTO tbl_i18n_i18n (i18n_pref, i18n_lang, i18n_ext_pk, i18n_text) VALUES ('entd', 'es', 31043, 'EDI?')\
INSERT INTO tbl_entidad_tipo_dato_entd (entd_pk, entd_enti_pk, entd_tpdt_pk, entd_grupo, entd_fila, entd_orden, entd_span, entd_obligatorio, entd_gridable, entd_filtrable, entd_valor_defecto)
VALUES (31044, 21002, 41020, 1,  5,  5,  3, 0, 1, 1, NULL)\
	INSERT INTO tbl_i18n_i18n (i18n_pref, i18n_lang, i18n_ext_pk, i18n_text) VALUES ('entd', 'es', 31044, 'Nº EDI')\
INSERT INTO tbl_entidad_tipo_dato_entd (entd_pk, entd_enti_pk, entd_tpdt_pk, entd_grupo, entd_fila, entd_orden, entd_span, entd_obligatorio, entd_gridable, entd_filtrable, entd_valor_defecto)
VALUES (31045, 21002, 41021, 1,  6,  6,  3, 0, 1, 1, NULL)\
	INSERT INTO tbl_i18n_i18n (i18n_pref, i18n_lang, i18n_ext_pk, i18n_text) VALUES ('entd', 'es', 31045, 'Nº Viaje')\
INSERT INTO tbl_entidad_tipo_dato_entd (entd_pk, entd_enti_pk, entd_tpdt_pk, entd_grupo, entd_fila, entd_orden, entd_span, entd_obligatorio, entd_gridable, entd_filtrable, entd_valor_defecto)
VALUES (31046, 21002, 41060, 1,  7,  7,  2, 1, 1, 1, NULL)\
	INSERT INTO tbl_i18n_i18n (i18n_pref, i18n_lang, i18n_ext_pk, i18n_text) VALUES ('entd', 'es', 31046, 'Nº Tramos')\
INSERT INTO tbl_entidad_tipo_dato_entd (entd_pk, entd_enti_pk, entd_tpdt_pk, entd_grupo, entd_fila, entd_orden, entd_span, entd_obligatorio, entd_gridable, entd_filtrable, entd_valor_defecto)
VALUES (31047, 21002, 41061, 1,  8,  8,  2, 0, 1, 1, NULL)\
	INSERT INTO tbl_i18n_i18n (i18n_pref, i18n_lang, i18n_ext_pk, i18n_text) VALUES ('entd', 'es', 31047, 'Días en Puerto')\
INSERT INTO tbl_entidad_tipo_dato_entd (entd_pk, entd_enti_pk, entd_tpdt_pk, entd_grupo, entd_fila, entd_orden, entd_span, entd_obligatorio, entd_gridable, entd_filtrable, entd_valor_defecto)
VALUES (31048, 21002, 41001, 1,  9,  9,  2, 1, 1, 1, NULL)\
	INSERT INTO tbl_i18n_i18n (i18n_pref, i18n_lang, i18n_ext_pk, i18n_text) VALUES ('entd', 'es', 31048, 'Serv. Regular?')\
INSERT INTO tbl_entidad_tipo_dato_entd (entd_pk, entd_enti_pk, entd_tpdt_pk, entd_grupo, entd_fila, entd_orden, entd_span, entd_obligatorio, entd_gridable, entd_filtrable, entd_valor_defecto)
VALUES (31049, 21002, 41002, 1, 10, 10,  2, 1, 1, 1, NULL)\
	INSERT INTO tbl_i18n_i18n (i18n_pref, i18n_lang, i18n_ext_pk, i18n_text) VALUES ('entd', 'es', 31049, 'Rég. Simple?')\
INSERT INTO tbl_entidad_tipo_dato_entd (entd_pk, entd_enti_pk, entd_tpdt_pk, entd_grupo, entd_fila, entd_orden, entd_span, entd_obligatorio, entd_gridable, entd_filtrable, entd_valor_defecto)
VALUES (31050, 21002, 41003, 1, 11, 11,  2, 1, 1, 1, NULL)\
	INSERT INTO tbl_i18n_i18n (i18n_pref, i18n_lang, i18n_ext_pk, i18n_text) VALUES ('entd', 'es', 31050, 'Abarloado?')\
INSERT INTO tbl_entidad_tipo_dato_entd (entd_pk, entd_enti_pk, entd_tpdt_pk, entd_grupo, entd_fila, entd_orden, entd_span, entd_obligatorio, entd_gridable, entd_filtrable, entd_valor_defecto)
VALUES (31051, 21002, 43110, 1, 12, 12,  2, 1, 1, 1, NULL)\
	INSERT INTO tbl_i18n_i18n (i18n_pref, i18n_lang, i18n_ext_pk, i18n_text) VALUES ('entd', 'es', 31051, 'Tipo de Operación')\
INSERT INTO tbl_entidad_tipo_dato_entd (entd_pk, entd_enti_pk, entd_tpdt_pk, entd_grupo, entd_fila, entd_orden, entd_span, entd_obligatorio, entd_gridable, entd_filtrable, entd_valor_defecto)
VALUES (31052, 21002, 43330, 1, 13, 13,  2, 0, 1, 1, NULL)\
	INSERT INTO tbl_i18n_i18n (i18n_pref, i18n_lang, i18n_ext_pk, i18n_text) VALUES ('entd', 'es', 31052, 'P. T. C.')\
INSERT INTO tbl_entidad_tipo_dato_entd (entd_pk, entd_enti_pk, entd_tpdt_pk, entd_grupo, entd_fila, entd_orden, entd_span, entd_obligatorio, entd_gridable, entd_filtrable, entd_valor_defecto)
VALUES (31053, 21002, 45245, 1, 14, 14,  4, 0, 1, 1, NULL)\
	INSERT INTO tbl_i18n_i18n (i18n_pref, i18n_lang, i18n_ext_pk, i18n_text) VALUES ('entd', 'es', 31053, 'Acuerdo')\
INSERT INTO tbl_entidad_tipo_dato_entd (entd_pk, entd_enti_pk, entd_tpdt_pk, entd_grupo, entd_fila, entd_orden, entd_span, entd_obligatorio, entd_gridable, entd_filtrable, entd_valor_defecto)
VALUES (31054, 21002, 45180, 1, 15, 15,  4, 0, 1, 1, NULL)\
	INSERT INTO tbl_i18n_i18n (i18n_pref, i18n_lang, i18n_ext_pk, i18n_text) VALUES ('entd', 'es', 31054, 'Alineación')\
INSERT INTO tbl_entidad_tipo_dato_entd (entd_pk, entd_enti_pk, entd_tpdt_pk, entd_grupo, entd_fila, entd_orden, entd_span, entd_obligatorio, entd_gridable, entd_filtrable, entd_valor_defecto)
VALUES (31055, 21002, 45365, 1, 16, 16,  4, 1, 1, 1, NULL)\
	INSERT INTO tbl_i18n_i18n (i18n_pref, i18n_lang, i18n_ext_pk, i18n_text) VALUES ('entd', 'es', 31055, 'R. Aduanero')\
INSERT INTO tbl_entidad_tipo_dato_entd (entd_pk, entd_enti_pk, entd_tpdt_pk, entd_grupo, entd_fila, entd_orden, entd_span, entd_obligatorio, entd_gridable, entd_filtrable, entd_valor_defecto)
VALUES (31056, 21002, 45035, 1, 17, 17,  4, 0, 1, 1, NULL)\
	INSERT INTO tbl_i18n_i18n (i18n_pref, i18n_lang, i18n_ext_pk, i18n_text) VALUES ('entd', 'es', 31056, 'Estibador')\
INSERT INTO tbl_entidad_tipo_dato_entd (entd_pk, entd_enti_pk, entd_tpdt_pk, entd_grupo, entd_fila, entd_orden, entd_span, entd_obligatorio, entd_gridable, entd_filtrable, entd_valor_defecto)
VALUES (31057, 21002, 43000, 1, 18, 18,  3, 1, 1, 1, NULL)\
	INSERT INTO tbl_i18n_i18n (i18n_pref, i18n_lang, i18n_ext_pk, i18n_text) VALUES ('entd', 'es', 31057, 'Cód. Exención')\
INSERT INTO tbl_entidad_tipo_dato_entd (entd_pk, entd_enti_pk, entd_tpdt_pk, entd_grupo, entd_fila, entd_orden, entd_span, entd_obligatorio, entd_gridable, entd_filtrable, entd_valor_defecto)
VALUES (31058, 21002, 45155, 1, 19, 19,  4, 0, 0, 1, NULL)\
	INSERT INTO tbl_i18n_i18n (i18n_pref, i18n_lang, i18n_ext_pk, i18n_text) VALUES ('entd', 'es', 31058, 'Tipo Exención')\
INSERT INTO tbl_entidad_tipo_dato_entd (entd_pk, entd_enti_pk, entd_tpdt_pk, entd_grupo, entd_fila, entd_orden, entd_span, entd_obligatorio, entd_gridable, entd_filtrable, entd_valor_defecto)
VALUES (31059, 21002, 45036, 1, 20, 20,  4, 1, 0, 1, NULL)\
	INSERT INTO tbl_i18n_i18n (i18n_pref, i18n_lang, i18n_ext_pk, i18n_text) VALUES ('entd', 'es', 31059, 'Consignatario')\
INSERT INTO tbl_entidad_tipo_dato_entd (entd_pk, entd_enti_pk, entd_tpdt_pk, entd_grupo, entd_fila, entd_orden, entd_span, entd_obligatorio, entd_gridable, entd_filtrable, entd_valor_defecto)
VALUES (31060, 21002, 45305, 1, 21, 21,  4, 0, 1, 1, NULL)\
	INSERT INTO tbl_i18n_i18n (i18n_pref, i18n_lang, i18n_ext_pk, i18n_text) VALUES ('entd', 'es', 31060, 'Terminal')\
INSERT INTO tbl_entidad_tipo_dato_entd (entd_pk, entd_enti_pk, entd_tpdt_pk, entd_grupo, entd_fila, entd_orden, entd_span, entd_obligatorio, entd_gridable, entd_filtrable, entd_valor_defecto)
VALUES (31061, 21002, 45240, 1, 22, 22,  4, 0, 1, 1, NULL)\
	INSERT INTO tbl_i18n_i18n (i18n_pref, i18n_lang, i18n_ext_pk, i18n_text) VALUES ('entd', 'es', 31061, 'Servicio')\
INSERT INTO tbl_entidad_tipo_dato_entd (entd_pk, entd_enti_pk, entd_tpdt_pk, entd_grupo, entd_fila, entd_orden, entd_span, entd_obligatorio, entd_gridable, entd_filtrable, entd_valor_defecto)
VALUES (31062, 21002, 45005, 1, 23, 23,  4, 0, 0, 0, NULL)\
	INSERT INTO tbl_i18n_i18n (i18n_pref, i18n_lang, i18n_ext_pk, i18n_text) VALUES ('entd', 'es', 31062, 'País Entrada')\
INSERT INTO tbl_entidad_tipo_dato_entd (entd_pk, entd_enti_pk, entd_tpdt_pk, entd_grupo, entd_fila, entd_orden, entd_span, entd_obligatorio, entd_gridable, entd_filtrable, entd_valor_defecto)
VALUES (31063, 21002, 45360, 1, 24, 24,  4, 0, 0, 0, NULL)\
	INSERT INTO tbl_i18n_i18n (i18n_pref, i18n_lang, i18n_ext_pk, i18n_text) VALUES ('entd', 'es', 31063, 'Desc. Adicional')\

-- Consignatario de Manifiesto
INSERT INTO tbl_entidad_tipo_dato_entd (entd_pk, entd_enti_pk, entd_tpdt_pk, entd_grupo, entd_fila, entd_orden, entd_span, entd_obligatorio, entd_gridable, entd_filtrable, entd_valor_defecto)
VALUES (31070, 22002, 45035, 1,  1,  1,  4, 1, 1, 1, NULL)\
	INSERT INTO tbl_i18n_i18n (i18n_pref, i18n_lang, i18n_ext_pk, i18n_text) VALUES ('entd', 'es', 31070, 'Consignatario')\

-- BL
INSERT INTO tbl_entidad_tipo_dato_entd (entd_pk, entd_enti_pk, entd_tpdt_pk, entd_grupo, entd_fila, entd_orden, entd_span, entd_obligatorio, entd_gridable, entd_filtrable, entd_valor_defecto)
VALUES (31080, 22003, 43135, 1,  1,  1,  3, 1, 1, 1, NULL)\
	INSERT INTO tbl_i18n_i18n (i18n_pref, i18n_lang, i18n_ext_pk, i18n_text) VALUES ('entd', 'es', 31080, 'Tipo')\
INSERT INTO tbl_entidad_tipo_dato_entd (entd_pk, entd_enti_pk, entd_tpdt_pk, entd_grupo, entd_fila, entd_orden, entd_span, entd_obligatorio, entd_gridable, entd_filtrable, entd_valor_defecto)
VALUES (31081, 22003, 41025, 1,  2,  2,  2, 0, 0, 0, NULL)\
	INSERT INTO tbl_i18n_i18n (i18n_pref, i18n_lang, i18n_ext_pk, i18n_text) VALUES ('entd', 'es', 31081, 'Tramo')\
INSERT INTO tbl_entidad_tipo_dato_entd (entd_pk, entd_enti_pk, entd_tpdt_pk, entd_grupo, entd_fila, entd_orden, entd_span, entd_obligatorio, entd_gridable, entd_filtrable, entd_valor_defecto)
VALUES (31082, 22003, 43000, 1,  3,  3,  3, 0, 1, 1, NULL)\
	INSERT INTO tbl_i18n_i18n (i18n_pref, i18n_lang, i18n_ext_pk, i18n_text) VALUES ('entd', 'es', 31082, 'Cód. Exención')\
INSERT INTO tbl_entidad_tipo_dato_entd (entd_pk, entd_enti_pk, entd_tpdt_pk, entd_grupo, entd_fila, entd_orden, entd_span, entd_obligatorio, entd_gridable, entd_filtrable, entd_valor_defecto)
VALUES (31083, 22003, 45155, 1,  4,  4,  4, 0, 1, 1, NULL)\
	INSERT INTO tbl_i18n_i18n (i18n_pref, i18n_lang, i18n_ext_pk, i18n_text) VALUES ('entd', 'es', 31083, 'Tipo Exención')\
INSERT INTO tbl_entidad_tipo_dato_entd (entd_pk, entd_enti_pk, entd_tpdt_pk, entd_grupo, entd_fila, entd_orden, entd_span, entd_obligatorio, entd_gridable, entd_filtrable, entd_valor_defecto)
VALUES (31084, 22003, 41020, 1,  5,  5,  4, 0, 0, 0, NULL)\
	INSERT INTO tbl_i18n_i18n (i18n_pref, i18n_lang, i18n_ext_pk, i18n_text) VALUES ('entd', 'es', 31084, 'Nombre')\
INSERT INTO tbl_entidad_tipo_dato_entd (entd_pk, entd_enti_pk, entd_tpdt_pk, entd_grupo, entd_fila, entd_orden, entd_span, entd_obligatorio, entd_gridable, entd_filtrable, entd_valor_defecto)
VALUES (31085, 22003, 43555, 1,  7,  7,  4, 1, 1, 1, NULL)\
	INSERT INTO tbl_i18n_i18n (i18n_pref, i18n_lang, i18n_ext_pk, i18n_text) VALUES ('entd', 'es', 31085, 'Operación')\
INSERT INTO tbl_entidad_tipo_dato_entd (entd_pk, entd_enti_pk, entd_tpdt_pk, entd_grupo, entd_fila, entd_orden, entd_span, entd_obligatorio, entd_gridable, entd_filtrable, entd_valor_defecto)
VALUES (31086, 22003, 45055, 1,  8,  8,  4, 0, 1, 1, NULL)\
	INSERT INTO tbl_i18n_i18n (i18n_pref, i18n_lang, i18n_ext_pk, i18n_text) VALUES ('entd', 'es', 31086, 'Origen')\
INSERT INTO tbl_entidad_tipo_dato_entd (entd_pk, entd_enti_pk, entd_tpdt_pk, entd_grupo, entd_fila, entd_orden, entd_span, entd_obligatorio, entd_gridable, entd_filtrable, entd_valor_defecto)
VALUES (31087, 22003, 45056, 1,  9,  9,  4, 1, 1, 1, NULL)\
	INSERT INTO tbl_i18n_i18n (i18n_pref, i18n_lang, i18n_ext_pk, i18n_text) VALUES ('entd', 'es', 31087, 'Carga')\
INSERT INTO tbl_entidad_tipo_dato_entd (entd_pk, entd_enti_pk, entd_tpdt_pk, entd_grupo, entd_fila, entd_orden, entd_span, entd_obligatorio, entd_gridable, entd_filtrable, entd_valor_defecto)
VALUES (31088, 22003, 45057, 1, 10, 10,  4, 1, 1, 1, NULL)\
	INSERT INTO tbl_i18n_i18n (i18n_pref, i18n_lang, i18n_ext_pk, i18n_text) VALUES ('entd', 'es', 31088, 'Descarga')\
INSERT INTO tbl_entidad_tipo_dato_entd (entd_pk, entd_enti_pk, entd_tpdt_pk, entd_grupo, entd_fila, entd_orden, entd_span, entd_obligatorio, entd_gridable, entd_filtrable, entd_valor_defecto)
VALUES (31089, 22003, 45058, 1, 11, 11,  4, 0, 1, 1, NULL)\
	INSERT INTO tbl_i18n_i18n (i18n_pref, i18n_lang, i18n_ext_pk, i18n_text) VALUES ('entd', 'es', 31089, 'Destino')\
INSERT INTO tbl_entidad_tipo_dato_entd (entd_pk, entd_enti_pk, entd_tpdt_pk, entd_grupo, entd_fila, entd_orden, entd_span, entd_obligatorio, entd_gridable, entd_filtrable, entd_valor_defecto)
VALUES (31090, 22003, 45059, 1, 12, 12,  4, 0, 1, 1, NULL)\
	INSERT INTO tbl_i18n_i18n (i18n_pref, i18n_lang, i18n_ext_pk, i18n_text) VALUES ('entd', 'es', 31090, 'Transbordo')\
INSERT INTO tbl_entidad_tipo_dato_entd (entd_pk, entd_enti_pk, entd_tpdt_pk, entd_grupo, entd_fila, entd_orden, entd_span, entd_obligatorio, entd_gridable, entd_filtrable, entd_valor_defecto)
VALUES (31091, 22003, 41021, 1, 13, 13,  4, 0, 1, 1, NULL)\
	INSERT INTO tbl_i18n_i18n (i18n_pref, i18n_lang, i18n_ext_pk, i18n_text) VALUES ('entd', 'es', 31091, 'Dec. Sum. Tránsito')\
INSERT INTO tbl_entidad_tipo_dato_entd (entd_pk, entd_enti_pk, entd_tpdt_pk, entd_grupo, entd_fila, entd_orden, entd_span, entd_obligatorio, entd_gridable, entd_filtrable, entd_valor_defecto)
VALUES (31092, 22003, 43125, 1, 14, 14,  4, 1, 1, 1, NULL)\
	INSERT INTO tbl_i18n_i18n (i18n_pref, i18n_lang, i18n_ext_pk, i18n_text) VALUES ('entd', 'es', 31092, 'Tipo Transporte')\
INSERT INTO tbl_entidad_tipo_dato_entd (entd_pk, entd_enti_pk, entd_tpdt_pk, entd_grupo, entd_fila, entd_orden, entd_span, entd_obligatorio, entd_gridable, entd_filtrable, entd_valor_defecto)
VALUES (31093, 22003, 45350, 1, 15, 15,  4, 0, 1, 1, NULL)\
	INSERT INTO tbl_i18n_i18n (i18n_pref, i18n_lang, i18n_ext_pk, i18n_text) VALUES ('entd', 'es', 31093, 'Modo Transporte EDI')\
INSERT INTO tbl_entidad_tipo_dato_entd (entd_pk, entd_enti_pk, entd_tpdt_pk, entd_grupo, entd_fila, entd_orden, entd_span, entd_obligatorio, entd_gridable, entd_filtrable, entd_valor_defecto)
VALUES (31094, 22003, 41022, 1, 16, 16,  4, 0, 1, 1, NULL)\
	INSERT INTO tbl_i18n_i18n (i18n_pref, i18n_lang, i18n_ext_pk, i18n_text) VALUES ('entd', 'es', 31094, 'Transporte Post.')\
INSERT INTO tbl_entidad_tipo_dato_entd (entd_pk, entd_enti_pk, entd_tpdt_pk, entd_grupo, entd_fila, entd_orden, entd_span, entd_obligatorio, entd_gridable, entd_filtrable, entd_valor_defecto)
VALUES (31095, 22003, 43390, 1, 17, 17,  4, 0, 1, 1, NULL)\
	INSERT INTO tbl_i18n_i18n (i18n_pref, i18n_lang, i18n_ext_pk, i18n_text) VALUES ('entd', 'es', 31095, 'T. Destino')\
INSERT INTO tbl_entidad_tipo_dato_entd (entd_pk, entd_enti_pk, entd_tpdt_pk, entd_grupo, entd_fila, entd_orden, entd_span, entd_obligatorio, entd_gridable, entd_filtrable, entd_valor_defecto)
VALUES (31096, 22003, 45300, 1, 18, 18,  4, 0, 1, 1, NULL)\
	INSERT INTO tbl_i18n_i18n (i18n_pref, i18n_lang, i18n_ext_pk, i18n_text) VALUES ('entd', 'es', 31096, 'Inst. Especial')\
INSERT INTO tbl_entidad_tipo_dato_entd (entd_pk, entd_enti_pk, entd_tpdt_pk, entd_grupo, entd_fila, entd_orden, entd_span, entd_obligatorio, entd_gridable, entd_filtrable, entd_valor_defecto)
VALUES (31097, 22003, 45180, 1, 19, 19,  4, 1, 1, 1, NULL)\
	INSERT INTO tbl_i18n_i18n (i18n_pref, i18n_lang, i18n_ext_pk, i18n_text) VALUES ('entd', 'es', 31097, 'Alineación')\
INSERT INTO tbl_entidad_tipo_dato_entd (entd_pk, entd_enti_pk, entd_tpdt_pk, entd_grupo, entd_fila, entd_orden, entd_span, entd_obligatorio, entd_gridable, entd_filtrable, entd_valor_defecto)
VALUES (31098, 22003, 45035, 1, 20, 20,  4, 0, 1, 1, NULL)\
	INSERT INTO tbl_i18n_i18n (i18n_pref, i18n_lang, i18n_ext_pk, i18n_text) VALUES ('entd', 'es', 31098, 'Cliente')\
INSERT INTO tbl_entidad_tipo_dato_entd (entd_pk, entd_enti_pk, entd_tpdt_pk, entd_grupo, entd_fila, entd_orden, entd_span, entd_obligatorio, entd_gridable, entd_filtrable, entd_valor_defecto)
VALUES (31099, 22003, 41000, 1, 21, 21,  2, 1, 1, 1, NULL)\
	INSERT INTO tbl_i18n_i18n (i18n_pref, i18n_lang, i18n_ext_pk, i18n_text) VALUES ('entd', 'es', 31099, 'Suj. Pasivo?')\
INSERT INTO tbl_entidad_tipo_dato_entd (entd_pk, entd_enti_pk, entd_tpdt_pk, entd_grupo, entd_fila, entd_orden, entd_span, entd_obligatorio, entd_gridable, entd_filtrable, entd_valor_defecto)
VALUES (31100, 22003, 45235, 1, 22, 22,  3, 1, 1, 1, NULL)\
	INSERT INTO tbl_i18n_i18n (i18n_pref, i18n_lang, i18n_ext_pk, i18n_text) VALUES ('entd', 'es', 31100, 'T. Navegación')\
INSERT INTO tbl_entidad_tipo_dato_entd (entd_pk, entd_enti_pk, entd_tpdt_pk, entd_grupo, entd_fila, entd_orden, entd_span, entd_obligatorio, entd_gridable, entd_filtrable, entd_valor_defecto)
VALUES (31101, 22003, 41001, 1, 23, 23,  2, 1, 1, 1, NULL)\
	INSERT INTO tbl_i18n_i18n (i18n_pref, i18n_lang, i18n_ext_pk, i18n_text) VALUES ('entd', 'es', 31101, 'Rég. Simple?')\
INSERT INTO tbl_entidad_tipo_dato_entd (entd_pk, entd_enti_pk, entd_tpdt_pk, entd_grupo, entd_fila, entd_orden, entd_span, entd_obligatorio, entd_gridable, entd_filtrable, entd_valor_defecto)
VALUES (31102, 22003, 45305, 1, 24, 24,  4, 0, 1, 1, NULL)\
	INSERT INTO tbl_i18n_i18n (i18n_pref, i18n_lang, i18n_ext_pk, i18n_text) VALUES ('entd', 'es', 31102, 'Terminal')\
INSERT INTO tbl_entidad_tipo_dato_entd (entd_pk, entd_enti_pk, entd_tpdt_pk, entd_grupo, entd_fila, entd_orden, entd_span, entd_obligatorio, entd_gridable, entd_filtrable, entd_valor_defecto)
VALUES (31103, 22003, 45245, 1, 25, 25,  4, 0, 1, 1, NULL)\
	INSERT INTO tbl_i18n_i18n (i18n_pref, i18n_lang, i18n_ext_pk, i18n_text) VALUES ('entd', 'es', 31103, 'Acuerdo')\
INSERT INTO tbl_entidad_tipo_dato_entd (entd_pk, entd_enti_pk, entd_tpdt_pk, entd_grupo, entd_fila, entd_orden, entd_span, entd_obligatorio, entd_gridable, entd_filtrable, entd_valor_defecto)
VALUES (31104, 22003, 45240, 1, 26, 26,  4, 0, 1, 1, NULL)\
	INSERT INTO tbl_i18n_i18n (i18n_pref, i18n_lang, i18n_ext_pk, i18n_text) VALUES ('entd', 'es', 31104, 'Servicio')\
INSERT INTO tbl_entidad_tipo_dato_entd (entd_pk, entd_enti_pk, entd_tpdt_pk, entd_grupo, entd_fila, entd_orden, entd_span, entd_obligatorio, entd_gridable, entd_filtrable, entd_valor_defecto)
VALUES (31105, 22003, 45036, 1, 27, 27,  4, 0, 1, 1, NULL)\
	INSERT INTO tbl_i18n_i18n (i18n_pref, i18n_lang, i18n_ext_pk, i18n_text) VALUES ('entd', 'es', 31105, 'Estibador')\
INSERT INTO tbl_entidad_tipo_dato_entd (entd_pk, entd_enti_pk, entd_tpdt_pk, entd_grupo, entd_fila, entd_orden, entd_span, entd_obligatorio, entd_gridable, entd_filtrable, entd_valor_defecto)
VALUES (31106, 22003, 45040, 1, 28, 28,  3, 1, 1, 1, NULL)\
	INSERT INTO tbl_i18n_i18n (i18n_pref, i18n_lang, i18n_ext_pk, i18n_text) VALUES ('entd', 'es', 31106, 'T. IVA')\
INSERT INTO tbl_entidad_tipo_dato_entd (entd_pk, entd_enti_pk, entd_tpdt_pk, entd_grupo, entd_fila, entd_orden, entd_span, entd_obligatorio, entd_gridable, entd_filtrable, entd_valor_defecto)
VALUES (31107, 22003, 41024, 1, 29, 29,  12, 0, 0, 0, NULL)\
	INSERT INTO tbl_i18n_i18n (i18n_pref, i18n_lang, i18n_ext_pk, i18n_text) VALUES ('entd', 'es', 31107, 'Observaciones')\
INSERT INTO tbl_entidad_tipo_dato_entd (entd_pk, entd_enti_pk, entd_tpdt_pk, entd_grupo, entd_fila, entd_orden, entd_span, entd_obligatorio, entd_gridable, entd_filtrable, entd_valor_defecto)
VALUES (31108, 22003, 41023, 1, 30, 30,  12, 0, 0, 0, NULL)\
	INSERT INTO tbl_i18n_i18n (i18n_pref, i18n_lang, i18n_ext_pk, i18n_text) VALUES ('entd', 'es', 31108, 'Observaciones Facturación')\

-- Partida
INSERT INTO tbl_entidad_tipo_dato_entd (entd_pk, entd_enti_pk, entd_tpdt_pk, entd_grupo, entd_fila, entd_orden, entd_span, entd_obligatorio, entd_gridable, entd_filtrable, entd_valor_defecto)
VALUES (31120, 22004, 45290, 1, 1, 1,  4, 1, 1, 1, NULL)\
	INSERT INTO tbl_i18n_i18n (i18n_pref, i18n_lang, i18n_ext_pk, i18n_text) VALUES ('entd', 'es', 31120, 'Mercancía')\
INSERT INTO tbl_entidad_tipo_dato_entd (entd_pk, entd_enti_pk, entd_tpdt_pk, entd_grupo, entd_fila, entd_orden, entd_span, entd_obligatorio, entd_gridable, entd_filtrable, entd_valor_defecto)
VALUES (31121, 22004, 45345, 1, 2, 2,  4, 0, 1, 1, NULL)\
	INSERT INTO tbl_i18n_i18n (i18n_pref, i18n_lang, i18n_ext_pk, i18n_text) VALUES ('entd', 'es', 31121, 'T. Bulto')\
INSERT INTO tbl_entidad_tipo_dato_entd (entd_pk, entd_enti_pk, entd_tpdt_pk, entd_grupo, entd_fila, entd_orden, entd_span, entd_obligatorio, entd_gridable, entd_filtrable, entd_valor_defecto)
VALUES (31122, 22004, 43000, 1, 4, 4,  4, 1, 1, 1, NULL)\
	INSERT INTO tbl_i18n_i18n (i18n_pref, i18n_lang, i18n_ext_pk, i18n_text) VALUES ('entd', 'es', 31122, 'Cód. Exención')\
INSERT INTO tbl_entidad_tipo_dato_entd (entd_pk, entd_enti_pk, entd_tpdt_pk, entd_grupo, entd_fila, entd_orden, entd_span, entd_obligatorio, entd_gridable, entd_filtrable, entd_valor_defecto)
VALUES (31123, 22004, 45155, 1, 5, 5,  4, 0, 0, 0, NULL)\
	INSERT INTO tbl_i18n_i18n (i18n_pref, i18n_lang, i18n_ext_pk, i18n_text) VALUES ('entd', 'es', 31123, 'Tipo Exención')\
INSERT INTO tbl_entidad_tipo_dato_entd (entd_pk, entd_enti_pk, entd_tpdt_pk, entd_grupo, entd_fila, entd_orden, entd_span, entd_obligatorio, entd_gridable, entd_filtrable, entd_valor_defecto)
VALUES (31124, 22004, 41000, 1, 6, 6,  4, 1, 1, 1, NULL)\
	INSERT INTO tbl_i18n_i18n (i18n_pref, i18n_lang, i18n_ext_pk, i18n_text) VALUES ('entd', 'es', 31124, 'Avituallamiento?')\
INSERT INTO tbl_entidad_tipo_dato_entd (entd_pk, entd_enti_pk, entd_tpdt_pk, entd_grupo, entd_fila, entd_orden, entd_span, entd_obligatorio, entd_gridable, entd_filtrable, entd_valor_defecto)
VALUES (31125, 22004, 41001, 1, 7, 7,  4, 1, 1, 1, NULL)\
	INSERT INTO tbl_i18n_i18n (i18n_pref, i18n_lang, i18n_ext_pk, i18n_text) VALUES ('entd', 'es', 31125, 'Ro-Ro?')\
INSERT INTO tbl_entidad_tipo_dato_entd (entd_pk, entd_enti_pk, entd_tpdt_pk, entd_grupo, entd_fila, entd_orden, entd_span, entd_obligatorio, entd_gridable, entd_filtrable, entd_valor_defecto)
VALUES (31126, 22004, 41060, 1, 8, 8,  4, 0, 1, 0, NULL)\
	INSERT INTO tbl_i18n_i18n (i18n_pref, i18n_lang, i18n_ext_pk, i18n_text) VALUES ('entd', 'es', 31126, 'Nº Bultos')\
INSERT INTO tbl_entidad_tipo_dato_entd (entd_pk, entd_enti_pk, entd_tpdt_pk, entd_grupo, entd_fila, entd_orden, entd_span, entd_obligatorio, entd_gridable, entd_filtrable, entd_valor_defecto)
VALUES (31127, 22004, 41061, 1, 9, 9,  4, 0, 1, 0, NULL)\
	INSERT INTO tbl_i18n_i18n (i18n_pref, i18n_lang, i18n_ext_pk, i18n_text) VALUES ('entd', 'es', 31127, 'Nº U.C.')\
INSERT INTO tbl_entidad_tipo_dato_entd (entd_pk, entd_enti_pk, entd_tpdt_pk, entd_grupo, entd_fila, entd_orden, entd_span, entd_obligatorio, entd_gridable, entd_filtrable, entd_valor_defecto)
VALUES (31128, 22004, 45145, 1, 10, 10,  4, 0, 1, 1, NULL)\
	INSERT INTO tbl_i18n_i18n (i18n_pref, i18n_lang, i18n_ext_pk, i18n_text) VALUES ('entd', 'es', 31128, 'U.C.')\
INSERT INTO tbl_entidad_tipo_dato_entd (entd_pk, entd_enti_pk, entd_tpdt_pk, entd_grupo, entd_fila, entd_orden, entd_span, entd_obligatorio, entd_gridable, entd_filtrable, entd_valor_defecto)
VALUES (31129, 22004, 41062, 1, 11, 11,  4, 0, 0, 0, NULL)\
	INSERT INTO tbl_i18n_i18n (i18n_pref, i18n_lang, i18n_ext_pk, i18n_text) VALUES ('entd', 'es', 31129, 'Nº Pasajeros')\
INSERT INTO tbl_entidad_tipo_dato_entd (entd_pk, entd_enti_pk, entd_tpdt_pk, entd_grupo, entd_fila, entd_orden, entd_span, entd_obligatorio, entd_gridable, entd_filtrable, entd_valor_defecto)
VALUES (31130, 22004, 41040, 1, 12, 12,  4, 0, 0, 0, NULL)\
	INSERT INTO tbl_i18n_i18n (i18n_pref, i18n_lang, i18n_ext_pk, i18n_text) VALUES ('entd', 'es', 31130, 'Volumen')\
INSERT INTO tbl_entidad_tipo_dato_entd (entd_pk, entd_enti_pk, entd_tpdt_pk, entd_grupo, entd_fila, entd_orden, entd_span, entd_obligatorio, entd_gridable, entd_filtrable, entd_valor_defecto)
VALUES (31131, 22004, 41063, 1, 13, 13,  4, 0, 0, 0, NULL)\
	INSERT INTO tbl_i18n_i18n (i18n_pref, i18n_lang, i18n_ext_pk, i18n_text) VALUES ('entd', 'es', 31131, 'Peso')\
INSERT INTO tbl_entidad_tipo_dato_entd (entd_pk, entd_enti_pk, entd_tpdt_pk, entd_grupo, entd_fila, entd_orden, entd_span, entd_obligatorio, entd_gridable, entd_filtrable, entd_valor_defecto)
VALUES (31132, 22004, 41020, 1, 14, 14,  4, 0, 0, 0, NULL)\
	INSERT INTO tbl_i18n_i18n (i18n_pref, i18n_lang, i18n_ext_pk, i18n_text) VALUES ('entd', 'es', 31132, 'Nº Part. Tránsito')\
INSERT INTO tbl_entidad_tipo_dato_entd (entd_pk, entd_enti_pk, entd_tpdt_pk, entd_grupo, entd_fila, entd_orden, entd_span, entd_obligatorio, entd_gridable, entd_filtrable, entd_valor_defecto)
VALUES (31133, 22004, 41021, 1, 15, 15,  4, 0, 0, 0, NULL)\
	INSERT INTO tbl_i18n_i18n (i18n_pref, i18n_lang, i18n_ext_pk, i18n_text) VALUES ('entd', 'es', 31133, 'Dec. Sum. Tránsito')\
INSERT INTO tbl_entidad_tipo_dato_entd (entd_pk, entd_enti_pk, entd_tpdt_pk, entd_grupo, entd_fila, entd_orden, entd_span, entd_obligatorio, entd_gridable, entd_filtrable, entd_valor_defecto)
VALUES (31134, 22004, 45245, 1, 16, 16,  4, 0, 1, 1, NULL)\
	INSERT INTO tbl_i18n_i18n (i18n_pref, i18n_lang, i18n_ext_pk, i18n_text) VALUES ('entd', 'es', 31134, 'Acuerdo')\
INSERT INTO tbl_entidad_tipo_dato_entd (entd_pk, entd_enti_pk, entd_tpdt_pk, entd_grupo, entd_fila, entd_orden, entd_span, entd_obligatorio, entd_gridable, entd_filtrable, entd_valor_defecto)
VALUES (31135, 22004, 45035, 1, 17, 17,  4, 0, 1, 1, NULL)\
	INSERT INTO tbl_i18n_i18n (i18n_pref, i18n_lang, i18n_ext_pk, i18n_text) VALUES ('entd', 'es', 31135, 'Estibador')\
INSERT INTO tbl_entidad_tipo_dato_entd (entd_pk, entd_enti_pk, entd_tpdt_pk, entd_grupo, entd_fila, entd_orden, entd_span, entd_obligatorio, entd_gridable, entd_filtrable, entd_valor_defecto)
VALUES (31136, 22004, 45335, 1, 18, 18,  4, 0, 1, 1, NULL)\
	INSERT INTO tbl_i18n_i18n (i18n_pref, i18n_lang, i18n_ext_pk, i18n_text) VALUES ('entd', 'es', 31136, 'Receptor')\
INSERT INTO tbl_entidad_tipo_dato_entd (entd_pk, entd_enti_pk, entd_tpdt_pk, entd_grupo, entd_fila, entd_orden, entd_span, entd_obligatorio, entd_gridable, entd_filtrable, entd_valor_defecto)
VALUES (31137, 22004, 45300, 1, 19, 19,  4, 0, 1, 1, NULL)\
	INSERT INTO tbl_i18n_i18n (i18n_pref, i18n_lang, i18n_ext_pk, i18n_text) VALUES ('entd', 'es', 31137, 'Inst. Especial')\
INSERT INTO tbl_entidad_tipo_dato_entd (entd_pk, entd_enti_pk, entd_tpdt_pk, entd_grupo, entd_fila, entd_orden, entd_span, entd_obligatorio, entd_gridable, entd_filtrable, entd_valor_defecto)
VALUES (31138, 22004, 45275, 1, 20, 20,  4, 0, 1, 1, NULL)\
	INSERT INTO tbl_i18n_i18n (i18n_pref, i18n_lang, i18n_ext_pk, i18n_text) VALUES ('entd', 'es', 31138, 'T. Suministro')\
INSERT INTO tbl_entidad_tipo_dato_entd (entd_pk, entd_enti_pk, entd_tpdt_pk, entd_grupo, entd_fila, entd_orden, entd_span, entd_obligatorio, entd_gridable, entd_filtrable, entd_valor_defecto)
VALUES (31139, 22004, 45305, 1, 21, 21,  4, 0, 1, 1, NULL)\
	INSERT INTO tbl_i18n_i18n (i18n_pref, i18n_lang, i18n_ext_pk, i18n_text) VALUES ('entd', 'es', 31139, 'Terminal')\
INSERT INTO tbl_entidad_tipo_dato_entd (entd_pk, entd_enti_pk, entd_tpdt_pk, entd_grupo, entd_fila, entd_orden, entd_span, entd_obligatorio, entd_gridable, entd_filtrable, entd_valor_defecto)
VALUES (31140, 22004, 45330, 1, 22, 22,  4, 0, 1, 1, NULL)\
	INSERT INTO tbl_i18n_i18n (i18n_pref, i18n_lang, i18n_ext_pk, i18n_text) VALUES ('entd', 'es', 31140, 'Marca de Vehículo')\
INSERT INTO tbl_entidad_tipo_dato_entd (entd_pk, entd_enti_pk, entd_tpdt_pk, entd_grupo, entd_fila, entd_orden, entd_span, entd_obligatorio, entd_gridable, entd_filtrable, entd_valor_defecto)
VALUES (31141, 22004, 41002, 1, 23, 23,  4, 0, 1, 1, NULL)\
	INSERT INTO tbl_i18n_i18n (i18n_pref, i18n_lang, i18n_ext_pk, i18n_text) VALUES ('entd', 'es', 31141, 'Declarado ENS?')\
INSERT INTO tbl_entidad_tipo_dato_entd (entd_pk, entd_enti_pk, entd_tpdt_pk, entd_grupo, entd_fila, entd_orden, entd_span, entd_obligatorio, entd_gridable, entd_filtrable, entd_valor_defecto)
VALUES (31142, 22004, 41022, 1, 24, 24, 12, 0, 1, 1, NULL)\
	INSERT INTO tbl_i18n_i18n (i18n_pref, i18n_lang, i18n_ext_pk, i18n_text) VALUES ('entd', 'es', 31142, 'Observaciones')\


-- Equipamiento
INSERT INTO tbl_entidad_tipo_dato_entd (entd_pk, entd_enti_pk, entd_tpdt_pk, entd_grupo, entd_fila, entd_orden, entd_span, entd_obligatorio, entd_gridable, entd_filtrable, entd_valor_defecto)
VALUES (31150, 22005, 45325, 1, 2, 2,  4, 1, 1, 1, NULL)\
	INSERT INTO tbl_i18n_i18n (i18n_pref, i18n_lang, i18n_ext_pk, i18n_text) VALUES ('entd', 'es', 31150, 'Tipo')\
INSERT INTO tbl_entidad_tipo_dato_entd (entd_pk, entd_enti_pk, entd_tpdt_pk, entd_grupo, entd_fila, entd_orden, entd_span, entd_obligatorio, entd_gridable, entd_filtrable, entd_valor_defecto)
VALUES (31151, 22005, 41020, 1, 3, 3,  4, 1, 1, 1, NULL)\
	INSERT INTO tbl_i18n_i18n (i18n_pref, i18n_lang, i18n_ext_pk, i18n_text) VALUES ('entd', 'es', 31151, 'Matrícula')\
INSERT INTO tbl_entidad_tipo_dato_entd (entd_pk, entd_enti_pk, entd_tpdt_pk, entd_grupo, entd_fila, entd_orden, entd_span, entd_obligatorio, entd_gridable, entd_filtrable, entd_valor_defecto)
VALUES (31152, 22005, 43000, 1, 4, 4,  4, 1, 1, 1, NULL)\
	INSERT INTO tbl_i18n_i18n (i18n_pref, i18n_lang, i18n_ext_pk, i18n_text) VALUES ('entd', 'es', 31152, 'Cód. Exención')\
INSERT INTO tbl_entidad_tipo_dato_entd (entd_pk, entd_enti_pk, entd_tpdt_pk, entd_grupo, entd_fila, entd_orden, entd_span, entd_obligatorio, entd_gridable, entd_filtrable, entd_valor_defecto)
VALUES (31153, 22005, 45155, 1, 5, 5,  4, 0, 0, 0, NULL)\
	INSERT INTO tbl_i18n_i18n (i18n_pref, i18n_lang, i18n_ext_pk, i18n_text) VALUES ('entd', 'es', 31153, 'Tipo Exención')\
INSERT INTO tbl_entidad_tipo_dato_entd (entd_pk, entd_enti_pk, entd_tpdt_pk, entd_grupo, entd_fila, entd_orden, entd_span, entd_obligatorio, entd_gridable, entd_filtrable, entd_valor_defecto)
VALUES (31154, 22005, 41021, 1, 6, 6,  4, 1, 0, 0, NULL)\
	INSERT INTO tbl_i18n_i18n (i18n_pref, i18n_lang, i18n_ext_pk, i18n_text) VALUES ('entd', 'es', 31154, 'Ind. Lleno-Vacío')\
INSERT INTO tbl_entidad_tipo_dato_entd (entd_pk, entd_enti_pk, entd_tpdt_pk, entd_grupo, entd_fila, entd_orden, entd_span, entd_obligatorio, entd_gridable, entd_filtrable, entd_valor_defecto)
VALUES (31155, 22005, 41060, 1, 7, 7,  4, 0, 0, 0, NULL)\
	INSERT INTO tbl_i18n_i18n (i18n_pref, i18n_lang, i18n_ext_pk, i18n_text) VALUES ('entd', 'es', 31155, 'Nº Vacíos')\
INSERT INTO tbl_entidad_tipo_dato_entd (entd_pk, entd_enti_pk, entd_tpdt_pk, entd_grupo, entd_fila, entd_orden, entd_span, entd_obligatorio, entd_gridable, entd_filtrable, entd_valor_defecto)
VALUES (31156, 22005, 41000, 1, 8, 8,  4, 1, 1, 1, NULL)\
	INSERT INTO tbl_i18n_i18n (i18n_pref, i18n_lang, i18n_ext_pk, i18n_text) VALUES ('entd', 'es', 31156, 'Ro-Ro?')\
INSERT INTO tbl_entidad_tipo_dato_entd (entd_pk, entd_enti_pk, entd_tpdt_pk, entd_grupo, entd_fila, entd_orden, entd_span, entd_obligatorio, entd_gridable, entd_filtrable, entd_valor_defecto)
VALUES (31157, 22005, 41061, 1, 9, 9,  4, 1, 1, 0, NULL)\
	INSERT INTO tbl_i18n_i18n (i18n_pref, i18n_lang, i18n_ext_pk, i18n_text) VALUES ('entd', 'es', 31157, 'Tara')\
INSERT INTO tbl_entidad_tipo_dato_entd (entd_pk, entd_enti_pk, entd_tpdt_pk, entd_grupo, entd_fila, entd_orden, entd_span, entd_obligatorio, entd_gridable, entd_filtrable, entd_valor_defecto)
VALUES (31158, 22005, 45145, 1, 10, 10,  4, 1, 1, 1, NULL)\
	INSERT INTO tbl_i18n_i18n (i18n_pref, i18n_lang, i18n_ext_pk, i18n_text) VALUES ('entd', 'es', 31158, 'U. Carga')\
INSERT INTO tbl_entidad_tipo_dato_entd (entd_pk, entd_enti_pk, entd_tpdt_pk, entd_grupo, entd_fila, entd_orden, entd_span, entd_obligatorio, entd_gridable, entd_filtrable, entd_valor_defecto)
VALUES (31159, 22005, 41022, 1, 11, 11,  12, 0, 0, 0, NULL)\
	INSERT INTO tbl_i18n_i18n (i18n_pref, i18n_lang, i18n_ext_pk, i18n_text) VALUES ('entd', 'es', 31159, 'Observaciones')\


-- IM de Partida
INSERT INTO tbl_entidad_tipo_dato_entd (entd_pk, entd_enti_pk, entd_tpdt_pk, entd_grupo, entd_fila, entd_orden, entd_span, entd_obligatorio, entd_gridable, entd_filtrable, entd_valor_defecto)
VALUES (31170, 22008, 45315, 1,  1,  1,  4, 1, 1, 1, NULL)\
	INSERT INTO tbl_i18n_i18n (i18n_pref, i18n_lang, i18n_ext_pk, i18n_text) VALUES ('entd', 'es', 31170, 'IM')\
INSERT INTO tbl_entidad_tipo_dato_entd (entd_pk, entd_enti_pk, entd_tpdt_pk, entd_grupo, entd_fila, entd_orden, entd_span, entd_obligatorio, entd_gridable, entd_filtrable, entd_valor_defecto)
VALUES (31171, 22008, 41020, 1,  2,  2,  4, 0, 0, 0, NULL)\
	INSERT INTO tbl_i18n_i18n (i18n_pref, i18n_lang, i18n_ext_pk, i18n_text) VALUES ('entd', 'es', 31171, 'Descripción')\

-- MMPP de Partida
INSERT INTO tbl_entidad_tipo_dato_entd (entd_pk, entd_enti_pk, entd_tpdt_pk, entd_grupo, entd_fila, entd_orden, entd_span, entd_obligatorio, entd_gridable, entd_filtrable, entd_valor_defecto)
VALUES (31180, 22009, 45320, 1,  1,  1,  4, 1, 1, 1, NULL)\
	INSERT INTO tbl_i18n_i18n (i18n_pref, i18n_lang, i18n_ext_pk, i18n_text) VALUES ('entd', 'es', 31180, 'MM.PP.')\

-- Precinto de Equipamiento
INSERT INTO tbl_entidad_tipo_dato_entd (entd_pk, entd_enti_pk, entd_tpdt_pk, entd_grupo, entd_fila, entd_orden, entd_span, entd_obligatorio, entd_gridable, entd_filtrable, entd_valor_defecto)
VALUES (31190, 22010, 41020, 1,  1,  1,  4, 1, 1, 1, NULL)\
	INSERT INTO tbl_i18n_i18n (i18n_pref, i18n_lang, i18n_ext_pk, i18n_text) VALUES ('entd', 'es', 31190, 'Precinto')\

-- Partida-Equipamiento
INSERT INTO tbl_entidad_tipo_dato_entd (entd_pk, entd_enti_pk, entd_tpdt_pk, entd_grupo, entd_fila, entd_orden, entd_span, entd_obligatorio, entd_gridable, entd_filtrable, entd_valor_defecto)
VALUES (31200, 22006, 41060, 1,  1,  1,  4, 1, 1, 0, NULL)\
	INSERT INTO tbl_i18n_i18n (i18n_pref, i18n_lang, i18n_ext_pk, i18n_text) VALUES ('entd', 'es', 31200, 'Nº Bultos')\

-- Documento de Partida
INSERT INTO tbl_entidad_tipo_dato_entd (entd_pk, entd_enti_pk, entd_tpdt_pk, entd_grupo, entd_fila, entd_orden, entd_span, entd_obligatorio, entd_gridable, entd_filtrable, entd_valor_defecto)
VALUES (31210, 22007, 43475, 1,  1,  1,  4, 0, 1, 1, NULL)\
	INSERT INTO tbl_i18n_i18n (i18n_pref, i18n_lang, i18n_ext_pk, i18n_text) VALUES ('entd', 'es', 31210, 'Sit. Embarque')\
INSERT INTO tbl_entidad_tipo_dato_entd (entd_pk, entd_enti_pk, entd_tpdt_pk, entd_grupo, entd_fila, entd_orden, entd_span, entd_obligatorio, entd_gridable, entd_filtrable, entd_valor_defecto)
VALUES (31211, 22007, 43480, 1,  1,  2,  4, 0, 1, 1, NULL)\
	INSERT INTO tbl_i18n_i18n (i18n_pref, i18n_lang, i18n_ext_pk, i18n_text) VALUES ('entd', 'es', 31211, 'Sit. Aduanera')\
INSERT INTO tbl_entidad_tipo_dato_entd (entd_pk, entd_enti_pk, entd_tpdt_pk, entd_grupo, entd_fila, entd_orden, entd_span, entd_obligatorio, entd_gridable, entd_filtrable, entd_valor_defecto)
VALUES (31212, 22007, 41100, 1,  2,  2,  4, 0, 1, 0, NULL)\
	INSERT INTO tbl_i18n_i18n (i18n_pref, i18n_lang, i18n_ext_pk, i18n_text) VALUES ('entd', 'es', 31212, 'F. Emisión')\
INSERT INTO tbl_entidad_tipo_dato_entd (entd_pk, entd_enti_pk, entd_tpdt_pk, entd_grupo, entd_fila, entd_orden, entd_span, entd_obligatorio, entd_gridable, entd_filtrable, entd_valor_defecto)
VALUES (31213, 22007, 41020, 1,  3,  3,  4, 0, 1, 0, NULL)\
	INSERT INTO tbl_i18n_i18n (i18n_pref, i18n_lang, i18n_ext_pk, i18n_text) VALUES ('entd', 'es', 31213, 'Nº Aduanero')\
INSERT INTO tbl_entidad_tipo_dato_entd (entd_pk, entd_enti_pk, entd_tpdt_pk, entd_grupo, entd_fila, entd_orden, entd_span, entd_obligatorio, entd_gridable, entd_filtrable, entd_valor_defecto)
VALUES (31214, 22007, 41021, 1,  4,  4,  4, 1, 1, 0, NULL)\
	INSERT INTO tbl_i18n_i18n (i18n_pref, i18n_lang, i18n_ext_pk, i18n_text) VALUES ('entd', 'es', 31214, 'Estado Documento')\
INSERT INTO tbl_entidad_tipo_dato_entd (entd_pk, entd_enti_pk, entd_tpdt_pk, entd_grupo, entd_fila, entd_orden, entd_span, entd_obligatorio, entd_gridable, entd_filtrable, entd_valor_defecto)
VALUES (31215, 22007, 45310, 1,  5,  5,  4, 0, 1, 1, NULL)\
	INSERT INTO tbl_i18n_i18n (i18n_pref, i18n_lang, i18n_ext_pk, i18n_text) VALUES ('entd', 'es', 31215, 'Tipo Documento')\







-- Escala
-- Escala
-- Escala
INSERT INTO tbl_entidad_tipo_dato_entd (entd_pk, entd_enti_pk, entd_tpdt_pk, entd_grupo, entd_fila, entd_orden, entd_span, entd_obligatorio, entd_gridable, entd_filtrable, entd_valor_defecto)
VALUES (31220, 21003, 41000, 1,  1,  1,  2, 1, 1, 1, NULL)\
	INSERT INTO tbl_i18n_i18n (i18n_pref, i18n_lang, i18n_ext_pk, i18n_text) VALUES ('entd', 'es', 31220, 'Carga EDI?')\
INSERT INTO tbl_entidad_tipo_dato_entd (entd_pk, entd_enti_pk, entd_tpdt_pk, entd_grupo, entd_fila, entd_orden, entd_span, entd_obligatorio, entd_gridable, entd_filtrable, entd_valor_defecto)
VALUES (31221, 21003, 41020, 1,  2,  2,  3, 0, 0, 0, NULL)\
	INSERT INTO tbl_i18n_i18n (i18n_pref, i18n_lang, i18n_ext_pk, i18n_text) VALUES ('entd', 'es', 31221, 'Emisor EDI')\
INSERT INTO tbl_entidad_tipo_dato_entd (entd_pk, entd_enti_pk, entd_tpdt_pk, entd_grupo, entd_fila, entd_orden, entd_span, entd_obligatorio, entd_gridable, entd_filtrable, entd_valor_defecto)
VALUES (31222, 21003, 41021, 1,  3,  3,  2, 0, 0, 0, NULL)\
	INSERT INTO tbl_i18n_i18n (i18n_pref, i18n_lang, i18n_ext_pk, i18n_text) VALUES ('entd', 'es', 31222, 'Ref. Mensaje EDI')\
INSERT INTO tbl_entidad_tipo_dato_entd (entd_pk, entd_enti_pk, entd_tpdt_pk, entd_grupo, entd_fila, entd_orden, entd_span, entd_obligatorio, entd_gridable, entd_filtrable, entd_valor_defecto)
VALUES (31223, 21003, 43245, 1,  5,  5,  2, 0, 1, 1, NULL)\
	INSERT INTO tbl_i18n_i18n (i18n_pref, i18n_lang, i18n_ext_pk, i18n_text) VALUES ('entd', 'es', 31223, 'Estado C. M.')\
INSERT INTO tbl_entidad_tipo_dato_entd (entd_pk, entd_enti_pk, entd_tpdt_pk, entd_grupo, entd_fila, entd_orden, entd_span, entd_obligatorio, entd_gridable, entd_filtrable, entd_valor_defecto)
VALUES (31224, 21003, 41100, 1,  6,  6,  2, 0, 0, 0, NULL)\
	INSERT INTO tbl_i18n_i18n (i18n_pref, i18n_lang, i18n_ext_pk, i18n_text) VALUES ('entd', 'es', 31224, 'Fecha C. M.')\
INSERT INTO tbl_entidad_tipo_dato_entd (entd_pk, entd_enti_pk, entd_tpdt_pk, entd_grupo, entd_fila, entd_orden, entd_span, entd_obligatorio, entd_gridable, entd_filtrable, entd_valor_defecto)
VALUES (31225, 21003, 41101, 1,  7,  7,  2, 0, 0, 0, NULL)\
	INSERT INTO tbl_i18n_i18n (i18n_pref, i18n_lang, i18n_ext_pk, i18n_text) VALUES ('entd', 'es', 31225, 'Fecha Not. Prác.')\
INSERT INTO tbl_entidad_tipo_dato_entd (entd_pk, entd_enti_pk, entd_tpdt_pk, entd_grupo, entd_fila, entd_orden, entd_span, entd_obligatorio, entd_gridable, entd_filtrable, entd_valor_defecto)
VALUES (31226, 21003, 41022, 1,  8,  8,  3, 0, 0, 0, NULL)\
	INSERT INTO tbl_i18n_i18n (i18n_pref, i18n_lang, i18n_ext_pk, i18n_text) VALUES ('entd', 'es', 31226, 'Manifiesto Not. Prác.')\
INSERT INTO tbl_entidad_tipo_dato_entd (entd_pk, entd_enti_pk, entd_tpdt_pk, entd_grupo, entd_fila, entd_orden, entd_span, entd_obligatorio, entd_gridable, entd_filtrable, entd_valor_defecto)
VALUES (31227, 21003, 41102, 1,  9,  9,  2, 0, 1, 0, NULL)\
	INSERT INTO tbl_i18n_i18n (i18n_pref, i18n_lang, i18n_ext_pk, i18n_text) VALUES ('entd', 'es', 31227, 'F. Entrada')\
INSERT INTO tbl_entidad_tipo_dato_entd (entd_pk, entd_enti_pk, entd_tpdt_pk, entd_grupo, entd_fila, entd_orden, entd_span, entd_obligatorio, entd_gridable, entd_filtrable, entd_valor_defecto)
VALUES (31228, 21003, 41103, 1, 10, 10,  2, 0, 1, 0, NULL)\
	INSERT INTO tbl_i18n_i18n (i18n_pref, i18n_lang, i18n_ext_pk, i18n_text) VALUES ('entd', 'es', 31228, 'F. Salida')\
INSERT INTO tbl_entidad_tipo_dato_entd (entd_pk, entd_enti_pk, entd_tpdt_pk, entd_grupo, entd_fila, entd_orden, entd_span, entd_obligatorio, entd_gridable, entd_filtrable, entd_valor_defecto)
VALUES (31229, 21003, 45010, 1, 11, 11,  4, 1, 1, 1, NULL)\
	INSERT INTO tbl_i18n_i18n (i18n_pref, i18n_lang, i18n_ext_pk, i18n_text) VALUES ('entd', 'es', 31229, 'Buque')\
INSERT INTO tbl_entidad_tipo_dato_entd (entd_pk, entd_enti_pk, entd_tpdt_pk, entd_grupo, entd_fila, entd_orden, entd_span, entd_obligatorio, entd_gridable, entd_filtrable, entd_valor_defecto)
VALUES (31230, 21003, 45030, 1, 12, 12,  4, 1, 1, 1, NULL)\
	INSERT INTO tbl_i18n_i18n (i18n_pref, i18n_lang, i18n_ext_pk, i18n_text) VALUES ('entd', 'es', 31230, 'T. Buque Ent.')\
INSERT INTO tbl_entidad_tipo_dato_entd (entd_pk, entd_enti_pk, entd_tpdt_pk, entd_grupo, entd_fila, entd_orden, entd_span, entd_obligatorio, entd_gridable, entd_filtrable, entd_valor_defecto)
VALUES (31231, 21003, 45031, 1, 13, 13,  4, 1, 1, 1, NULL)\
	INSERT INTO tbl_i18n_i18n (i18n_pref, i18n_lang, i18n_ext_pk, i18n_text) VALUES ('entd', 'es', 31231, 'T. Buque Sal.')\
INSERT INTO tbl_entidad_tipo_dato_entd (entd_pk, entd_enti_pk, entd_tpdt_pk, entd_grupo, entd_fila, entd_orden, entd_span, entd_obligatorio, entd_gridable, entd_filtrable, entd_valor_defecto)
VALUES (31232, 21003, 43115, 1, 14, 14,  2, 1, 1, 1, NULL)\
	INSERT INTO tbl_i18n_i18n (i18n_pref, i18n_lang, i18n_ext_pk, i18n_text) VALUES ('entd', 'es', 31232, 'Estancia')\
INSERT INTO tbl_entidad_tipo_dato_entd (entd_pk, entd_enti_pk, entd_tpdt_pk, entd_grupo, entd_fila, entd_orden, entd_span, entd_obligatorio, entd_gridable, entd_filtrable, entd_valor_defecto)
VALUES (31233, 21003, 41001, 1, 15, 15,  2, 1, 1, 1, NULL)\
	INSERT INTO tbl_i18n_i18n (i18n_pref, i18n_lang, i18n_ext_pk, i18n_text) VALUES ('entd', 'es', 31233, 'Nav. Internacional')\
INSERT INTO tbl_entidad_tipo_dato_entd (entd_pk, entd_enti_pk, entd_tpdt_pk, entd_grupo, entd_fila, entd_orden, entd_span, entd_obligatorio, entd_gridable, entd_filtrable, entd_valor_defecto)
VALUES (31234, 21003, 43000, 1, 16, 16,  2, 1, 1, 1, NULL)\
	INSERT INTO tbl_i18n_i18n (i18n_pref, i18n_lang, i18n_ext_pk, i18n_text) VALUES ('entd', 'es', 31234, 'Cód. Exención')\
INSERT INTO tbl_entidad_tipo_dato_entd (entd_pk, entd_enti_pk, entd_tpdt_pk, entd_grupo, entd_fila, entd_orden, entd_span, entd_obligatorio, entd_gridable, entd_filtrable, entd_valor_defecto)
VALUES (31235, 21003, 45155, 1, 17, 17,  4, 0, 0, 1, NULL)\
	INSERT INTO tbl_i18n_i18n (i18n_pref, i18n_lang, i18n_ext_pk, i18n_text) VALUES ('entd', 'es', 31235, 'Tipo Exención')\
INSERT INTO tbl_entidad_tipo_dato_entd (entd_pk, entd_enti_pk, entd_tpdt_pk, entd_grupo, entd_fila, entd_orden, entd_span, entd_obligatorio, entd_gridable, entd_filtrable, entd_valor_defecto)
VALUES (31236, 21003, 41002, 1, 18, 18,  2, 1, 0, 0, NULL)\
	INSERT INTO tbl_i18n_i18n (i18n_pref, i18n_lang, i18n_ext_pk, i18n_text) VALUES ('entd', 'es', 31236, 'Carga MM.PP.?')\
INSERT INTO tbl_entidad_tipo_dato_entd (entd_pk, entd_enti_pk, entd_tpdt_pk, entd_grupo, entd_fila, entd_orden, entd_span, entd_obligatorio, entd_gridable, entd_filtrable, entd_valor_defecto)
VALUES (31237, 21003, 41003, 1, 19, 19,  2, 1, 0, 0, NULL)\
	INSERT INTO tbl_i18n_i18n (i18n_pref, i18n_lang, i18n_ext_pk, i18n_text) VALUES ('entd', 'es', 31237, 'Transporta MM.PP.?')\
INSERT INTO tbl_entidad_tipo_dato_entd (entd_pk, entd_enti_pk, entd_tpdt_pk, entd_grupo, entd_fila, entd_orden, entd_span, entd_obligatorio, entd_gridable, entd_filtrable, entd_valor_defecto)
VALUES (31238, 21003, 41004, 1, 20, 20,  2, 1, 0, 0, NULL)\
	INSERT INTO tbl_i18n_i18n (i18n_pref, i18n_lang, i18n_ext_pk, i18n_text) VALUES ('entd', 'es', 31238, 'Descarga MM.PP.?')\
INSERT INTO tbl_entidad_tipo_dato_entd (entd_pk, entd_enti_pk, entd_tpdt_pk, entd_grupo, entd_fila, entd_orden, entd_span, entd_obligatorio, entd_gridable, entd_filtrable, entd_valor_defecto)
VALUES (31239, 21003, 41005, 1, 21, 21,  2, 1, 0, 0, NULL)\
	INSERT INTO tbl_i18n_i18n (i18n_pref, i18n_lang, i18n_ext_pk, i18n_text) VALUES ('entd', 'es', 31239, 'Suj. Pas. Sust.?')\
INSERT INTO tbl_entidad_tipo_dato_entd (entd_pk, entd_enti_pk, entd_tpdt_pk, entd_grupo, entd_fila, entd_orden, entd_span, entd_obligatorio, entd_gridable, entd_filtrable, entd_valor_defecto)
VALUES (31240, 21003, 41006, 1, 22, 22,  2, 1, 0, 0, NULL)\
	INSERT INTO tbl_i18n_i18n (i18n_pref, i18n_lang, i18n_ext_pk, i18n_text) VALUES ('entd', 'es', 31240, 'Op. Comerciales?')\
INSERT INTO tbl_entidad_tipo_dato_entd (entd_pk, entd_enti_pk, entd_tpdt_pk, entd_grupo, entd_fila, entd_orden, entd_span, entd_obligatorio, entd_gridable, entd_filtrable, entd_valor_defecto)
VALUES (31241, 21003, 45245, 1, 23, 23,  4, 0, 0, 1, NULL)\
	INSERT INTO tbl_i18n_i18n (i18n_pref, i18n_lang, i18n_ext_pk, i18n_text) VALUES ('entd', 'es', 31241, 'Acuerdo')\
INSERT INTO tbl_entidad_tipo_dato_entd (entd_pk, entd_enti_pk, entd_tpdt_pk, entd_grupo, entd_fila, entd_orden, entd_span, entd_obligatorio, entd_gridable, entd_filtrable, entd_valor_defecto)
VALUES (31242, 21003, 45240, 1, 24, 24,  4, 0, 0, 1, NULL)\
	INSERT INTO tbl_i18n_i18n (i18n_pref, i18n_lang, i18n_ext_pk, i18n_text) VALUES ('entd', 'es', 31242, 'Serv. Tráfico')\
INSERT INTO tbl_entidad_tipo_dato_entd (entd_pk, entd_enti_pk, entd_tpdt_pk, entd_grupo, entd_fila, entd_orden, entd_span, entd_obligatorio, entd_gridable, entd_filtrable, entd_valor_defecto)
VALUES (31243, 21003, 45040, 1, 25, 25,  2, 1, 0, 0, NULL)\
	INSERT INTO tbl_i18n_i18n (i18n_pref, i18n_lang, i18n_ext_pk, i18n_text) VALUES ('entd', 'es', 31243, 'Tipo de IVA')\
INSERT INTO tbl_entidad_tipo_dato_entd (entd_pk, entd_enti_pk, entd_tpdt_pk, entd_grupo, entd_fila, entd_orden, entd_span, entd_obligatorio, entd_gridable, entd_filtrable, entd_valor_defecto)
VALUES (31244, 21003, 45235, 1, 26, 26,  3, 1, 0, 0, NULL)\
	INSERT INTO tbl_i18n_i18n (i18n_pref, i18n_lang, i18n_ext_pk, i18n_text) VALUES ('entd', 'es', 31244, 'Navegación Ent.')\
INSERT INTO tbl_entidad_tipo_dato_entd (entd_pk, entd_enti_pk, entd_tpdt_pk, entd_grupo, entd_fila, entd_orden, entd_span, entd_obligatorio, entd_gridable, entd_filtrable, entd_valor_defecto)
VALUES (31245, 21003, 45236, 1, 27, 27,  3, 1, 0, 0, NULL)\
	INSERT INTO tbl_i18n_i18n (i18n_pref, i18n_lang, i18n_ext_pk, i18n_text) VALUES ('entd', 'es', 31245, 'Navegación Sal.')\
INSERT INTO tbl_entidad_tipo_dato_entd (entd_pk, entd_enti_pk, entd_tpdt_pk, entd_grupo, entd_fila, entd_orden, entd_span, entd_obligatorio, entd_gridable, entd_filtrable, entd_valor_defecto)
VALUES (31246, 21003, 41023, 1, 28, 28,  3, 0, 0, 0, NULL)\
	INSERT INTO tbl_i18n_i18n (i18n_pref, i18n_lang, i18n_ext_pk, i18n_text) VALUES ('entd', 'es', 31246, 'Cap. Entrada')\
INSERT INTO tbl_entidad_tipo_dato_entd (entd_pk, entd_enti_pk, entd_tpdt_pk, entd_grupo, entd_fila, entd_orden, entd_span, entd_obligatorio, entd_gridable, entd_filtrable, entd_valor_defecto)
VALUES (31247, 21003, 41024, 1, 29, 29,  3, 0, 0, 0, NULL)\
	INSERT INTO tbl_i18n_i18n (i18n_pref, i18n_lang, i18n_ext_pk, i18n_text) VALUES ('entd', 'es', 31247, 'Cap. Salida')\
INSERT INTO tbl_entidad_tipo_dato_entd (entd_pk, entd_enti_pk, entd_tpdt_pk, entd_grupo, entd_fila, entd_orden, entd_span, entd_obligatorio, entd_gridable, entd_filtrable, entd_valor_defecto)
VALUES (31248, 21003, 41060, 1, 30, 30,  1, 0, 0, 0, NULL)\
	INSERT INTO tbl_i18n_i18n (i18n_pref, i18n_lang, i18n_ext_pk, i18n_text) VALUES ('entd', 'es', 31248, 'Trip. Ent.')\
INSERT INTO tbl_entidad_tipo_dato_entd (entd_pk, entd_enti_pk, entd_tpdt_pk, entd_grupo, entd_fila, entd_orden, entd_span, entd_obligatorio, entd_gridable, entd_filtrable, entd_valor_defecto)
VALUES (31249, 21003, 41062, 1, 31, 31,  1, 0, 0, 0, NULL)\
	INSERT INTO tbl_i18n_i18n (i18n_pref, i18n_lang, i18n_ext_pk, i18n_text) VALUES ('entd', 'es', 31249, 'Trip. Sal.')\
INSERT INTO tbl_entidad_tipo_dato_entd (entd_pk, entd_enti_pk, entd_tpdt_pk, entd_grupo, entd_fila, entd_orden, entd_span, entd_obligatorio, entd_gridable, entd_filtrable, entd_valor_defecto)
VALUES (31250, 21003, 41063, 1, 32, 32,  1, 0, 0, 0, NULL)\
	INSERT INTO tbl_i18n_i18n (i18n_pref, i18n_lang, i18n_ext_pk, i18n_text) VALUES ('entd', 'es', 31250, 'Pas. Ent.')\
INSERT INTO tbl_entidad_tipo_dato_entd (entd_pk, entd_enti_pk, entd_tpdt_pk, entd_grupo, entd_fila, entd_orden, entd_span, entd_obligatorio, entd_gridable, entd_filtrable, entd_valor_defecto)
VALUES (31251, 21003, 41064, 1, 33, 33,  1, 0, 0, 0, NULL)\
	INSERT INTO tbl_i18n_i18n (i18n_pref, i18n_lang, i18n_ext_pk, i18n_text) VALUES ('entd', 'es', 31251, 'Pas. Sal.')\
INSERT INTO tbl_entidad_tipo_dato_entd (entd_pk, entd_enti_pk, entd_tpdt_pk, entd_grupo, entd_fila, entd_orden, entd_span, entd_obligatorio, entd_gridable, entd_filtrable, entd_valor_defecto)
VALUES (31252, 21003, 41065, 1, 34, 34,  1, 0, 0, 0, NULL)\
	INSERT INTO tbl_i18n_i18n (i18n_pref, i18n_lang, i18n_ext_pk, i18n_text) VALUES ('entd', 'es', 31252, 'Pol. Ent.')\
INSERT INTO tbl_entidad_tipo_dato_entd (entd_pk, entd_enti_pk, entd_tpdt_pk, entd_grupo, entd_fila, entd_orden, entd_span, entd_obligatorio, entd_gridable, entd_filtrable, entd_valor_defecto)
VALUES (31253, 21003, 41066, 1, 35, 35,  1, 0, 0, 0, NULL)\
	INSERT INTO tbl_i18n_i18n (i18n_pref, i18n_lang, i18n_ext_pk, i18n_text) VALUES ('entd', 'es', 31253, 'Pol. Sal.')\
INSERT INTO tbl_entidad_tipo_dato_entd (entd_pk, entd_enti_pk, entd_tpdt_pk, entd_grupo, entd_fila, entd_orden, entd_span, entd_obligatorio, entd_gridable, entd_filtrable, entd_valor_defecto)
VALUES (31254, 21003, 41067, 1, 36, 36,  1, 0, 0, 0, NULL)\
	INSERT INTO tbl_i18n_i18n (i18n_pref, i18n_lang, i18n_ext_pk, i18n_text) VALUES ('entd', 'es', 31254, 'Esclusas')\
INSERT INTO tbl_entidad_tipo_dato_entd (entd_pk, entd_enti_pk, entd_tpdt_pk, entd_grupo, entd_fila, entd_orden, entd_span, entd_obligatorio, entd_gridable, entd_filtrable, entd_valor_defecto)
VALUES (31255, 21003, 41068, 1, 37, 37,  1, 0, 0, 0, NULL)\
	INSERT INTO tbl_i18n_i18n (i18n_pref, i18n_lang, i18n_ext_pk, i18n_text) VALUES ('entd', 'es', 31255, 'Pasarelas')\
INSERT INTO tbl_entidad_tipo_dato_entd (entd_pk, entd_enti_pk, entd_tpdt_pk, entd_grupo, entd_fila, entd_orden, entd_span, entd_obligatorio, entd_gridable, entd_filtrable, entd_valor_defecto)
VALUES (31256, 21003, 45055, 1, 38, 38,  4, 1, 0, 0, NULL)\
	INSERT INTO tbl_i18n_i18n (i18n_pref, i18n_lang, i18n_ext_pk, i18n_text) VALUES ('entd', 'es', 31256, 'Puerto Sig.')\
INSERT INTO tbl_entidad_tipo_dato_entd (entd_pk, entd_enti_pk, entd_tpdt_pk, entd_grupo, entd_fila, entd_orden, entd_span, entd_obligatorio, entd_gridable, entd_filtrable, entd_valor_defecto)
VALUES (31257, 21003, 45056, 1, 39, 39,  4, 1, 0, 0, NULL)\
	INSERT INTO tbl_i18n_i18n (i18n_pref, i18n_lang, i18n_ext_pk, i18n_text) VALUES ('entd', 'es', 31257, 'Puerto Ant.')\
INSERT INTO tbl_entidad_tipo_dato_entd (entd_pk, entd_enti_pk, entd_tpdt_pk, entd_grupo, entd_fila, entd_orden, entd_span, entd_obligatorio, entd_gridable, entd_filtrable, entd_valor_defecto)
VALUES (31258, 21003, 45035, 1, 40, 40,  4, 0, 0, 0, NULL)\
	INSERT INTO tbl_i18n_i18n (i18n_pref, i18n_lang, i18n_ext_pk, i18n_text) VALUES ('entd', 'es', 31258, 'Cliente S.M.')\
INSERT INTO tbl_entidad_tipo_dato_entd (entd_pk, entd_enti_pk, entd_tpdt_pk, entd_grupo, entd_fila, entd_orden, entd_span, entd_obligatorio, entd_gridable, entd_filtrable, entd_valor_defecto)
VALUES (31259, 21003, 45036, 1, 41, 41,  4, 0, 0, 0, NULL)\
	INSERT INTO tbl_i18n_i18n (i18n_pref, i18n_lang, i18n_ext_pk, i18n_text) VALUES ('entd', 'es', 31259, 'Cliente Residuos')\
INSERT INTO tbl_entidad_tipo_dato_entd (entd_pk, entd_enti_pk, entd_tpdt_pk, entd_grupo, entd_fila, entd_orden, entd_span, entd_obligatorio, entd_gridable, entd_filtrable, entd_valor_defecto)
VALUES (31260, 21003, 45037, 1, 42, 42,  4, 0, 0, 0, NULL)\
	INSERT INTO tbl_i18n_i18n (i18n_pref, i18n_lang, i18n_ext_pk, i18n_text) VALUES ('entd', 'es', 31260, 'Consignatario')\
INSERT INTO tbl_entidad_tipo_dato_entd (entd_pk, entd_enti_pk, entd_tpdt_pk, entd_grupo, entd_fila, entd_orden, entd_span, entd_obligatorio, entd_gridable, entd_filtrable, entd_valor_defecto)
VALUES (31261, 21003, 41025, 1, 43, 43, 12, 0, 0, 0, NULL)\
	INSERT INTO tbl_i18n_i18n (i18n_pref, i18n_lang, i18n_ext_pk, i18n_text) VALUES ('entd', 'es', 31261, 'Observaciones')\
INSERT INTO tbl_entidad_tipo_dato_entd (entd_pk, entd_enti_pk, entd_tpdt_pk, entd_grupo, entd_fila, entd_orden, entd_span, entd_obligatorio, entd_gridable, entd_filtrable, entd_valor_defecto)
VALUES (31262, 21003, 41026, 1, 44, 44, 12, 0, 0, 0, NULL)\
	INSERT INTO tbl_i18n_i18n (i18n_pref, i18n_lang, i18n_ext_pk, i18n_text) VALUES ('entd', 'es', 31262, 'Observaciones C.M.')\
INSERT INTO tbl_entidad_tipo_dato_entd (entd_pk, entd_enti_pk, entd_tpdt_pk, entd_grupo, entd_fila, entd_orden, entd_span, entd_obligatorio, entd_gridable, entd_filtrable, entd_valor_defecto)
VALUES (31263, 21003, 41027, 1, 45, 45, 12, 0, 0, 0, NULL)\
	INSERT INTO tbl_i18n_i18n (i18n_pref, i18n_lang, i18n_ext_pk, i18n_text) VALUES ('entd', 'es', 31263, 'Observaciones DUE')\
INSERT INTO tbl_entidad_tipo_dato_entd (entd_pk, entd_enti_pk, entd_tpdt_pk, entd_grupo, entd_fila, entd_orden, entd_span, entd_obligatorio, entd_gridable, entd_filtrable, entd_valor_defecto)
VALUES (31264, 21003, 41028, 1, 46, 46, 12, 0, 0, 0, NULL)\
	INSERT INTO tbl_i18n_i18n (i18n_pref, i18n_lang, i18n_ext_pk, i18n_text) VALUES ('entd', 'es', 31264, 'Observaciones Facturación')\
INSERT INTO tbl_entidad_tipo_dato_entd (entd_pk, entd_enti_pk, entd_tpdt_pk, entd_grupo, entd_fila, entd_orden, entd_span, entd_obligatorio, entd_gridable, entd_filtrable, entd_valor_defecto)
VALUES (31265, 21003, 41007, 1, 47, 47,  2, 1, 0, 0, NULL)\
	INSERT INTO tbl_i18n_i18n (i18n_pref, i18n_lang, i18n_ext_pk, i18n_text) VALUES ('entd', 'es', 31265, 'Cabotaje?')\
INSERT INTO tbl_entidad_tipo_dato_entd (entd_pk, entd_enti_pk, entd_tpdt_pk, entd_grupo, entd_fila, entd_orden, entd_span, entd_obligatorio, entd_gridable, entd_filtrable, entd_valor_defecto)
VALUES (31266, 21003, 41008, 1, 48, 48,  2, 1, 0, 0, NULL)\
	INSERT INTO tbl_i18n_i18n (i18n_pref, i18n_lang, i18n_ext_pk, i18n_text) VALUES ('entd', 'es', 31266, 'Transporta Crudo?')\
INSERT INTO tbl_entidad_tipo_dato_entd (entd_pk, entd_enti_pk, entd_tpdt_pk, entd_grupo, entd_fila, entd_orden, entd_span, entd_obligatorio, entd_gridable, entd_filtrable, entd_valor_defecto)
VALUES (31267, 21003, 41009, 1, 49, 49,  3, 1, 0, 0, NULL)\
	INSERT INTO tbl_i18n_i18n (i18n_pref, i18n_lang, i18n_ext_pk, i18n_text) VALUES ('entd', 'es', 31267, 'Recogida por Medios Marinos?')\
INSERT INTO tbl_entidad_tipo_dato_entd (entd_pk, entd_enti_pk, entd_tpdt_pk, entd_grupo, entd_fila, entd_orden, entd_span, entd_obligatorio, entd_gridable, entd_filtrable, entd_valor_defecto)
VALUES (31268, 21003, 41010, 1, 50, 50,  2, 1, 0, 0, NULL)\
	INSERT INTO tbl_i18n_i18n (i18n_pref, i18n_lang, i18n_ext_pk, i18n_text) VALUES ('entd', 'es', 31268, 'Cert. Anexo?')\
INSERT INTO tbl_entidad_tipo_dato_entd (entd_pk, entd_enti_pk, entd_tpdt_pk, entd_grupo, entd_fila, entd_orden, entd_span, entd_obligatorio, entd_gridable, entd_filtrable, entd_valor_defecto)
VALUES (31269, 21003, 41011, 1, 51, 51,  2, 1, 0, 0, NULL)\
	INSERT INTO tbl_i18n_i18n (i18n_pref, i18n_lang, i18n_ext_pk, i18n_text) VALUES ('entd', 'es', 31269, 'Cert. Residuos?')\
INSERT INTO tbl_entidad_tipo_dato_entd (entd_pk, entd_enti_pk, entd_tpdt_pk, entd_grupo, entd_fila, entd_orden, entd_span, entd_obligatorio, entd_gridable, entd_filtrable, entd_valor_defecto)
VALUES (31270, 21003, 41012, 1, 52, 52,  2, 1, 0, 0, NULL)\
	INSERT INTO tbl_i18n_i18n (i18n_pref, i18n_lang, i18n_ext_pk, i18n_text) VALUES ('entd', 'es', 31270, 'Tarifa Residuos?')\
INSERT INTO tbl_entidad_tipo_dato_entd (entd_pk, entd_enti_pk, entd_tpdt_pk, entd_grupo, entd_fila, entd_orden, entd_span, entd_obligatorio, entd_gridable, entd_filtrable, entd_valor_defecto)
VALUES (31271, 21003, 43515, 1, 53, 53,  4, 0, 0, 0, NULL)\
	INSERT INTO tbl_i18n_i18n (i18n_pref, i18n_lang, i18n_ext_pk, i18n_text) VALUES ('entd', 'es', 31271, 'Cond. Tanque Lastre')\
INSERT INTO tbl_entidad_tipo_dato_entd (entd_pk, entd_enti_pk, entd_tpdt_pk, entd_grupo, entd_fila, entd_orden, entd_span, entd_obligatorio, entd_gridable, entd_filtrable, entd_valor_defecto)
VALUES (31272, 21003, 43520, 1, 54, 54,  4, 0, 0, 0, NULL)\
	INSERT INTO tbl_i18n_i18n (i18n_pref, i18n_lang, i18n_ext_pk, i18n_text) VALUES ('entd', 'es', 31272, 'Cond. Tanque Carga')\
INSERT INTO tbl_entidad_tipo_dato_entd (entd_pk, entd_enti_pk, entd_tpdt_pk, entd_grupo, entd_fila, entd_orden, entd_span, entd_obligatorio, entd_gridable, entd_filtrable, entd_valor_defecto)
VALUES (31273, 21003, 41013, 1, 55, 55,  2, 1, 0, 0, NULL)\
	INSERT INTO tbl_i18n_i18n (i18n_pref, i18n_lang, i18n_ext_pk, i18n_text) VALUES ('entd', 'es', 31273, 'Merc. Regulada?')\
INSERT INTO tbl_entidad_tipo_dato_entd (entd_pk, entd_enti_pk, entd_tpdt_pk, entd_grupo, entd_fila, entd_orden, entd_span, entd_obligatorio, entd_gridable, entd_filtrable, entd_valor_defecto)
VALUES (31274, 21003, 41069, 1, 56, 56,  2, 0, 0, 0, NULL)\
	INSERT INTO tbl_i18n_i18n (i18n_pref, i18n_lang, i18n_ext_pk, i18n_text) VALUES ('entd', 'es', 31274, 'Vol. Carga')\
INSERT INTO tbl_entidad_tipo_dato_entd (entd_pk, entd_enti_pk, entd_tpdt_pk, entd_grupo, entd_fila, entd_orden, entd_span, entd_obligatorio, entd_gridable, entd_filtrable, entd_valor_defecto)
VALUES (31275, 21003, 41014, 1, 57, 57,  2, 1, 0, 0, NULL)\
	INSERT INTO tbl_i18n_i18n (i18n_pref, i18n_lang, i18n_ext_pk, i18n_text) VALUES ('entd', 'es', 31275, 'Tareas Obligatorias?')\
INSERT INTO tbl_entidad_tipo_dato_entd (entd_pk, entd_enti_pk, entd_tpdt_pk, entd_grupo, entd_fila, entd_orden, entd_span, entd_obligatorio, entd_gridable, entd_filtrable, entd_valor_defecto)
VALUES (31276, 21003, 41031, 1, 58, 58,  4, 0, 0, 0, NULL)\
	INSERT INTO tbl_i18n_i18n (i18n_pref, i18n_lang, i18n_ext_pk, i18n_text) VALUES ('entd', 'es', 31276, 'Tareas Obligatorias')\
INSERT INTO tbl_entidad_tipo_dato_entd (entd_pk, entd_enti_pk, entd_tpdt_pk, entd_grupo, entd_fila, entd_orden, entd_span, entd_obligatorio, entd_gridable, entd_filtrable, entd_valor_defecto)
VALUES (31277, 21003, 41015, 1, 59, 59,  2, 1, 0, 0, NULL)\
	INSERT INTO tbl_i18n_i18n (i18n_pref, i18n_lang, i18n_ext_pk, i18n_text) VALUES ('entd', 'es', 31277, 'Modificado EDI?')\


-- Atraque
INSERT INTO tbl_entidad_tipo_dato_entd (entd_pk, entd_enti_pk, entd_tpdt_pk, entd_grupo, entd_fila, entd_orden, entd_span, entd_obligatorio, entd_gridable, entd_filtrable, entd_valor_defecto)
VALUES (31291, 22011, 41020, 1,  2,  2,  3, 0, 0, 0, NULL)\
	INSERT INTO tbl_i18n_i18n (i18n_pref, i18n_lang, i18n_ext_pk, i18n_text) VALUES ('entd', 'es', 31291, 'Emisor EDI')\
INSERT INTO tbl_entidad_tipo_dato_entd (entd_pk, entd_enti_pk, entd_tpdt_pk, entd_grupo, entd_fila, entd_orden, entd_span, entd_obligatorio, entd_gridable, entd_filtrable, entd_valor_defecto)
VALUES (31292, 22011, 41060, 1,  3,  3,  2, 0, 1, 0, NULL)\
	INSERT INTO tbl_i18n_i18n (i18n_pref, i18n_lang, i18n_ext_pk, i18n_text) VALUES ('entd', 'es', 31292, 'Nº EDI')\
INSERT INTO tbl_entidad_tipo_dato_entd (entd_pk, entd_enti_pk, entd_tpdt_pk, entd_grupo, entd_fila, entd_orden, entd_span, entd_obligatorio, entd_gridable, entd_filtrable, entd_valor_defecto)
VALUES (31293, 22011, 43000, 1,  4,  4,  3, 1, 1, 1, NULL)\
	INSERT INTO tbl_i18n_i18n (i18n_pref, i18n_lang, i18n_ext_pk, i18n_text) VALUES ('entd', 'es', 31293, 'Cód. Exención')\
INSERT INTO tbl_entidad_tipo_dato_entd (entd_pk, entd_enti_pk, entd_tpdt_pk, entd_grupo, entd_fila, entd_orden, entd_span, entd_obligatorio, entd_gridable, entd_filtrable, entd_valor_defecto)
VALUES (31294, 22011, 41000, 1,  5,  5,  2, 1, 0, 0, NULL)\
	INSERT INTO tbl_i18n_i18n (i18n_pref, i18n_lang, i18n_ext_pk, i18n_text) VALUES ('entd', 'es', 31294, 'Suj. Pas. Sust.?')\
INSERT INTO tbl_entidad_tipo_dato_entd (entd_pk, entd_enti_pk, entd_tpdt_pk, entd_grupo, entd_fila, entd_orden, entd_span, entd_obligatorio, entd_gridable, entd_filtrable, entd_valor_defecto)
VALUES (31296, 22011, 45035, 1,  8,  8,  4, 0, 1, 1, NULL)\
	INSERT INTO tbl_i18n_i18n (i18n_pref, i18n_lang, i18n_ext_pk, i18n_text) VALUES ('entd', 'es', 31296, 'Cliente')\
INSERT INTO tbl_entidad_tipo_dato_entd (entd_pk, entd_enti_pk, entd_tpdt_pk, entd_grupo, entd_fila, entd_orden, entd_span, entd_obligatorio, entd_gridable, entd_filtrable, entd_valor_defecto)
VALUES (31297, 22011, 45155, 1,  9,  9,  4, 0, 1, 1, NULL)\
	INSERT INTO tbl_i18n_i18n (i18n_pref, i18n_lang, i18n_ext_pk, i18n_text) VALUES ('entd', 'es', 31297, 'T. Exención')\
INSERT INTO tbl_entidad_tipo_dato_entd (entd_pk, entd_enti_pk, entd_tpdt_pk, entd_grupo, entd_fila, entd_orden, entd_span, entd_obligatorio, entd_gridable, entd_filtrable, entd_valor_defecto)
VALUES (31298, 22011, 45036, 1, 10, 10,  4, 1, 1, 1, NULL)\
	INSERT INTO tbl_i18n_i18n (i18n_pref, i18n_lang, i18n_ext_pk, i18n_text) VALUES ('entd', 'es', 31298, 'Consignatario')\
INSERT INTO tbl_entidad_tipo_dato_entd (entd_pk, entd_enti_pk, entd_tpdt_pk, entd_grupo, entd_fila, entd_orden, entd_span, entd_obligatorio, entd_gridable, entd_filtrable, entd_valor_defecto)
VALUES (31299, 22011, 41001, 1, 11, 11,  2, 1, 0, 0, NULL)\
	INSERT INTO tbl_i18n_i18n (i18n_pref, i18n_lang, i18n_ext_pk, i18n_text) VALUES ('entd', 'es', 31299, 'Modificado EDI?')\
INSERT INTO tbl_entidad_tipo_dato_entd (entd_pk, entd_enti_pk, entd_tpdt_pk, entd_grupo, entd_fila, entd_orden, entd_span, entd_obligatorio, entd_gridable, entd_filtrable, entd_valor_defecto)
VALUES (31300, 22011, 45360, 1, 12, 12,  3, 0, 0, 0, NULL)\
	INSERT INTO tbl_i18n_i18n (i18n_pref, i18n_lang, i18n_ext_pk, i18n_text) VALUES ('entd', 'es', 31300, 'Desc. Adiciomal')\
INSERT INTO tbl_entidad_tipo_dato_entd (entd_pk, entd_enti_pk, entd_tpdt_pk, entd_grupo, entd_fila, entd_orden, entd_span, entd_obligatorio, entd_gridable, entd_filtrable, entd_valor_defecto)
VALUES (31301, 22011, 43120, 1,  13,  1,  2, 0, 0, 0, NULL)\
	INSERT INTO tbl_i18n_i18n (i18n_pref, i18n_lang, i18n_ext_pk, i18n_text) VALUES ('entd', 'es', 31301, 'Estancia')\
INSERT INTO tbl_entidad_tipo_dato_entd (entd_pk, entd_enti_pk, entd_tpdt_pk, entd_grupo, entd_fila, entd_orden, entd_span, entd_obligatorio, entd_gridable, entd_filtrable, entd_valor_defecto)
VALUES (31302, 22011, 45000, 1,  13,  2,  3, 0, 0, 0, NULL)\
	INSERT INTO tbl_i18n_i18n (i18n_pref, i18n_lang, i18n_ext_pk, i18n_text) VALUES ('entd', 'es', 31302, 'T. Act.')\
INSERT INTO tbl_entidad_tipo_dato_entd (entd_pk, entd_enti_pk, entd_tpdt_pk, entd_grupo, entd_fila, entd_orden, entd_span, entd_obligatorio, entd_gridable, entd_filtrable, entd_valor_defecto)
VALUES (31303, 22011, 43525, 1,  13,  3,  3, 0, 0, 0, NULL)\
	INSERT INTO tbl_i18n_i18n (i18n_pref, i18n_lang, i18n_ext_pk, i18n_text) VALUES ('entd', 'es', 31303, 'T. Act. EDI')\
INSERT INTO tbl_entidad_tipo_dato_entd (entd_pk, entd_enti_pk, entd_tpdt_pk, entd_grupo, entd_fila, entd_orden, entd_span, entd_obligatorio, entd_gridable, entd_filtrable, entd_valor_defecto)
VALUES (31304, 22011, 45180, 1,  13,  4,  4, 0, 0, 0, NULL)\
	INSERT INTO tbl_i18n_i18n (i18n_pref, i18n_lang, i18n_ext_pk, i18n_text) VALUES ('entd', 'es', 31304, 'Alineación')\
INSERT INTO tbl_entidad_tipo_dato_entd (entd_pk, entd_enti_pk, entd_tpdt_pk, entd_grupo, entd_fila, entd_orden, entd_span, entd_obligatorio, entd_gridable, entd_filtrable, entd_valor_defecto)
VALUES (31305, 22011, 45380, 1,  14,  1,  2, 0, 0, 0, NULL)\
	INSERT INTO tbl_i18n_i18n (i18n_pref, i18n_lang, i18n_ext_pk, i18n_text) VALUES ('entd', 'es', 31305, 'T. Atr.')\
INSERT INTO tbl_entidad_tipo_dato_entd (entd_pk, entd_enti_pk, entd_tpdt_pk, entd_grupo, entd_fila, entd_orden, entd_span, entd_obligatorio, entd_gridable, entd_filtrable, entd_valor_defecto)
VALUES (31306, 22011, 45410, 1,  14,  2,  4, 0, 0, 0, NULL)\
	INSERT INTO tbl_i18n_i18n (i18n_pref, i18n_lang, i18n_ext_pk, i18n_text) VALUES ('entd', 'es', 31306, 'T. Atr. EDI')\
INSERT INTO tbl_entidad_tipo_dato_entd (entd_pk, entd_enti_pk, entd_tpdt_pk, entd_grupo, entd_fila, entd_orden, entd_span, entd_obligatorio, entd_gridable, entd_filtrable, entd_valor_defecto)
VALUES (31307, 22011, 41040, 1,  14,  3,  1, 0, 0, 0, NULL)\
	INSERT INTO tbl_i18n_i18n (i18n_pref, i18n_lang, i18n_ext_pk, i18n_text) VALUES ('entd', 'es', 31307, 'Noray I.')\
INSERT INTO tbl_entidad_tipo_dato_entd (entd_pk, entd_enti_pk, entd_tpdt_pk, entd_grupo, entd_fila, entd_orden, entd_span, entd_obligatorio, entd_gridable, entd_filtrable, entd_valor_defecto)
VALUES (31308, 22011, 41041, 1,  14,  4,  1, 0, 0, 0, NULL)\
	INSERT INTO tbl_i18n_i18n (i18n_pref, i18n_lang, i18n_ext_pk, i18n_text) VALUES ('entd', 'es', 31308, 'Noray F.')\
INSERT INTO tbl_entidad_tipo_dato_entd (entd_pk, entd_enti_pk, entd_tpdt_pk, entd_grupo, entd_fila, entd_orden, entd_span, entd_obligatorio, entd_gridable, entd_filtrable, entd_valor_defecto)
VALUES (31309, 22011, 41042, 1,  14,  5,  1, 0, 0, 0, NULL)\
	INSERT INTO tbl_i18n_i18n (i18n_pref, i18n_lang, i18n_ext_pk, i18n_text) VALUES ('entd', 'es', 31309, 'Calado E.')\
INSERT INTO tbl_entidad_tipo_dato_entd (entd_pk, entd_enti_pk, entd_tpdt_pk, entd_grupo, entd_fila, entd_orden, entd_span, entd_obligatorio, entd_gridable, entd_filtrable, entd_valor_defecto)
VALUES (31310, 22011, 41043, 1,  14,  6,  1, 0, 0, 0, NULL)\
	INSERT INTO tbl_i18n_i18n (i18n_pref, i18n_lang, i18n_ext_pk, i18n_text) VALUES ('entd', 'es', 31310, 'Calado S.')\
INSERT INTO tbl_entidad_tipo_dato_entd (entd_pk, entd_enti_pk, entd_tpdt_pk, entd_grupo, entd_fila, entd_orden, entd_span, entd_obligatorio, entd_gridable, entd_filtrable, entd_valor_defecto)
VALUES (31311, 22011, 41007, 1,  14,  7,  1, 0, 0, 0, NULL)\
	INSERT INTO tbl_i18n_i18n (i18n_pref, i18n_lang, i18n_ext_pk, i18n_text) VALUES ('entd', 'es', 31311, 'Exen. Prac.?')\
INSERT INTO tbl_entidad_tipo_dato_entd (entd_pk, entd_enti_pk, entd_tpdt_pk, entd_grupo, entd_fila, entd_orden, entd_span, entd_obligatorio, entd_gridable, entd_filtrable, entd_valor_defecto)
VALUES (31312, 22011, 41044, 1,  15,  1,  1, 0, 0, 0, NULL)\
	INSERT INTO tbl_i18n_i18n (i18n_pref, i18n_lang, i18n_ext_pk, i18n_text) VALUES ('entd', 'es', 31312, 'Rampa Ad.')\
INSERT INTO tbl_entidad_tipo_dato_entd (entd_pk, entd_enti_pk, entd_tpdt_pk, entd_grupo, entd_fila, entd_orden, entd_span, entd_obligatorio, entd_gridable, entd_filtrable, entd_valor_defecto)
VALUES (31313, 22011, 41045, 1,  15,  2,  1, 0, 0, 0, NULL)\
	INSERT INTO tbl_i18n_i18n (i18n_pref, i18n_lang, i18n_ext_pk, i18n_text) VALUES ('entd', 'es', 31313, 'Esl. Rampa')\
INSERT INTO tbl_entidad_tipo_dato_entd (entd_pk, entd_enti_pk, entd_tpdt_pk, entd_grupo, entd_fila, entd_orden, entd_span, entd_obligatorio, entd_gridable, entd_filtrable, entd_valor_defecto)
VALUES (31314, 22011, 41002, 1,  15,  3,  1, 0, 0, 0, NULL)\
	INSERT INTO tbl_i18n_i18n (i18n_pref, i18n_lang, i18n_ext_pk, i18n_text) VALUES ('entd', 'es', 31314, 'Luz?')\
INSERT INTO tbl_entidad_tipo_dato_entd (entd_pk, entd_enti_pk, entd_tpdt_pk, entd_grupo, entd_fila, entd_orden, entd_span, entd_obligatorio, entd_gridable, entd_filtrable, entd_valor_defecto)
VALUES (31315, 22011, 41003, 1,  15,  4,  1, 0, 0, 0, NULL)\
	INSERT INTO tbl_i18n_i18n (i18n_pref, i18n_lang, i18n_ext_pk, i18n_text) VALUES ('entd', 'es', 31315, 'Fuerza?')\
INSERT INTO tbl_entidad_tipo_dato_entd (entd_pk, entd_enti_pk, entd_tpdt_pk, entd_grupo, entd_fila, entd_orden, entd_span, entd_obligatorio, entd_gridable, entd_filtrable, entd_valor_defecto)
VALUES (31316, 22011, 41004, 1,  15,  5,  1, 0, 0, 0, NULL)\
	INSERT INTO tbl_i18n_i18n (i18n_pref, i18n_lang, i18n_ext_pk, i18n_text) VALUES ('entd', 'es', 31316, 'Combust.?')\
INSERT INTO tbl_entidad_tipo_dato_entd (entd_pk, entd_enti_pk, entd_tpdt_pk, entd_grupo, entd_fila, entd_orden, entd_span, entd_obligatorio, entd_gridable, entd_filtrable, entd_valor_defecto)
VALUES (31317, 22011, 41005, 1,  15,  6,  1, 0, 0, 0, NULL)\
	INSERT INTO tbl_i18n_i18n (i18n_pref, i18n_lang, i18n_ext_pk, i18n_text) VALUES ('entd', 'es', 31317, 'Hielo?')\
INSERT INTO tbl_entidad_tipo_dato_entd (entd_pk, entd_enti_pk, entd_tpdt_pk, entd_grupo, entd_fila, entd_orden, entd_span, entd_obligatorio, entd_gridable, entd_filtrable, entd_valor_defecto)
VALUES (31318, 22011, 41006, 1,  15,  7,  1, 0, 0, 0, NULL)\
	INSERT INTO tbl_i18n_i18n (i18n_pref, i18n_lang, i18n_ext_pk, i18n_text) VALUES ('entd', 'es', 31318, 'Agua?')\
INSERT INTO tbl_entidad_tipo_dato_entd (entd_pk, entd_enti_pk, entd_tpdt_pk, entd_grupo, entd_fila, entd_orden, entd_span, entd_obligatorio, entd_gridable, entd_filtrable, entd_valor_defecto)
VALUES (31319, 22011, 41080, 1,  16,  1, 12, 0, 0, 0, NULL)\
	INSERT INTO tbl_i18n_i18n (i18n_pref, i18n_lang, i18n_ext_pk, i18n_text) VALUES ('entd', 'es', 31319, 'Observaciones')\


-- Operacion de Atraque
INSERT INTO tbl_entidad_tipo_dato_entd (entd_pk, entd_enti_pk, entd_tpdt_pk, entd_grupo, entd_fila, entd_orden, entd_span, entd_obligatorio, entd_gridable, entd_filtrable, entd_valor_defecto)
VALUES (31360, 22012, 45370, 1,  1,  1,  4, 1, 1, 1, NULL)\
	INSERT INTO tbl_i18n_i18n (i18n_pref, i18n_lang, i18n_ext_pk, i18n_text) VALUES ('entd', 'es', 31360, 'T. Operación')\
INSERT INTO tbl_entidad_tipo_dato_entd (entd_pk, entd_enti_pk, entd_tpdt_pk, entd_grupo, entd_fila, entd_orden, entd_span, entd_obligatorio, entd_gridable, entd_filtrable, entd_valor_defecto)
VALUES (31361, 22012, 41040, 1,  2,  2,  4, 0, 1, 0, NULL)\
	INSERT INTO tbl_i18n_i18n (i18n_pref, i18n_lang, i18n_ext_pk, i18n_text) VALUES ('entd', 'es', 31361, 'P.M.U.')\
INSERT INTO tbl_entidad_tipo_dato_entd (entd_pk, entd_enti_pk, entd_tpdt_pk, entd_grupo, entd_fila, entd_orden, entd_span, entd_obligatorio, entd_gridable, entd_filtrable, entd_valor_defecto)
VALUES (31362, 22012, 41041, 1,  3,  3,  4, 0, 1, 0, NULL)\
	INSERT INTO tbl_i18n_i18n (i18n_pref, i18n_lang, i18n_ext_pk, i18n_text) VALUES ('entd', 'es', 31362, 'Cant. Movida')\
INSERT INTO tbl_entidad_tipo_dato_entd (entd_pk, entd_enti_pk, entd_tpdt_pk, entd_grupo, entd_fila, entd_orden, entd_span, entd_obligatorio, entd_gridable, entd_filtrable, entd_valor_defecto)
VALUES (31363, 22012, 43315, 1,  4,  4,  4, 0, 1, 0, NULL)\
	INSERT INTO tbl_i18n_i18n (i18n_pref, i18n_lang, i18n_ext_pk, i18n_text) VALUES ('entd', 'es', 31363, 'Unid. Berman')\
INSERT INTO tbl_entidad_tipo_dato_entd (entd_pk, entd_enti_pk, entd_tpdt_pk, entd_grupo, entd_fila, entd_orden, entd_span, entd_obligatorio, entd_gridable, entd_filtrable, entd_valor_defecto)
VALUES (31364, 22012, 41020, 1,  5,  5,  4, 0, 1, 0, NULL)\
	INSERT INTO tbl_i18n_i18n (i18n_pref, i18n_lang, i18n_ext_pk, i18n_text) VALUES ('entd', 'es', 31364, 'Lugar Carga-Descarga')\
INSERT INTO tbl_entidad_tipo_dato_entd (entd_pk, entd_enti_pk, entd_tpdt_pk, entd_grupo, entd_fila, entd_orden, entd_span, entd_obligatorio, entd_gridable, entd_filtrable, entd_valor_defecto)
VALUES (31365, 22012, 45035, 1,  6,  6,  4, 0, 1, 1, NULL)\
	INSERT INTO tbl_i18n_i18n (i18n_pref, i18n_lang, i18n_ext_pk, i18n_text) VALUES ('entd', 'es', 31365, 'Estibador')\
INSERT INTO tbl_entidad_tipo_dato_entd (entd_pk, entd_enti_pk, entd_tpdt_pk, entd_grupo, entd_fila, entd_orden, entd_span, entd_obligatorio, entd_gridable, entd_filtrable, entd_valor_defecto)
VALUES (31366, 22012, 41021, 1,  7,  7,  4, 0, 0, 0, NULL)\
	INSERT INTO tbl_i18n_i18n (i18n_pref, i18n_lang, i18n_ext_pk, i18n_text) VALUES ('entd', 'es', 31366, 'Obs. Mercancía')\
INSERT INTO tbl_entidad_tipo_dato_entd (entd_pk, entd_enti_pk, entd_tpdt_pk, entd_grupo, entd_fila, entd_orden, entd_span, entd_obligatorio, entd_gridable, entd_filtrable, entd_valor_defecto)
VALUES (31367, 22012, 41022, 1,  8,  8,  4, 0, 0, 0, NULL)\
	INSERT INTO tbl_i18n_i18n (i18n_pref, i18n_lang, i18n_ext_pk, i18n_text) VALUES ('entd', 'es', 31367, 'Obs. Estibador')\
INSERT INTO tbl_entidad_tipo_dato_entd (entd_pk, entd_enti_pk, entd_tpdt_pk, entd_grupo, entd_fila, entd_orden, entd_span, entd_obligatorio, entd_gridable, entd_filtrable, entd_valor_defecto)
VALUES (31368, 22012, 45385, 1,  9,  9,  4, 0, 1, 1, NULL)\
	INSERT INTO tbl_i18n_i18n (i18n_pref, i18n_lang, i18n_ext_pk, i18n_text) VALUES ('entd', 'es', 31368, 'T. Mercancía')\


-- Contador de Escala
INSERT INTO tbl_entidad_tipo_dato_entd (entd_pk, entd_enti_pk, entd_tpdt_pk, entd_grupo, entd_fila, entd_orden, entd_span, entd_obligatorio, entd_gridable, entd_filtrable, entd_valor_defecto)
VALUES (31380, 22015, 43160, 1,  1,  1,  3, 1, 1, 1, NULL)\
	INSERT INTO tbl_i18n_i18n (i18n_pref, i18n_lang, i18n_ext_pk, i18n_text) VALUES ('entd', 'es', 31380, 'Tipo')\
INSERT INTO tbl_entidad_tipo_dato_entd (entd_pk, entd_enti_pk, entd_tpdt_pk, entd_grupo, entd_fila, entd_orden, entd_span, entd_obligatorio, entd_gridable, entd_filtrable, entd_valor_defecto)
VALUES (31381, 22015, 41060, 1,  1,  2,  2, 1, 1, 1, NULL)\
	INSERT INTO tbl_i18n_i18n (i18n_pref, i18n_lang, i18n_ext_pk, i18n_text) VALUES ('entd', 'es', 31381, 'Nº. Lecturas')\


-- Residuo de Escala
INSERT INTO tbl_entidad_tipo_dato_entd (entd_pk, entd_enti_pk, entd_tpdt_pk, entd_grupo, entd_fila, entd_orden, entd_span, entd_obligatorio, entd_gridable, entd_filtrable, entd_valor_defecto)
VALUES (31390, 22016, 45440, 1,  1,  1,  3, 1, 1, 1, NULL)\
	INSERT INTO tbl_i18n_i18n (i18n_pref, i18n_lang, i18n_ext_pk, i18n_text) VALUES ('entd', 'es', 31390, 'Subt. Residuo')\
INSERT INTO tbl_entidad_tipo_dato_entd (entd_pk, entd_enti_pk, entd_tpdt_pk, entd_grupo, entd_fila, entd_orden, entd_span, entd_obligatorio, entd_gridable, entd_filtrable, entd_valor_defecto)
VALUES (31391, 22016, 41040, 1,  2,  1,  2, 0, 1, 0, NULL)\
	INSERT INTO tbl_i18n_i18n (i18n_pref, i18n_lang, i18n_ext_pk, i18n_text) VALUES ('entd', 'es', 31391, 'Cant. Declarada')\
INSERT INTO tbl_entidad_tipo_dato_entd (entd_pk, entd_enti_pk, entd_tpdt_pk, entd_grupo, entd_fila, entd_orden, entd_span, entd_obligatorio, entd_gridable, entd_filtrable, entd_valor_defecto)
VALUES (31392, 22016, 41041, 1,  2,  2,  2, 0, 1, 0, NULL)\
	INSERT INTO tbl_i18n_i18n (i18n_pref, i18n_lang, i18n_ext_pk, i18n_text) VALUES ('entd', 'es', 31392, 'Cant. Estimada')\
INSERT INTO tbl_entidad_tipo_dato_entd (entd_pk, entd_enti_pk, entd_tpdt_pk, entd_grupo, entd_fila, entd_orden, entd_span, entd_obligatorio, entd_gridable, entd_filtrable, entd_valor_defecto)
VALUES (31393, 22016, 41042, 1,  2,  3,  2, 0, 1, 0, NULL)\
	INSERT INTO tbl_i18n_i18n (i18n_pref, i18n_lang, i18n_ext_pk, i18n_text) VALUES ('entd', 'es', 31393, 'Cant. Pendiente')\
INSERT INTO tbl_entidad_tipo_dato_entd (entd_pk, entd_enti_pk, entd_tpdt_pk, entd_grupo, entd_fila, entd_orden, entd_span, entd_obligatorio, entd_gridable, entd_filtrable, entd_valor_defecto)
VALUES (31394, 22016, 41043, 1,  2,  4,  2, 0, 1, 0, NULL)\
	INSERT INTO tbl_i18n_i18n (i18n_pref, i18n_lang, i18n_ext_pk, i18n_text) VALUES ('entd', 'es', 31394, 'Cant. Entregada')\
INSERT INTO tbl_entidad_tipo_dato_entd (entd_pk, entd_enti_pk, entd_tpdt_pk, entd_grupo, entd_fila, entd_orden, entd_span, entd_obligatorio, entd_gridable, entd_filtrable, entd_valor_defecto)
VALUES (31395, 22016, 41044, 1,  2,  5,  2, 0, 1, 0, NULL)\
	INSERT INTO tbl_i18n_i18n (i18n_pref, i18n_lang, i18n_ext_pk, i18n_text) VALUES ('entd', 'es', 31395, 'Cap. Máxima')\





-- Suministro de buque
-- Suministro de buque
-- Suministro de buque
INSERT INTO tbl_entidad_tipo_dato_entd (entd_pk, entd_enti_pk, entd_tpdt_pk, entd_grupo, entd_fila, entd_orden, entd_span, entd_obligatorio, entd_gridable, entd_filtrable, entd_valor_defecto)
VALUES (31400, 21005, 41020, 1,  1,  1,  3, 0, 1, 1, NULL)\
	INSERT INTO tbl_i18n_i18n (i18n_pref, i18n_lang, i18n_ext_pk, i18n_text) VALUES ('entd', 'es', 31400, 'Referencia')\
INSERT INTO tbl_entidad_tipo_dato_entd (entd_pk, entd_enti_pk, entd_tpdt_pk, entd_grupo, entd_fila, entd_orden, entd_span, entd_obligatorio, entd_gridable, entd_filtrable, entd_valor_defecto)
VALUES (31401, 21005, 45275, 1,  1,  3,  4, 1, 1, 1, NULL)\
	INSERT INTO tbl_i18n_i18n (i18n_pref, i18n_lang, i18n_ext_pk, i18n_text) VALUES ('entd', 'es', 31401, 'T. Suministro')\
INSERT INTO tbl_entidad_tipo_dato_entd (entd_pk, entd_enti_pk, entd_tpdt_pk, entd_grupo, entd_fila, entd_orden, entd_span, entd_obligatorio, entd_gridable, entd_filtrable, entd_valor_defecto)
VALUES (31402, 21005, 43000, 1,  2,  1,  3, 1, 1, 1, NULL)\
	INSERT INTO tbl_i18n_i18n (i18n_pref, i18n_lang, i18n_ext_pk, i18n_text) VALUES ('entd', 'es', 31402, 'Cód. Exen.')\
INSERT INTO tbl_entidad_tipo_dato_entd (entd_pk, entd_enti_pk, entd_tpdt_pk, entd_grupo, entd_fila, entd_orden, entd_span, entd_obligatorio, entd_gridable, entd_filtrable, entd_valor_defecto)
VALUES (31403, 21005, 45155, 1,  2,  2,  4, 0, 1, 1, NULL)\
	INSERT INTO tbl_i18n_i18n (i18n_pref, i18n_lang, i18n_ext_pk, i18n_text) VALUES ('entd', 'es', 31403, 'T. Exen.')\
INSERT INTO tbl_entidad_tipo_dato_entd (entd_pk, entd_enti_pk, entd_tpdt_pk, entd_grupo, entd_fila, entd_orden, entd_span, entd_obligatorio, entd_gridable, entd_filtrable, entd_valor_defecto)
VALUES (31404, 21005, 45360, 1,  2,  3,  4, 0, 1, 1, NULL)\
	INSERT INTO tbl_i18n_i18n (i18n_pref, i18n_lang, i18n_ext_pk, i18n_text) VALUES ('entd', 'es', 31404, 'Desc. Adicional')\
INSERT INTO tbl_entidad_tipo_dato_entd (entd_pk, entd_enti_pk, entd_tpdt_pk, entd_grupo, entd_fila, entd_orden, entd_span, entd_obligatorio, entd_gridable, entd_filtrable, entd_valor_defecto)
VALUES (31405, 21005, 45035, 1,  3,  1,  4, 1, 1, 1, NULL)\
	INSERT INTO tbl_i18n_i18n (i18n_pref, i18n_lang, i18n_ext_pk, i18n_text) VALUES ('entd', 'es', 31405, 'Cliente')\
INSERT INTO tbl_entidad_tipo_dato_entd (entd_pk, entd_enti_pk, entd_tpdt_pk, entd_grupo, entd_fila, entd_orden, entd_span, entd_obligatorio, entd_gridable, entd_filtrable, entd_valor_defecto)
VALUES (31406, 21005, 45036, 1,  3,  2,  4, 0, 1, 1, NULL)\
	INSERT INTO tbl_i18n_i18n (i18n_pref, i18n_lang, i18n_ext_pk, i18n_text) VALUES ('entd', 'es', 31406, 'Pagador')\
INSERT INTO tbl_entidad_tipo_dato_entd (entd_pk, entd_enti_pk, entd_tpdt_pk, entd_grupo, entd_fila, entd_orden, entd_span, entd_obligatorio, entd_gridable, entd_filtrable, entd_valor_defecto)
VALUES (31407, 21005, 41000, 1,  3,  3,  2, 1, 1, 1, NULL)\
	INSERT INTO tbl_i18n_i18n (i18n_pref, i18n_lang, i18n_ext_pk, i18n_text) VALUES ('entd', 'es', 31407, 'Suj. Pasivo?')\
INSERT INTO tbl_entidad_tipo_dato_entd (entd_pk, entd_enti_pk, entd_tpdt_pk, entd_grupo, entd_fila, entd_orden, entd_span, entd_obligatorio, entd_gridable, entd_filtrable, entd_valor_defecto)
VALUES (31408, 21005, 41100, 1,  4,  1,  2, 0, 1, 1, NULL)\
	INSERT INTO tbl_i18n_i18n (i18n_pref, i18n_lang, i18n_ext_pk, i18n_text) VALUES ('entd', 'es', 31408, 'F. Solicitud')\
INSERT INTO tbl_entidad_tipo_dato_entd (entd_pk, entd_enti_pk, entd_tpdt_pk, entd_grupo, entd_fila, entd_orden, entd_span, entd_obligatorio, entd_gridable, entd_filtrable, entd_valor_defecto)
VALUES (31409, 21005, 41101, 1,  4,  2,  2, 0, 1, 1, NULL)\
	INSERT INTO tbl_i18n_i18n (i18n_pref, i18n_lang, i18n_ext_pk, i18n_text) VALUES ('entd', 'es', 31409, 'F. Autorización')\
INSERT INTO tbl_entidad_tipo_dato_entd (entd_pk, entd_enti_pk, entd_tpdt_pk, entd_grupo, entd_fila, entd_orden, entd_span, entd_obligatorio, entd_gridable, entd_filtrable, entd_valor_defecto)
VALUES (31410, 21005, 41080, 1, 10,  1, 12, 0, 0, 0, NULL)\
	INSERT INTO tbl_i18n_i18n (i18n_pref, i18n_lang, i18n_ext_pk, i18n_text) VALUES ('entd', 'es', 31410, 'Observaciones')\
INSERT INTO tbl_entidad_tipo_dato_entd (entd_pk, entd_enti_pk, entd_tpdt_pk, entd_grupo, entd_fila, entd_orden, entd_span, entd_obligatorio, entd_gridable, entd_filtrable, entd_valor_defecto)
VALUES (31411, 21005, 41081, 1, 11,  1, 12, 0, 0, 0, NULL)\
	INSERT INTO tbl_i18n_i18n (i18n_pref, i18n_lang, i18n_ext_pk, i18n_text) VALUES ('entd', 'es', 31411, 'Observaciones Fact.')\
-- SUCO_ESCA_ID 	number 	19 	 √  		null
-- IESC_ESCALA_ESCA

-- Gasto
INSERT INTO tbl_entidad_tipo_dato_entd (entd_pk, entd_enti_pk, entd_tpdt_pk, entd_grupo, entd_fila, entd_orden, entd_span, entd_obligatorio, entd_gridable, entd_filtrable, entd_valor_defecto)
VALUES (31420, 22013, 45390, 1,  1,  1,  3, 1, 1, 1, NULL)\
	INSERT INTO tbl_i18n_i18n (i18n_pref, i18n_lang, i18n_ext_pk, i18n_text) VALUES ('entd', 'es', 31420, 'T. Gasto')\
INSERT INTO tbl_entidad_tipo_dato_entd (entd_pk, entd_enti_pk, entd_tpdt_pk, entd_grupo, entd_fila, entd_orden, entd_span, entd_obligatorio, entd_gridable, entd_filtrable, entd_valor_defecto)
VALUES (31421, 22013, 45040, 1,  1,  2,  3, 0, 1, 1, NULL)\
	INSERT INTO tbl_i18n_i18n (i18n_pref, i18n_lang, i18n_ext_pk, i18n_text) VALUES ('entd', 'es', 31421, 'T. IVA')\
INSERT INTO tbl_entidad_tipo_dato_entd (entd_pk, entd_enti_pk, entd_tpdt_pk, entd_grupo, entd_fila, entd_orden, entd_span, entd_obligatorio, entd_gridable, entd_filtrable, entd_valor_defecto)
VALUES (31422, 22013, 41040, 1,  1,  3,  3, 0, 1, 0, NULL)\
	INSERT INTO tbl_i18n_i18n (i18n_pref, i18n_lang, i18n_ext_pk, i18n_text) VALUES ('entd', 'es', 31422, 'Coste')\

-- Lectura
INSERT INTO tbl_entidad_tipo_dato_entd (entd_pk, entd_enti_pk, entd_tpdt_pk, entd_grupo, entd_fila, entd_orden, entd_span, entd_obligatorio, entd_gridable, entd_filtrable, entd_valor_defecto)
VALUES (31430, 22014, 41040, 1,  1,  1,  2, 0, 1, 0, NULL)\
	INSERT INTO tbl_i18n_i18n (i18n_pref, i18n_lang, i18n_ext_pk, i18n_text) VALUES ('entd', 'es', 31430, 'L. Inicio')\
INSERT INTO tbl_entidad_tipo_dato_entd (entd_pk, entd_enti_pk, entd_tpdt_pk, entd_grupo, entd_fila, entd_orden, entd_span, entd_obligatorio, entd_gridable, entd_filtrable, entd_valor_defecto)
VALUES (31431, 22014, 41020, 1,  1,  2, 10, 0, 0, 0, NULL)\
	INSERT INTO tbl_i18n_i18n (i18n_pref, i18n_lang, i18n_ext_pk, i18n_text) VALUES ('entd', 'es', 31431, 'Obs. Inicio')\
INSERT INTO tbl_entidad_tipo_dato_entd (entd_pk, entd_enti_pk, entd_tpdt_pk, entd_grupo, entd_fila, entd_orden, entd_span, entd_obligatorio, entd_gridable, entd_filtrable, entd_valor_defecto)
VALUES (31432, 22014, 41041, 1,  2,  1,  2, 0, 1, 0, NULL)\
	INSERT INTO tbl_i18n_i18n (i18n_pref, i18n_lang, i18n_ext_pk, i18n_text) VALUES ('entd', 'es', 31432, 'L. Fin')\
INSERT INTO tbl_entidad_tipo_dato_entd (entd_pk, entd_enti_pk, entd_tpdt_pk, entd_grupo, entd_fila, entd_orden, entd_span, entd_obligatorio, entd_gridable, entd_filtrable, entd_valor_defecto)
VALUES (31433, 22014, 41021, 1,  2,  2, 10, 0, 0, 0, NULL)\
	INSERT INTO tbl_i18n_i18n (i18n_pref, i18n_lang, i18n_ext_pk, i18n_text) VALUES ('entd', 'es', 31433, 'Obs. Fin')\
INSERT INTO tbl_entidad_tipo_dato_entd (entd_pk, entd_enti_pk, entd_tpdt_pk, entd_grupo, entd_fila, entd_orden, entd_span, entd_obligatorio, entd_gridable, entd_filtrable, entd_valor_defecto)
VALUES (31434, 22014, 41042, 1,  3,  1,  2, 0, 1, 0, NULL)\
	INSERT INTO tbl_i18n_i18n (i18n_pref, i18n_lang, i18n_ext_pk, i18n_text) VALUES ('entd', 'es', 31434, 'Consumo')\
INSERT INTO tbl_entidad_tipo_dato_entd (entd_pk, entd_enti_pk, entd_tpdt_pk, entd_grupo, entd_fila, entd_orden, entd_span, entd_obligatorio, entd_gridable, entd_filtrable, entd_valor_defecto)
VALUES (31435, 22014, 43540, 1,  3,  2,  3, 0, 1, 1, NULL)\
	INSERT INTO tbl_i18n_i18n (i18n_pref, i18n_lang, i18n_ext_pk, i18n_text) VALUES ('entd', 'es', 31435, 'T. Hora')\
INSERT INTO tbl_entidad_tipo_dato_entd (entd_pk, entd_enti_pk, entd_tpdt_pk, entd_grupo, entd_fila, entd_orden, entd_span, entd_obligatorio, entd_gridable, entd_filtrable, entd_valor_defecto)
VALUES (31436, 22014, 45040, 1,  3,  3,  3, 1, 1, 1, NULL)\
	INSERT INTO tbl_i18n_i18n (i18n_pref, i18n_lang, i18n_ext_pk, i18n_text) VALUES ('entd', 'es', 31436, 'T. IVA')\
INSERT INTO tbl_entidad_tipo_dato_entd (entd_pk, entd_enti_pk, entd_tpdt_pk, entd_grupo, entd_fila, entd_orden, entd_span, entd_obligatorio, entd_gridable, entd_filtrable, entd_valor_defecto)
VALUES (31437, 22014, 45395, 1,  4,  1,  2, 0, 1, 1, NULL)\
	INSERT INTO tbl_i18n_i18n (i18n_pref, i18n_lang, i18n_ext_pk, i18n_text) VALUES ('entd', 'es', 31437, 'Contador')\
-- LCSU_PRSU_ID 	number 	19 	 √  		null
-- ISUM_PUNTORED_PRSU




-- Ocupacion de superficie
-- Ocupacion de superficie
-- Ocupacion de superficie
INSERT INTO tbl_entidad_tipo_dato_entd (entd_pk, entd_enti_pk, entd_tpdt_pk, entd_grupo, entd_fila, entd_orden, entd_span, entd_obligatorio, entd_gridable, entd_filtrable, entd_valor_defecto)
VALUES (31440, 21007, 41020, 1,  1,  1,  2, 0, 1, 1, NULL)\
	INSERT INTO tbl_i18n_i18n (i18n_pref, i18n_lang, i18n_ext_pk, i18n_text) VALUES ('entd', 'es', 31440, 'Referencia')\
INSERT INTO tbl_entidad_tipo_dato_entd (entd_pk, entd_enti_pk, entd_tpdt_pk, entd_grupo, entd_fila, entd_orden, entd_span, entd_obligatorio, entd_gridable, entd_filtrable, entd_valor_defecto)
VALUES (31441, 21007, 43340, 1,  1,  2,  3, 0, 1, 1, NULL)\
	INSERT INTO tbl_i18n_i18n (i18n_pref, i18n_lang, i18n_ext_pk, i18n_text) VALUES ('entd', 'es', 31441, 'T. Valoración')\
INSERT INTO tbl_entidad_tipo_dato_entd (entd_pk, entd_enti_pk, entd_tpdt_pk, entd_grupo, entd_fila, entd_orden, entd_span, entd_obligatorio, entd_gridable, entd_filtrable, entd_valor_defecto)
VALUES (31442, 21007, 45040, 1,  1,  4,  3, 1, 1, 1, NULL)\
	INSERT INTO tbl_i18n_i18n (i18n_pref, i18n_lang, i18n_ext_pk, i18n_text) VALUES ('entd', 'es', 31442, 'T. IVA')\
INSERT INTO tbl_entidad_tipo_dato_entd (entd_pk, entd_enti_pk, entd_tpdt_pk, entd_grupo, entd_fila, entd_orden, entd_span, entd_obligatorio, entd_gridable, entd_filtrable, entd_valor_defecto)
VALUES (31443, 21007, 43000, 1,  2,  1,  3, 1, 1, 1, NULL)\
	INSERT INTO tbl_i18n_i18n (i18n_pref, i18n_lang, i18n_ext_pk, i18n_text) VALUES ('entd', 'es', 31443, 'Cód. Exen.')\
INSERT INTO tbl_entidad_tipo_dato_entd (entd_pk, entd_enti_pk, entd_tpdt_pk, entd_grupo, entd_fila, entd_orden, entd_span, entd_obligatorio, entd_gridable, entd_filtrable, entd_valor_defecto)
VALUES (31444, 21007, 45155, 1,  2,  2,  3, 0, 1, 1, NULL)\
	INSERT INTO tbl_i18n_i18n (i18n_pref, i18n_lang, i18n_ext_pk, i18n_text) VALUES ('entd', 'es', 31444, 'T. Exen.')\
INSERT INTO tbl_entidad_tipo_dato_entd (entd_pk, entd_enti_pk, entd_tpdt_pk, entd_grupo, entd_fila, entd_orden, entd_span, entd_obligatorio, entd_gridable, entd_filtrable, entd_valor_defecto)
VALUES (31445, 21007, 45360, 1,  2,  3,  3, 0, 1, 1, NULL)\
	INSERT INTO tbl_i18n_i18n (i18n_pref, i18n_lang, i18n_ext_pk, i18n_text) VALUES ('entd', 'es', 31445, 'Desc. Adic.')\
-- EscalaId
-- ManifiestoId
INSERT INTO tbl_entidad_tipo_dato_entd (entd_pk, entd_enti_pk, entd_tpdt_pk, entd_grupo, entd_fila, entd_orden, entd_span, entd_obligatorio, entd_gridable, entd_filtrable, entd_valor_defecto)
VALUES (31446, 21007, 45035, 1,  4,  1,  4, 1, 1, 1, NULL)\
	INSERT INTO tbl_i18n_i18n (i18n_pref, i18n_lang, i18n_ext_pk, i18n_text) VALUES ('entd', 'es', 31446, 'Cliente')\
INSERT INTO tbl_entidad_tipo_dato_entd (entd_pk, entd_enti_pk, entd_tpdt_pk, entd_grupo, entd_fila, entd_orden, entd_span, entd_obligatorio, entd_gridable, entd_filtrable, entd_valor_defecto)
VALUES (31447, 21007, 45036, 1,  4,  2,  4, 0, 1, 1, NULL)\
	INSERT INTO tbl_i18n_i18n (i18n_pref, i18n_lang, i18n_ext_pk, i18n_text) VALUES ('entd', 'es', 31447, 'Cliente Tasas')\
INSERT INTO tbl_entidad_tipo_dato_entd (entd_pk, entd_enti_pk, entd_tpdt_pk, entd_grupo, entd_fila, entd_orden, entd_span, entd_obligatorio, entd_gridable, entd_filtrable, entd_valor_defecto)
VALUES (31448, 21007, 41000, 1,  4,  3,  2, 1, 1, 1, NULL)\
	INSERT INTO tbl_i18n_i18n (i18n_pref, i18n_lang, i18n_ext_pk, i18n_text) VALUES ('entd', 'es', 31448, 'Suj. Pas. Sust.?')\
INSERT INTO tbl_entidad_tipo_dato_entd (entd_pk, entd_enti_pk, entd_tpdt_pk, entd_grupo, entd_fila, entd_orden, entd_span, entd_obligatorio, entd_gridable, entd_filtrable, entd_valor_defecto)
VALUES (31449, 21007, 45115, 1,  5,  1,  3, 1, 1, 1, NULL)\
	INSERT INTO tbl_i18n_i18n (i18n_pref, i18n_lang, i18n_ext_pk, i18n_text) VALUES ('entd', 'es', 31449, 'T. Mercancía')\
INSERT INTO tbl_entidad_tipo_dato_entd (entd_pk, entd_enti_pk, entd_tpdt_pk, entd_grupo, entd_fila, entd_orden, entd_span, entd_obligatorio, entd_gridable, entd_filtrable, entd_valor_defecto)
VALUES (31450, 21007, 41021, 1,  5,  2,  3, 0, 1, 0, NULL)\
	INSERT INTO tbl_i18n_i18n (i18n_pref, i18n_lang, i18n_ext_pk, i18n_text) VALUES ('entd', 'es', 31450, 'Mercancía')\
INSERT INTO tbl_entidad_tipo_dato_entd (entd_pk, entd_enti_pk, entd_tpdt_pk, entd_grupo, entd_fila, entd_orden, entd_span, entd_obligatorio, entd_gridable, entd_filtrable, entd_valor_defecto)
VALUES (31451, 21007, 45270, 1,  5,  3,  3, 1, 1, 1, NULL)\
	INSERT INTO tbl_i18n_i18n (i18n_pref, i18n_lang, i18n_ext_pk, i18n_text) VALUES ('entd', 'es', 31451, 'T. Operación')\
INSERT INTO tbl_entidad_tipo_dato_entd (entd_pk, entd_enti_pk, entd_tpdt_pk, entd_grupo, entd_fila, entd_orden, entd_span, entd_obligatorio, entd_gridable, entd_filtrable, entd_valor_defecto)
VALUES (31452, 21007, 41001, 1,  5,  4,  2, 1, 1, 1, NULL)\
	INSERT INTO tbl_i18n_i18n (i18n_pref, i18n_lang, i18n_ext_pk, i18n_text) VALUES ('entd', 'es', 31452, 'Ro-Ro?')\
INSERT INTO tbl_entidad_tipo_dato_entd (entd_pk, entd_enti_pk, entd_tpdt_pk, entd_grupo, entd_fila, entd_orden, entd_span, entd_obligatorio, entd_gridable, entd_filtrable, entd_valor_defecto)
VALUES (31453, 21007, 45260, 1,  6,  1,  3, 0, 1, 1, NULL)\
	INSERT INTO tbl_i18n_i18n (i18n_pref, i18n_lang, i18n_ext_pk, i18n_text) VALUES ('entd', 'es', 31453, 'Zona Depósito')\
INSERT INTO tbl_entidad_tipo_dato_entd (entd_pk, entd_enti_pk, entd_tpdt_pk, entd_grupo, entd_fila, entd_orden, entd_span, entd_obligatorio, entd_gridable, entd_filtrable, entd_valor_defecto)
VALUES (31454, 21007, 45265, 1,  6,  2,  3, 0, 1, 1, NULL)\
	INSERT INTO tbl_i18n_i18n (i18n_pref, i18n_lang, i18n_ext_pk, i18n_text) VALUES ('entd', 'es', 31454, 'T. Unidad')\
INSERT INTO tbl_entidad_tipo_dato_entd (entd_pk, entd_enti_pk, entd_tpdt_pk, entd_grupo, entd_fila, entd_orden, entd_span, entd_obligatorio, entd_gridable, entd_filtrable, entd_valor_defecto)
VALUES (31455, 21007, 41100, 1,  7,  1,  2, 0, 1, 0, NULL)\
	INSERT INTO tbl_i18n_i18n (i18n_pref, i18n_lang, i18n_ext_pk, i18n_text) VALUES ('entd', 'es', 31455, 'F. Solicitud')\
INSERT INTO tbl_entidad_tipo_dato_entd (entd_pk, entd_enti_pk, entd_tpdt_pk, entd_grupo, entd_fila, entd_orden, entd_span, entd_obligatorio, entd_gridable, entd_filtrable, entd_valor_defecto)
VALUES (31456, 21007, 41060, 1,  7,  2,  2, 0, 1, 0, NULL)\
	INSERT INTO tbl_i18n_i18n (i18n_pref, i18n_lang, i18n_ext_pk, i18n_text) VALUES ('entd', 'es', 31456, 'Sup. Solicitud')\
INSERT INTO tbl_entidad_tipo_dato_entd (entd_pk, entd_enti_pk, entd_tpdt_pk, entd_grupo, entd_fila, entd_orden, entd_span, entd_obligatorio, entd_gridable, entd_filtrable, entd_valor_defecto)
VALUES (31457, 21007, 41061, 1,  7,  3,  2, 0, 1, 0, NULL)\
	INSERT INTO tbl_i18n_i18n (i18n_pref, i18n_lang, i18n_ext_pk, i18n_text) VALUES ('entd', 'es', 31457, 'Tm. Solicitud')\
INSERT INTO tbl_entidad_tipo_dato_entd (entd_pk, entd_enti_pk, entd_tpdt_pk, entd_grupo, entd_fila, entd_orden, entd_span, entd_obligatorio, entd_gridable, entd_filtrable, entd_valor_defecto)
VALUES (31458, 21007, 41101, 1,  8,  1,  2, 0, 1, 0, NULL)\
	INSERT INTO tbl_i18n_i18n (i18n_pref, i18n_lang, i18n_ext_pk, i18n_text) VALUES ('entd', 'es', 31458, 'F. Autorización')\
INSERT INTO tbl_entidad_tipo_dato_entd (entd_pk, entd_enti_pk, entd_tpdt_pk, entd_grupo, entd_fila, entd_orden, entd_span, entd_obligatorio, entd_gridable, entd_filtrable, entd_valor_defecto)
VALUES (31459, 21007, 41062, 1,  8,  2,  2, 0, 1, 0, NULL)\
	INSERT INTO tbl_i18n_i18n (i18n_pref, i18n_lang, i18n_ext_pk, i18n_text) VALUES ('entd', 'es', 31459, 'Sup. Autorización')\
INSERT INTO tbl_entidad_tipo_dato_entd (entd_pk, entd_enti_pk, entd_tpdt_pk, entd_grupo, entd_fila, entd_orden, entd_span, entd_obligatorio, entd_gridable, entd_filtrable, entd_valor_defecto)
VALUES (31460, 21007, 41063, 1,  8,  3,  2, 0, 1, 0, NULL)\
	INSERT INTO tbl_i18n_i18n (i18n_pref, i18n_lang, i18n_ext_pk, i18n_text) VALUES ('entd', 'es', 31460, 'Tm. Autorización')\
INSERT INTO tbl_entidad_tipo_dato_entd (entd_pk, entd_enti_pk, entd_tpdt_pk, entd_grupo, entd_fila, entd_orden, entd_span, entd_obligatorio, entd_gridable, entd_filtrable, entd_valor_defecto)
VALUES (31461, 21007, 41080, 1, 10,  1, 11, 0, 0, 0, NULL)\
	INSERT INTO tbl_i18n_i18n (i18n_pref, i18n_lang, i18n_ext_pk, i18n_text) VALUES ('entd', 'es', 31461, 'Observaciones')\
INSERT INTO tbl_entidad_tipo_dato_entd (entd_pk, entd_enti_pk, entd_tpdt_pk, entd_grupo, entd_fila, entd_orden, entd_span, entd_obligatorio, entd_gridable, entd_filtrable, entd_valor_defecto)
VALUES (31462, 21007, 41081, 1, 11,  1, 11, 0, 0, 0, NULL)\
	INSERT INTO tbl_i18n_i18n (i18n_pref, i18n_lang, i18n_ext_pk, i18n_text) VALUES ('entd', 'es', 31462, 'Observaciones Facturación')\


-- Linea de Ocupacion de Superficie
INSERT INTO tbl_entidad_tipo_dato_entd (entd_pk, entd_enti_pk, entd_tpdt_pk, entd_grupo, entd_fila, entd_orden, entd_span, entd_obligatorio, entd_gridable, entd_filtrable, entd_valor_defecto)
VALUES (31470, 22018, 41060, 1,  1,  1,  2, 1, 1, 0, NULL)\
	INSERT INTO tbl_i18n_i18n (i18n_pref, i18n_lang, i18n_ext_pk, i18n_text) VALUES ('entd', 'es', 31470, 'Medida')\
INSERT INTO tbl_entidad_tipo_dato_entd (entd_pk, entd_enti_pk, entd_tpdt_pk, entd_grupo, entd_fila, entd_orden, entd_span, entd_obligatorio, entd_gridable, entd_filtrable, entd_valor_defecto)
VALUES (31471, 22018, 41061, 1,  1,  2,  2, 0, 1, 0, NULL)\
	INSERT INTO tbl_i18n_i18n (i18n_pref, i18n_lang, i18n_ext_pk, i18n_text) VALUES ('entd', 'es', 31471, 'Medida Equivalente')\
INSERT INTO tbl_entidad_tipo_dato_entd (entd_pk, entd_enti_pk, entd_tpdt_pk, entd_grupo, entd_fila, entd_orden, entd_span, entd_obligatorio, entd_gridable, entd_filtrable, entd_valor_defecto)
VALUES (31472, 22018, 41020, 1,  1,  3,  6, 0, 1, 0, NULL)\
	INSERT INTO tbl_i18n_i18n (i18n_pref, i18n_lang, i18n_ext_pk, i18n_text) VALUES ('entd', 'es', 31472, 'Mercancía')\
INSERT INTO tbl_entidad_tipo_dato_entd (entd_pk, entd_enti_pk, entd_tpdt_pk, entd_grupo, entd_fila, entd_orden, entd_span, entd_obligatorio, entd_gridable, entd_filtrable, entd_valor_defecto)
VALUES (31473, 22018, 41021, 1,  1,  4,  1, 0, 1, 0, NULL)\
	INSERT INTO tbl_i18n_i18n (i18n_pref, i18n_lang, i18n_ext_pk, i18n_text) VALUES ('entd', 'es', 31473, 'Referencia')\
INSERT INTO tbl_entidad_tipo_dato_entd (entd_pk, entd_enti_pk, entd_tpdt_pk, entd_grupo, entd_fila, entd_orden, entd_span, entd_obligatorio, entd_gridable, entd_filtrable, entd_valor_defecto)
VALUES (31474, 22018, 41080, 1,  2,  1, 11, 0, 0, 0, NULL)\
	INSERT INTO tbl_i18n_i18n (i18n_pref, i18n_lang, i18n_ext_pk, i18n_text) VALUES ('entd', 'es', 31474, 'Observaciones')\



-- Amarres
-- Amarres
-- Amarres
INSERT INTO tbl_entidad_tipo_dato_entd (entd_pk, entd_enti_pk, entd_tpdt_pk, entd_grupo, entd_fila, entd_orden, entd_span, entd_obligatorio, entd_gridable, entd_filtrable, entd_valor_defecto)
VALUES (31480, 21008, 41120, 1,  1,  1,  2, 1, 1, 0, NULL)\
	INSERT INTO tbl_i18n_i18n (i18n_pref, i18n_lang, i18n_ext_pk, i18n_text) VALUES ('entd', 'es', 31480, 'F. Solicitud')\
-- TODO Atraque
INSERT INTO tbl_entidad_tipo_dato_entd (entd_pk, entd_enti_pk, entd_tpdt_pk, entd_grupo, entd_fila, entd_orden, entd_span, entd_obligatorio, entd_gridable, entd_filtrable, entd_valor_defecto)
VALUES (31481, 21008, 45415, 1,  2,  1,  3, 1, 1, 1, NULL)\
	INSERT INTO tbl_i18n_i18n (i18n_pref, i18n_lang, i18n_ext_pk, i18n_text) VALUES ('entd', 'es', 31481, 'T. Movimiento')\
INSERT INTO tbl_entidad_tipo_dato_entd (entd_pk, entd_enti_pk, entd_tpdt_pk, entd_grupo, entd_fila, entd_orden, entd_span, entd_obligatorio, entd_gridable, entd_filtrable, entd_valor_defecto)
VALUES (31482, 21008, 45035, 1,  2,  2,  3, 1, 1, 1, NULL)\
	INSERT INTO tbl_i18n_i18n (i18n_pref, i18n_lang, i18n_ext_pk, i18n_text) VALUES ('entd', 'es', 31482, 'Cliente')\
INSERT INTO tbl_entidad_tipo_dato_entd (entd_pk, entd_enti_pk, entd_tpdt_pk, entd_grupo, entd_fila, entd_orden, entd_span, entd_obligatorio, entd_gridable, entd_filtrable, entd_valor_defecto)
VALUES (31483, 21008, 45036, 1,  2,  3,  3, 1, 1, 1, NULL)\
	INSERT INTO tbl_i18n_i18n (i18n_pref, i18n_lang, i18n_ext_pk, i18n_text) VALUES ('entd', 'es', 31483, 'Prestador')\
INSERT INTO tbl_entidad_tipo_dato_entd (entd_pk, entd_enti_pk, entd_tpdt_pk, entd_grupo, entd_fila, entd_orden, entd_span, entd_obligatorio, entd_gridable, entd_filtrable, entd_valor_defecto)
VALUES (31484, 21008, 41060, 1,  3,  1,  2, 1, 1, 0, NULL)\
	INSERT INTO tbl_i18n_i18n (i18n_pref, i18n_lang, i18n_ext_pk, i18n_text) VALUES ('entd', 'es', 31484, 'Nº. Amarradores')\
INSERT INTO tbl_entidad_tipo_dato_entd (entd_pk, entd_enti_pk, entd_tpdt_pk, entd_grupo, entd_fila, entd_orden, entd_span, entd_obligatorio, entd_gridable, entd_filtrable, entd_valor_defecto)
VALUES (31485, 21008, 41061, 1,  3,  2,  1, 1, 1, 0, NULL)\
	INSERT INTO tbl_i18n_i18n (i18n_pref, i18n_lang, i18n_ext_pk, i18n_text) VALUES ('entd', 'es', 31485, 'Cab. Proa')\
INSERT INTO tbl_entidad_tipo_dato_entd (entd_pk, entd_enti_pk, entd_tpdt_pk, entd_grupo, entd_fila, entd_orden, entd_span, entd_obligatorio, entd_gridable, entd_filtrable, entd_valor_defecto)
VALUES (31486, 21008, 41062, 1,  3,  3,  1, 1, 1, 0, NULL)\
	INSERT INTO tbl_i18n_i18n (i18n_pref, i18n_lang, i18n_ext_pk, i18n_text) VALUES ('entd', 'es', 31486, 'Cab. Popa')\
INSERT INTO tbl_entidad_tipo_dato_entd (entd_pk, entd_enti_pk, entd_tpdt_pk, entd_grupo, entd_fila, entd_orden, entd_span, entd_obligatorio, entd_gridable, entd_filtrable, entd_valor_defecto)
VALUES (31487, 21008, 41040, 1,  3,  4,  1, 0, 1, 0, NULL)\
	INSERT INTO tbl_i18n_i18n (i18n_pref, i18n_lang, i18n_ext_pk, i18n_text) VALUES ('entd', 'es', 31487, 'Tarifa')\
INSERT INTO tbl_entidad_tipo_dato_entd (entd_pk, entd_enti_pk, entd_tpdt_pk, entd_grupo, entd_fila, entd_orden, entd_span, entd_obligatorio, entd_gridable, entd_filtrable, entd_valor_defecto)
VALUES (31488, 21008, 41041, 1,  3,  5,  1, 0, 1, 0, NULL)\
	INSERT INTO tbl_i18n_i18n (i18n_pref, i18n_lang, i18n_ext_pk, i18n_text) VALUES ('entd', 'es', 31488, 'Bonif.')\
INSERT INTO tbl_entidad_tipo_dato_entd (entd_pk, entd_enti_pk, entd_tpdt_pk, entd_grupo, entd_fila, entd_orden, entd_span, entd_obligatorio, entd_gridable, entd_filtrable, entd_valor_defecto)
VALUES (31489, 21008, 41042, 1,  3,  6,  1, 0, 1, 0, NULL)\
	INSERT INTO tbl_i18n_i18n (i18n_pref, i18n_lang, i18n_ext_pk, i18n_text) VALUES ('entd', 'es', 31489, 'Descuento')\
INSERT INTO tbl_entidad_tipo_dato_entd (entd_pk, entd_enti_pk, entd_tpdt_pk, entd_grupo, entd_fila, entd_orden, entd_span, entd_obligatorio, entd_gridable, entd_filtrable, entd_valor_defecto)
VALUES (31490, 21008, 41043, 1,  3,  7,  1, 0, 1, 0, NULL)\
	INSERT INTO tbl_i18n_i18n (i18n_pref, i18n_lang, i18n_ext_pk, i18n_text) VALUES ('entd', 'es', 31490, 'Recargo')\
INSERT INTO tbl_entidad_tipo_dato_entd (entd_pk, entd_enti_pk, entd_tpdt_pk, entd_grupo, entd_fila, entd_orden, entd_span, entd_obligatorio, entd_gridable, entd_filtrable, entd_valor_defecto)
VALUES (31491, 21008, 41044, 1,  3,  8,  1, 0, 1, 0, NULL)\
	INSERT INTO tbl_i18n_i18n (i18n_pref, i18n_lang, i18n_ext_pk, i18n_text) VALUES ('entd', 'es', 31491, 'Imp. Total')\


-- Medio de Amarre
INSERT INTO tbl_entidad_tipo_dato_entd (entd_pk, entd_enti_pk, entd_tpdt_pk, entd_grupo, entd_fila, entd_orden, entd_span, entd_obligatorio, entd_gridable, entd_filtrable, entd_valor_defecto)
VALUES (31500, 22019, 45420, 1,  1,  1,  3, 1, 1, 1, NULL)\
	INSERT INTO tbl_i18n_i18n (i18n_pref, i18n_lang, i18n_ext_pk, i18n_text) VALUES ('entd', 'es', 31500, 'T. Medio')\
INSERT INTO tbl_entidad_tipo_dato_entd (entd_pk, entd_enti_pk, entd_tpdt_pk, entd_grupo, entd_fila, entd_orden, entd_span, entd_obligatorio, entd_gridable, entd_filtrable, entd_valor_defecto)
VALUES (31501, 22019, 41060, 1,  1,  2,  2, 1, 1, 0, NULL)\
	INSERT INTO tbl_i18n_i18n (i18n_pref, i18n_lang, i18n_ext_pk, i18n_text) VALUES ('entd', 'es', 31501, 'Nº. Medios')\



-- Practicajes
-- Practicajes
-- Practicajes
INSERT INTO tbl_entidad_tipo_dato_entd (entd_pk, entd_enti_pk, entd_tpdt_pk, entd_grupo, entd_fila, entd_orden, entd_span, entd_obligatorio, entd_gridable, entd_filtrable, entd_valor_defecto)
VALUES (31510, 21009, 41120, 1,  1,  1,  2, 1, 1, 0, NULL)\
	INSERT INTO tbl_i18n_i18n (i18n_pref, i18n_lang, i18n_ext_pk, i18n_text) VALUES ('entd', 'es', 31510, 'F. Solicitud')\
INSERT INTO tbl_entidad_tipo_dato_entd (entd_pk, entd_enti_pk, entd_tpdt_pk, entd_grupo, entd_fila, entd_orden, entd_span, entd_obligatorio, entd_gridable, entd_filtrable, entd_valor_defecto)
VALUES (31511, 21009, 41000, 1,  1,  2,  2, 1, 1, 1, NULL)\
	INSERT INTO tbl_i18n_i18n (i18n_pref, i18n_lang, i18n_ext_pk, i18n_text) VALUES ('entd', 'es', 31511, 'Punto Correcto')\
-- TODO Atraque
INSERT INTO tbl_entidad_tipo_dato_entd (entd_pk, entd_enti_pk, entd_tpdt_pk, entd_grupo, entd_fila, entd_orden, entd_span, entd_obligatorio, entd_gridable, entd_filtrable, entd_valor_defecto)
VALUES (31512, 21009, 45425, 1,  1,  4,  3, 1, 1, 1, NULL)\
	INSERT INTO tbl_i18n_i18n (i18n_pref, i18n_lang, i18n_ext_pk, i18n_text) VALUES ('entd', 'es', 31512, 'T. Maniobra')\
INSERT INTO tbl_entidad_tipo_dato_entd (entd_pk, entd_enti_pk, entd_tpdt_pk, entd_grupo, entd_fila, entd_orden, entd_span, entd_obligatorio, entd_gridable, entd_filtrable, entd_valor_defecto)
VALUES (31513, 21009, 45035, 1,  2,  1,  4, 1, 1, 1, NULL)\
	INSERT INTO tbl_i18n_i18n (i18n_pref, i18n_lang, i18n_ext_pk, i18n_text) VALUES ('entd', 'es', 31513, 'Cliente')\
INSERT INTO tbl_entidad_tipo_dato_entd (entd_pk, entd_enti_pk, entd_tpdt_pk, entd_grupo, entd_fila, entd_orden, entd_span, entd_obligatorio, entd_gridable, entd_filtrable, entd_valor_defecto)
VALUES (31514, 21009, 45036, 1,  2,  2,  4, 1, 1, 1, NULL)\
	INSERT INTO tbl_i18n_i18n (i18n_pref, i18n_lang, i18n_ext_pk, i18n_text) VALUES ('entd', 'es', 31514, 'Prestador')\
INSERT INTO tbl_entidad_tipo_dato_entd (entd_pk, entd_enti_pk, entd_tpdt_pk, entd_grupo, entd_fila, entd_orden, entd_span, entd_obligatorio, entd_gridable, entd_filtrable, entd_valor_defecto)
VALUES (31515, 21009, 45037, 1,  2,  3,  4, 0, 1, 1, NULL)\
	INSERT INTO tbl_i18n_i18n (i18n_pref, i18n_lang, i18n_ext_pk, i18n_text) VALUES ('entd', 'es', 31515, 'Práctico')\
INSERT INTO tbl_entidad_tipo_dato_entd (entd_pk, entd_enti_pk, entd_tpdt_pk, entd_grupo, entd_fila, entd_orden, entd_span, entd_obligatorio, entd_gridable, entd_filtrable, entd_valor_defecto)
VALUES (31516, 21009, 41040, 1,  3,  1,  1, 0, 1, 0, NULL)\
	INSERT INTO tbl_i18n_i18n (i18n_pref, i18n_lang, i18n_ext_pk, i18n_text) VALUES ('entd', 'es', 31516, 'Tarifa')\
INSERT INTO tbl_entidad_tipo_dato_entd (entd_pk, entd_enti_pk, entd_tpdt_pk, entd_grupo, entd_fila, entd_orden, entd_span, entd_obligatorio, entd_gridable, entd_filtrable, entd_valor_defecto)
VALUES (31517, 21009, 41041, 1,  3,  2,  1, 0, 1, 0, NULL)\
	INSERT INTO tbl_i18n_i18n (i18n_pref, i18n_lang, i18n_ext_pk, i18n_text) VALUES ('entd', 'es', 31517, 'Bonif.')\
INSERT INTO tbl_entidad_tipo_dato_entd (entd_pk, entd_enti_pk, entd_tpdt_pk, entd_grupo, entd_fila, entd_orden, entd_span, entd_obligatorio, entd_gridable, entd_filtrable, entd_valor_defecto)
VALUES (31518, 21009, 41042, 1,  3,  3,  1, 0, 1, 0, NULL)\
	INSERT INTO tbl_i18n_i18n (i18n_pref, i18n_lang, i18n_ext_pk, i18n_text) VALUES ('entd', 'es', 31518, 'Descuento')\
INSERT INTO tbl_entidad_tipo_dato_entd (entd_pk, entd_enti_pk, entd_tpdt_pk, entd_grupo, entd_fila, entd_orden, entd_span, entd_obligatorio, entd_gridable, entd_filtrable, entd_valor_defecto)
VALUES (31519, 21009, 41043, 1,  3,  4,  1, 0, 1, 0, NULL)\
	INSERT INTO tbl_i18n_i18n (i18n_pref, i18n_lang, i18n_ext_pk, i18n_text) VALUES ('entd', 'es', 31519, 'Recargo')\
INSERT INTO tbl_entidad_tipo_dato_entd (entd_pk, entd_enti_pk, entd_tpdt_pk, entd_grupo, entd_fila, entd_orden, entd_span, entd_obligatorio, entd_gridable, entd_filtrable, entd_valor_defecto)
VALUES (31520, 21009, 41044, 1,  3,  5,  1, 0, 1, 0, NULL)\
	INSERT INTO tbl_i18n_i18n (i18n_pref, i18n_lang, i18n_ext_pk, i18n_text) VALUES ('entd', 'es', 31520, 'Imp. Total')\



-- Asignacion de Amarres
-- Asignacion de Amarres
-- Asignacion de Amarres
INSERT INTO tbl_entidad_tipo_dato_entd (entd_pk, entd_enti_pk, entd_tpdt_pk, entd_grupo, entd_fila, entd_orden, entd_span, entd_obligatorio, entd_gridable, entd_filtrable, entd_valor_defecto)
VALUES (31530, 21010, 41000, 1,  1,  1,  2, 1, 1, 0, NULL)\
	INSERT INTO tbl_i18n_i18n (i18n_pref, i18n_lang, i18n_ext_pk, i18n_text) VALUES ('entd', 'es', 31530, 'Desautorizado con Ocup.?')\
INSERT INTO tbl_entidad_tipo_dato_entd (entd_pk, entd_enti_pk, entd_tpdt_pk, entd_grupo, entd_fila, entd_orden, entd_span, entd_obligatorio, entd_gridable, entd_filtrable, entd_valor_defecto)
VALUES (31531, 21010, 45450, 1,  1,  2,  3, 1, 1, 1, NULL)\
	INSERT INTO tbl_i18n_i18n (i18n_pref, i18n_lang, i18n_ext_pk, i18n_text) VALUES ('entd', 'es', 31531, 'Amarre')\
INSERT INTO tbl_entidad_tipo_dato_entd (entd_pk, entd_enti_pk, entd_tpdt_pk, entd_grupo, entd_fila, entd_orden, entd_span, entd_obligatorio, entd_gridable, entd_filtrable, entd_valor_defecto)
VALUES (31532, 21010, 45451, 1,  1,  3,  3, 0, 1, 1, NULL)\
	INSERT INTO tbl_i18n_i18n (i18n_pref, i18n_lang, i18n_ext_pk, i18n_text) VALUES ('entd', 'es', 31532, 'Amarre Secundario')\
INSERT INTO tbl_entidad_tipo_dato_entd (entd_pk, entd_enti_pk, entd_tpdt_pk, entd_grupo, entd_fila, entd_orden, entd_span, entd_obligatorio, entd_gridable, entd_filtrable, entd_valor_defecto)
VALUES (31533, 21010, 41120, 1,  1,  4,  2, 0, 1, 0, NULL)\
	INSERT INTO tbl_i18n_i18n (i18n_pref, i18n_lang, i18n_ext_pk, i18n_text) VALUES ('entd', 'es', 31533, 'F. Ini. Secundario')\
INSERT INTO tbl_entidad_tipo_dato_entd (entd_pk, entd_enti_pk, entd_tpdt_pk, entd_grupo, entd_fila, entd_orden, entd_span, entd_obligatorio, entd_gridable, entd_filtrable, entd_valor_defecto)
VALUES (31534, 21010, 41121, 1,  1,  5,  2, 0, 1, 0, NULL)\
	INSERT INTO tbl_i18n_i18n (i18n_pref, i18n_lang, i18n_ext_pk, i18n_text) VALUES ('entd', 'es', 31534, 'F. Fin Secundario')\
INSERT INTO tbl_entidad_tipo_dato_entd (entd_pk, entd_enti_pk, entd_tpdt_pk, entd_grupo, entd_fila, entd_orden, entd_span, entd_obligatorio, entd_gridable, entd_filtrable, entd_valor_defecto)
VALUES (31535, 21010, 45035, 1,  2,  1,  4, 0, 1, 1, NULL)\
	INSERT INTO tbl_i18n_i18n (i18n_pref, i18n_lang, i18n_ext_pk, i18n_text) VALUES ('entd', 'es', 31535, 'Cliente')\
INSERT INTO tbl_entidad_tipo_dato_entd (entd_pk, entd_enti_pk, entd_tpdt_pk, entd_grupo, entd_fila, entd_orden, entd_span, entd_obligatorio, entd_gridable, entd_filtrable, entd_valor_defecto)
VALUES (31536, 21010, 45470, 1,  2,  2,  4, 0, 1, 1, NULL)\
	INSERT INTO tbl_i18n_i18n (i18n_pref, i18n_lang, i18n_ext_pk, i18n_text) VALUES ('entd', 'es', 31536, 'Embarcación Dep.')\
INSERT INTO tbl_entidad_tipo_dato_entd (entd_pk, entd_enti_pk, entd_tpdt_pk, entd_grupo, entd_fila, entd_orden, entd_span, entd_obligatorio, entd_gridable, entd_filtrable, entd_valor_defecto)
VALUES (31537, 21010, 43000, 1,  2,  3,  1, 0, 1, 1, NULL)\
	INSERT INTO tbl_i18n_i18n (i18n_pref, i18n_lang, i18n_ext_pk, i18n_text) VALUES ('entd', 'es', 31537, 'Cód. Exen.')\
INSERT INTO tbl_entidad_tipo_dato_entd (entd_pk, entd_enti_pk, entd_tpdt_pk, entd_grupo, entd_fila, entd_orden, entd_span, entd_obligatorio, entd_gridable, entd_filtrable, entd_valor_defecto)
VALUES (31538, 21010, 45155, 1,  2,  4,  3, 0, 1, 1, NULL)\
	INSERT INTO tbl_i18n_i18n (i18n_pref, i18n_lang, i18n_ext_pk, i18n_text) VALUES ('entd', 'es', 31538, 'T. Exen.')\
INSERT INTO tbl_entidad_tipo_dato_entd (entd_pk, entd_enti_pk, entd_tpdt_pk, entd_grupo, entd_fila, entd_orden, entd_span, entd_obligatorio, entd_gridable, entd_filtrable, entd_valor_defecto)
VALUES (31539, 21010, 45036, 1,  3,  1,  4, 0, 1, 1, NULL)\
	INSERT INTO tbl_i18n_i18n (i18n_pref, i18n_lang, i18n_ext_pk, i18n_text) VALUES ('entd', 'es', 31539, 'Cliente Adic.')\
INSERT INTO tbl_entidad_tipo_dato_entd (entd_pk, entd_enti_pk, entd_tpdt_pk, entd_grupo, entd_fila, entd_orden, entd_span, entd_obligatorio, entd_gridable, entd_filtrable, entd_valor_defecto)
VALUES (31540, 21010, 41001, 1,  3,  2,  2, 0, 1, 1, NULL)\
	INSERT INTO tbl_i18n_i18n (i18n_pref, i18n_lang, i18n_ext_pk, i18n_text) VALUES ('entd', 'es', 31540, 'Suj. Pas. Sust.?')\
INSERT INTO tbl_entidad_tipo_dato_entd (entd_pk, entd_enti_pk, entd_tpdt_pk, entd_grupo, entd_fila, entd_orden, entd_span, entd_obligatorio, entd_gridable, entd_filtrable, entd_valor_defecto)
VALUES (31541, 21010, 45040, 1,  3,  3,  3, 1, 1, 1, NULL)\
	INSERT INTO tbl_i18n_i18n (i18n_pref, i18n_lang, i18n_ext_pk, i18n_text) VALUES ('entd', 'es', 31541, 'Tipo IVA')\
INSERT INTO tbl_entidad_tipo_dato_entd (entd_pk, entd_enti_pk, entd_tpdt_pk, entd_grupo, entd_fila, entd_orden, entd_span, entd_obligatorio, entd_gridable, entd_filtrable, entd_valor_defecto)
VALUES (31542, 21010, 45360, 1,  3,  4,  3, 0, 1, 1, NULL)\
	INSERT INTO tbl_i18n_i18n (i18n_pref, i18n_lang, i18n_ext_pk, i18n_text) VALUES ('entd', 'es', 31542, 'Desc. Adicional')\
INSERT INTO tbl_entidad_tipo_dato_entd (entd_pk, entd_enti_pk, entd_tpdt_pk, entd_grupo, entd_fila, entd_orden, entd_span, entd_obligatorio, entd_gridable, entd_filtrable, entd_valor_defecto)
VALUES (31543, 21010, 41080, 1,  4,  1, 12, 0, 0, 0, NULL)\
	INSERT INTO tbl_i18n_i18n (i18n_pref, i18n_lang, i18n_ext_pk, i18n_text) VALUES ('entd', 'es', 31543, 'Observaciones')\




-- TRAMITES
-- TRAMITES
-- TRAMITES
-- Manifiesto
INSERT INTO tbl_funcionalidad_fncd (fncd_pk) VALUES (46000)\
	INSERT INTO tbl_tramite_trmt (trmt_pk, trmt_enti_pk, trmt_estado_orig, trmt_estado_dest) VALUES (46000, 21002, 'S', 'B')\
		INSERT INTO tbl_i18n_i18n (i18n_pref, i18n_ext_pk, i18n_lang, i18n_text) VALUES ('trmt', 46000, 'es', 'Bloquear')\
INSERT INTO tbl_funcionalidad_fncd (fncd_pk) VALUES (46001)\
	INSERT INTO tbl_tramite_trmt (trmt_pk, trmt_enti_pk, trmt_estado_orig, trmt_estado_dest) VALUES (46001, 21002, 'I', 'B')\
		INSERT INTO tbl_i18n_i18n (i18n_pref, i18n_ext_pk, i18n_lang, i18n_text) VALUES ('trmt', 46001, 'es', 'Bloquear')\
INSERT INTO tbl_funcionalidad_fncd (fncd_pk) VALUES (46002)\
	INSERT INTO tbl_tramite_trmt (trmt_pk, trmt_enti_pk, trmt_estado_orig, trmt_estado_dest) VALUES (46002, 21002, 'C', 'B')\
		INSERT INTO tbl_i18n_i18n (i18n_pref, i18n_ext_pk, i18n_lang, i18n_text) VALUES ('trmt', 46002, 'es', 'Bloquear')\

INSERT INTO tbl_funcionalidad_fncd (fncd_pk) VALUES (46010)\
	INSERT INTO tbl_tramite_trmt (trmt_pk, trmt_enti_pk, trmt_estado_orig, trmt_estado_dest) VALUES (46010, 21002, 'I', 'C')\
		INSERT INTO tbl_i18n_i18n (i18n_pref, i18n_ext_pk, i18n_lang, i18n_text) VALUES ('trmt', 46010, 'es', 'Completar')\

INSERT INTO tbl_funcionalidad_fncd (fncd_pk) VALUES (46020)\
	INSERT INTO tbl_tramite_trmt (trmt_pk, trmt_enti_pk, trmt_estado_orig, trmt_estado_dest) VALUES (46020, 21002, 'C', 'I')\
		INSERT INTO tbl_i18n_i18n (i18n_pref, i18n_ext_pk, i18n_lang, i18n_text) VALUES ('trmt', 46020, 'es', 'Iniciar')\
INSERT INTO tbl_funcionalidad_fncd (fncd_pk) VALUES (46021)\
	INSERT INTO tbl_tramite_trmt (trmt_pk, trmt_enti_pk, trmt_estado_orig, trmt_estado_dest) VALUES (46021, 21002, 'B', 'I')\
		INSERT INTO tbl_i18n_i18n (i18n_pref, i18n_ext_pk, i18n_lang, i18n_text) VALUES ('trmt', 46021, 'es', 'Iniciar')\

INSERT INTO tbl_funcionalidad_fncd (fncd_pk) VALUES (46030)\
	INSERT INTO tbl_tramite_trmt (trmt_pk, trmt_enti_pk, trmt_estado_orig, trmt_estado_dest) VALUES (46030, 21002, 'I', 'A')\
		INSERT INTO tbl_i18n_i18n (i18n_pref, i18n_ext_pk, i18n_lang, i18n_text) VALUES ('trmt', 46030, 'es', 'Anular')\
INSERT INTO tbl_funcionalidad_fncd (fncd_pk) VALUES (46031)\
	INSERT INTO tbl_tramite_trmt (trmt_pk, trmt_enti_pk, trmt_estado_orig, trmt_estado_dest) VALUES (46031, 21002, 'S', 'A')\
		INSERT INTO tbl_i18n_i18n (i18n_pref, i18n_ext_pk, i18n_lang, i18n_text) VALUES ('trmt', 46031, 'es', 'Anular')\
INSERT INTO tbl_funcionalidad_fncd (fncd_pk) VALUES (46032)\
	INSERT INTO tbl_tramite_trmt (trmt_pk, trmt_enti_pk, trmt_estado_orig, trmt_estado_dest) VALUES (46032, 21002, 'C', 'A')\
		INSERT INTO tbl_i18n_i18n (i18n_pref, i18n_ext_pk, i18n_lang, i18n_text) VALUES ('trmt', 46032, 'es', 'Anular')\

-- BL
INSERT INTO tbl_funcionalidad_fncd (fncd_pk) VALUES (46040)\
	INSERT INTO tbl_tramite_trmt (trmt_pk, trmt_enti_pk, trmt_estado_orig, trmt_estado_dest) VALUES (46040, 22003, 'S', 'B')\
		INSERT INTO tbl_i18n_i18n (i18n_pref, i18n_ext_pk, i18n_lang, i18n_text) VALUES ('trmt', 46040, 'es', 'Bloquear')\
INSERT INTO tbl_funcionalidad_fncd (fncd_pk) VALUES (46041)\
	INSERT INTO tbl_tramite_trmt (trmt_pk, trmt_enti_pk, trmt_estado_orig, trmt_estado_dest) VALUES (46041, 22003, 'I', 'B')\
		INSERT INTO tbl_i18n_i18n (i18n_pref, i18n_ext_pk, i18n_lang, i18n_text) VALUES ('trmt', 46041, 'es', 'Bloquear')\
INSERT INTO tbl_funcionalidad_fncd (fncd_pk) VALUES (46042)\
	INSERT INTO tbl_tramite_trmt (trmt_pk, trmt_enti_pk, trmt_estado_orig, trmt_estado_dest) VALUES (46042, 22003, 'C', 'B')\
		INSERT INTO tbl_i18n_i18n (i18n_pref, i18n_ext_pk, i18n_lang, i18n_text) VALUES ('trmt', 46042, 'es', 'Bloquear')\

INSERT INTO tbl_funcionalidad_fncd (fncd_pk) VALUES (46050)\
	INSERT INTO tbl_tramite_trmt (trmt_pk, trmt_enti_pk, trmt_estado_orig, trmt_estado_dest) VALUES (46050, 22003, 'I', 'C')\
		INSERT INTO tbl_i18n_i18n (i18n_pref, i18n_ext_pk, i18n_lang, i18n_text) VALUES ('trmt', 46050, 'es', 'Completar')\

INSERT INTO tbl_funcionalidad_fncd (fncd_pk) VALUES (46060)\
	INSERT INTO tbl_tramite_trmt (trmt_pk, trmt_enti_pk, trmt_estado_orig, trmt_estado_dest) VALUES (46060, 22003, 'C', 'I')\
		INSERT INTO tbl_i18n_i18n (i18n_pref, i18n_ext_pk, i18n_lang, i18n_text) VALUES ('trmt', 46060, 'es', 'Iniciar')\
INSERT INTO tbl_funcionalidad_fncd (fncd_pk) VALUES (46061)\
	INSERT INTO tbl_tramite_trmt (trmt_pk, trmt_enti_pk, trmt_estado_orig, trmt_estado_dest) VALUES (46061, 22003, 'B', 'I')\
		INSERT INTO tbl_i18n_i18n (i18n_pref, i18n_ext_pk, i18n_lang, i18n_text) VALUES ('trmt', 46061, 'es', 'Iniciar')\

INSERT INTO tbl_funcionalidad_fncd (fncd_pk) VALUES (46070)\
	INSERT INTO tbl_tramite_trmt (trmt_pk, trmt_enti_pk, trmt_estado_orig, trmt_estado_dest) VALUES (46070, 22003, 'I', 'A')\
		INSERT INTO tbl_i18n_i18n (i18n_pref, i18n_ext_pk, i18n_lang, i18n_text) VALUES ('trmt', 46070, 'es', 'Anular')\
INSERT INTO tbl_funcionalidad_fncd (fncd_pk) VALUES (46071)\
	INSERT INTO tbl_tramite_trmt (trmt_pk, trmt_enti_pk, trmt_estado_orig, trmt_estado_dest) VALUES (46071, 22003, 'S', 'A')\
		INSERT INTO tbl_i18n_i18n (i18n_pref, i18n_ext_pk, i18n_lang, i18n_text) VALUES ('trmt', 46071, 'es', 'Anular')\
INSERT INTO tbl_funcionalidad_fncd (fncd_pk) VALUES (46072)\
	INSERT INTO tbl_tramite_trmt (trmt_pk, trmt_enti_pk, trmt_estado_orig, trmt_estado_dest) VALUES (46072, 22003, 'C', 'A')\
		INSERT INTO tbl_i18n_i18n (i18n_pref, i18n_ext_pk, i18n_lang, i18n_text) VALUES ('trmt', 46072, 'es', 'Anular')\

-- Partida
INSERT INTO tbl_funcionalidad_fncd (fncd_pk) VALUES (46080)\
	INSERT INTO tbl_tramite_trmt (trmt_pk, trmt_enti_pk, trmt_estado_orig, trmt_estado_dest) VALUES (46080, 22004, 'R', 'B')\
		INSERT INTO tbl_i18n_i18n (i18n_pref, i18n_ext_pk, i18n_lang, i18n_text) VALUES ('trmt', 46080, 'es', 'Bloquear')\

INSERT INTO tbl_funcionalidad_fncd (fncd_pk) VALUES (46090)\
	INSERT INTO tbl_tramite_trmt (trmt_pk, trmt_enti_pk, trmt_estado_orig, trmt_estado_dest) VALUES (46090, 22004, 'B', 'R')\
		INSERT INTO tbl_i18n_i18n (i18n_pref, i18n_ext_pk, i18n_lang, i18n_text) VALUES ('trmt', 46090, 'es', 'Iniciar')\

INSERT INTO tbl_funcionalidad_fncd (fncd_pk) VALUES (46100)\
	INSERT INTO tbl_tramite_trmt (trmt_pk, trmt_enti_pk, trmt_estado_orig, trmt_estado_dest) VALUES (46100, 22004, 'R', 'A')\
		INSERT INTO tbl_i18n_i18n (i18n_pref, i18n_ext_pk, i18n_lang, i18n_text) VALUES ('trmt', 46100, 'es', 'Anular')\

-- Equipamiento
INSERT INTO tbl_funcionalidad_fncd (fncd_pk) VALUES (46110)\
	INSERT INTO tbl_tramite_trmt (trmt_pk, trmt_enti_pk, trmt_estado_orig, trmt_estado_dest) VALUES (46110, 22005, 'R', 'B')\
		INSERT INTO tbl_i18n_i18n (i18n_pref, i18n_ext_pk, i18n_lang, i18n_text) VALUES ('trmt', 46110, 'es', 'Bloquear')\

INSERT INTO tbl_funcionalidad_fncd (fncd_pk) VALUES (46120)\
	INSERT INTO tbl_tramite_trmt (trmt_pk, trmt_enti_pk, trmt_estado_orig, trmt_estado_dest) VALUES (46120, 22005, 'B', 'R')\
		INSERT INTO tbl_i18n_i18n (i18n_pref, i18n_ext_pk, i18n_lang, i18n_text) VALUES ('trmt', 46120, 'es', 'Iniciar')\

INSERT INTO tbl_funcionalidad_fncd (fncd_pk) VALUES (46130)\
	INSERT INTO tbl_tramite_trmt (trmt_pk, trmt_enti_pk, trmt_estado_orig, trmt_estado_dest) VALUES (46130, 22005, 'R', 'A')\
		INSERT INTO tbl_i18n_i18n (i18n_pref, i18n_ext_pk, i18n_lang, i18n_text) VALUES ('trmt', 46130, 'es', 'Anular')\

-- Atraque 22011
INSERT INTO tbl_funcionalidad_fncd (fncd_pk) VALUES (46140)\
	INSERT INTO tbl_tramite_trmt (trmt_pk, trmt_enti_pk, trmt_estado_orig, trmt_estado_dest) VALUES (46140, 22011, 'S', 'C')\
		INSERT INTO tbl_i18n_i18n (i18n_pref, i18n_ext_pk, i18n_lang, i18n_text) VALUES ('trmt', 46140, 'es', 'Autorizar')\
		INSERT INTO tbl_tramite_tipo_dato_trtd (trtd_trmt_pk, trtd_tpdt_pk, trtd_obligatorio) VALUES (46140, 41040, 1)\
		INSERT INTO tbl_tramite_tipo_dato_trtd (trtd_trmt_pk, trtd_tpdt_pk, trtd_obligatorio) VALUES (46140, 41041, 1)\
		INSERT INTO tbl_tramite_tipo_dato_trtd (trtd_trmt_pk, trtd_tpdt_pk, trtd_obligatorio) VALUES (46140, 45180, 1)\
		INSERT INTO tbl_tramite_tipo_dato_trtd (trtd_trmt_pk, trtd_tpdt_pk, trtd_obligatorio) VALUES (46140, 45380, 1)\
		INSERT INTO tbl_tramite_tipo_dato_trtd (trtd_trmt_pk, trtd_tpdt_pk, trtd_obligatorio) VALUES (46140, 43120, 1)\
		INSERT INTO tbl_tramite_tipo_dato_trtd (trtd_trmt_pk, trtd_tpdt_pk, trtd_obligatorio) VALUES (46140, 41042, 1)\
		INSERT INTO tbl_tramite_tipo_dato_trtd (trtd_trmt_pk, trtd_tpdt_pk, trtd_obligatorio) VALUES (46140, 41043, 1)\
		INSERT INTO tbl_tramite_tipo_dato_trtd (trtd_trmt_pk, trtd_tpdt_pk, trtd_obligatorio) VALUES (46140, 45000, 1)\
		INSERT INTO tbl_tramite_tipo_dato_trtd (trtd_trmt_pk, trtd_tpdt_pk, trtd_obligatorio) VALUES (46140, 41100, 1)\
		INSERT INTO tbl_tramite_tipo_dato_trtd (trtd_trmt_pk, trtd_tpdt_pk, trtd_obligatorio) VALUES (46140, 41080, 0)\
INSERT INTO tbl_funcionalidad_fncd (fncd_pk) VALUES (46141)\
	INSERT INTO tbl_tramite_trmt (trmt_pk, trmt_enti_pk, trmt_estado_orig, trmt_estado_dest) VALUES (46141, 22011, 'D', 'C')\
		INSERT INTO tbl_i18n_i18n (i18n_pref, i18n_ext_pk, i18n_lang, i18n_text) VALUES ('trmt', 46141, 'es', 'Autorizar')\
		INSERT INTO tbl_tramite_tipo_dato_trtd (trtd_trmt_pk, trtd_tpdt_pk, trtd_obligatorio) VALUES (46141, 41040, 1)\
		INSERT INTO tbl_tramite_tipo_dato_trtd (trtd_trmt_pk, trtd_tpdt_pk, trtd_obligatorio) VALUES (46141, 41041, 1)\
		INSERT INTO tbl_tramite_tipo_dato_trtd (trtd_trmt_pk, trtd_tpdt_pk, trtd_obligatorio) VALUES (46141, 45180, 1)\
		INSERT INTO tbl_tramite_tipo_dato_trtd (trtd_trmt_pk, trtd_tpdt_pk, trtd_obligatorio) VALUES (46141, 45380, 1)\
		INSERT INTO tbl_tramite_tipo_dato_trtd (trtd_trmt_pk, trtd_tpdt_pk, trtd_obligatorio) VALUES (46141, 43120, 1)\
		INSERT INTO tbl_tramite_tipo_dato_trtd (trtd_trmt_pk, trtd_tpdt_pk, trtd_obligatorio) VALUES (46141, 41042, 1)\
		INSERT INTO tbl_tramite_tipo_dato_trtd (trtd_trmt_pk, trtd_tpdt_pk, trtd_obligatorio) VALUES (46141, 41043, 1)\
		INSERT INTO tbl_tramite_tipo_dato_trtd (trtd_trmt_pk, trtd_tpdt_pk, trtd_obligatorio) VALUES (46141, 45000, 1)\
		INSERT INTO tbl_tramite_tipo_dato_trtd (trtd_trmt_pk, trtd_tpdt_pk, trtd_obligatorio) VALUES (46141, 41100, 1)\
		INSERT INTO tbl_tramite_tipo_dato_trtd (trtd_trmt_pk, trtd_tpdt_pk, trtd_obligatorio) VALUES (46141, 41080, 0)\

INSERT INTO tbl_funcionalidad_fncd (fncd_pk) VALUES (46150)\
	INSERT INTO tbl_tramite_trmt (trmt_pk, trmt_enti_pk, trmt_estado_orig, trmt_estado_dest) VALUES (46150, 22011, 'S', 'D')\
		INSERT INTO tbl_i18n_i18n (i18n_pref, i18n_ext_pk, i18n_lang, i18n_text) VALUES ('trmt', 46150, 'es', 'Denegar')\
		INSERT INTO tbl_tramite_tipo_dato_trtd (trtd_trmt_pk, trtd_tpdt_pk, trtd_obligatorio) VALUES (46150, 41080, 0)\
INSERT INTO tbl_funcionalidad_fncd (fncd_pk) VALUES (46151)\
	INSERT INTO tbl_tramite_trmt (trmt_pk, trmt_enti_pk, trmt_estado_orig, trmt_estado_dest) VALUES (46151, 22011, 'C', 'D')\
		INSERT INTO tbl_i18n_i18n (i18n_pref, i18n_ext_pk, i18n_lang, i18n_text) VALUES ('trmt', 46151, 'es', 'Denegar')\
		INSERT INTO tbl_tramite_tipo_dato_trtd (trtd_trmt_pk, trtd_tpdt_pk, trtd_obligatorio) VALUES (46151, 41080, 0)\

INSERT INTO tbl_funcionalidad_fncd (fncd_pk) VALUES (46160)\
	INSERT INTO tbl_tramite_trmt (trmt_pk, trmt_enti_pk, trmt_estado_orig, trmt_estado_dest) VALUES (46160, 22011, 'S', 'A')\
		INSERT INTO tbl_i18n_i18n (i18n_pref, i18n_ext_pk, i18n_lang, i18n_text) VALUES ('trmt', 46160, 'es', 'Anular')\
INSERT INTO tbl_funcionalidad_fncd (fncd_pk) VALUES (46161)\
	INSERT INTO tbl_tramite_trmt (trmt_pk, trmt_enti_pk, trmt_estado_orig, trmt_estado_dest) VALUES (46161, 22011, 'C', 'A')\
		INSERT INTO tbl_i18n_i18n (i18n_pref, i18n_ext_pk, i18n_lang, i18n_text) VALUES ('trmt', 46161, 'es', 'Anular')\

INSERT INTO tbl_funcionalidad_fncd (fncd_pk) VALUES (46170)\
	INSERT INTO tbl_tramite_trmt (trmt_pk, trmt_enti_pk, trmt_estado_orig, trmt_estado_dest) VALUES (46170, 22011, 'C', 'I')\
		INSERT INTO tbl_i18n_i18n (i18n_pref, i18n_ext_pk, i18n_lang, i18n_text) VALUES ('trmt', 46170, 'es', 'Iniciar')\
		INSERT INTO tbl_tramite_tipo_dato_trtd (trtd_trmt_pk, trtd_tpdt_pk, trtd_obligatorio) VALUES (46170, 41040, 1)\
		INSERT INTO tbl_tramite_tipo_dato_trtd (trtd_trmt_pk, trtd_tpdt_pk, trtd_obligatorio) VALUES (46170, 41041, 1)\
		INSERT INTO tbl_tramite_tipo_dato_trtd (trtd_trmt_pk, trtd_tpdt_pk, trtd_obligatorio) VALUES (46170, 45180, 1)\
		INSERT INTO tbl_tramite_tipo_dato_trtd (trtd_trmt_pk, trtd_tpdt_pk, trtd_obligatorio) VALUES (46170, 45380, 1)\
		INSERT INTO tbl_tramite_tipo_dato_trtd (trtd_trmt_pk, trtd_tpdt_pk, trtd_obligatorio) VALUES (46170, 43120, 1)\
		INSERT INTO tbl_tramite_tipo_dato_trtd (trtd_trmt_pk, trtd_tpdt_pk, trtd_obligatorio) VALUES (46170, 41042, 1)\
		INSERT INTO tbl_tramite_tipo_dato_trtd (trtd_trmt_pk, trtd_tpdt_pk, trtd_obligatorio) VALUES (46170, 41043, 1)\
		INSERT INTO tbl_tramite_tipo_dato_trtd (trtd_trmt_pk, trtd_tpdt_pk, trtd_obligatorio) VALUES (46170, 45000, 1)\

INSERT INTO tbl_funcionalidad_fncd (fncd_pk) VALUES (46180)\
	INSERT INTO tbl_tramite_trmt (trmt_pk, trmt_enti_pk, trmt_estado_orig, trmt_estado_dest) VALUES (46180, 22011, 'I', 'F')\
		INSERT INTO tbl_i18n_i18n (i18n_pref, i18n_ext_pk, i18n_lang, i18n_text) VALUES ('trmt', 46180, 'es', 'Finalizar')\
		INSERT INTO tbl_tramite_tipo_dato_trtd (trtd_trmt_pk, trtd_tpdt_pk, trtd_obligatorio) VALUES (46180, 41100, 1)\

INSERT INTO tbl_funcionalidad_fncd (fncd_pk) VALUES (46190)\
	INSERT INTO tbl_tramite_trmt (trmt_pk, trmt_enti_pk, trmt_estado_orig, trmt_estado_dest) VALUES (46190, 22011, 'C', 'S')\
		INSERT INTO tbl_i18n_i18n (i18n_pref, i18n_ext_pk, i18n_lang, i18n_text) VALUES ('trmt', 46190, 'es', 'Des. Estado')\
INSERT INTO tbl_funcionalidad_fncd (fncd_pk) VALUES (46191)\
	INSERT INTO tbl_tramite_trmt (trmt_pk, trmt_enti_pk, trmt_estado_orig, trmt_estado_dest) VALUES (46191, 22011, 'I', 'C')\
		INSERT INTO tbl_i18n_i18n (i18n_pref, i18n_ext_pk, i18n_lang, i18n_text) VALUES ('trmt', 46191, 'es', 'Des. Estado')\
INSERT INTO tbl_funcionalidad_fncd (fncd_pk) VALUES (46192)\
	INSERT INTO tbl_tramite_trmt (trmt_pk, trmt_enti_pk, trmt_estado_orig, trmt_estado_dest) VALUES (46192, 22011, 'F', 'I')\
		INSERT INTO tbl_i18n_i18n (i18n_pref, i18n_ext_pk, i18n_lang, i18n_text) VALUES ('trmt', 46192, 'es', 'Des. Estado')\
INSERT INTO tbl_funcionalidad_fncd (fncd_pk) VALUES (46193)\
	INSERT INTO tbl_tramite_trmt (trmt_pk, trmt_enti_pk, trmt_estado_orig, trmt_estado_dest) VALUES (46193, 22011, 'D', 'S')\
		INSERT INTO tbl_i18n_i18n (i18n_pref, i18n_ext_pk, i18n_lang, i18n_text) VALUES ('trmt', 46193, 'es', 'Des. Estado')\
INSERT INTO tbl_funcionalidad_fncd (fncd_pk) VALUES (46194)\
	INSERT INTO tbl_tramite_trmt (trmt_pk, trmt_enti_pk, trmt_estado_orig, trmt_estado_dest) VALUES (46194, 22011, 'A', 'S')\
		INSERT INTO tbl_i18n_i18n (i18n_pref, i18n_ext_pk, i18n_lang, i18n_text) VALUES ('trmt', 46194, 'es', 'Des. Estado')\


-- //@UNDO
-- SQL to undo the change goes here.
